======================================================================= 
 BACKTOG v013 AUDIT LOG 
 Started : 2026-10-04 21:03:35 
 Project : acttechnical 
 Host    : DESKTOP-QQLJFST / DannyGeminiAnti 
 Source  : C:\Users\DannyGeminiAnti\Documents\acttechnical Work\. 
 Dest    : G:\My Drive\apps\acttechnical 
 Anti Src: C:\Users\DannyGeminiAnti\.gemini\antigravity 
 Anti Dst: G:\My Drive\apps\cdrive_work_files\DESKTOP-QQLJFST_DannyGeminiAnti\AppData_Antigravity 
 Log     : C:\Users\DannyGeminiAnti\Documents\acttechnical Work\Staging_Sync_Back_2026-10-04_210335.log 
======================================================================= 
 
[2026-10-04 21:03:35] STEP 1/3: Syncing project acttechnical 

-------------------------------------------------------------------------------
   ROBOCOPY     ::     Robust File Copy for Windows                              
-------------------------------------------------------------------------------

  Started : October 4, 2026 9:03:53 PM
   Source : C:\Users\DannyGeminiAnti\Documents\acttechnical Work\
     Dest = G:\My Drive\apps\acttechnical\

    Files : *.*
	    
 Exc Dirs : node_modules
	    scratch
	    .git
	    build
	    dist
	    
  Options : *.* /TEE /S /E /DCOPY:DA /COPY:DAT /NP /R:3 /W:5 

------------------------------------------------------------------------------

	                   5	C:\Users\DannyGeminiAnti\Documents\acttechnical Work\
	  *EXTRA File 		  648948	Audit_2026-10-03_233910.log
	  *EXTRA File 		   15956	brain.py
	  *EXTRA File 		    8669	new_app_standards.md
	  *EXTRA File 		   16384	project_brain.db
	  *EXTRA File 		   43004	Staging_Sync_Back_2026-10-03_233731.log
	  *EXTRA File 		    1713	Staging_Sync_Back_2026-10-03_233802.log
	    Newer     		   9.8 m	acttechnical_deploy.zip
	    New File  		     721	Staging_Sync_Back_2026-10-04_210335.log
	                   2	C:\Users\DannyGeminiAnti\Documents\acttechnical Work\.agent\
	                   0	C:\Users\DannyGeminiAnti\Documents\acttechnical Work\assets\
	                   0	C:\Users\DannyGeminiAnti\Documents\acttechnical Work\assets\bootstrap\
	                   1	C:\Users\DannyGeminiAnti\Documents\acttechnical Work\assets\bootstrap\css\
	                   0	C:\Users\DannyGeminiAnti\Documents\acttechnical Work\assets\dropdown\
	                   1	C:\Users\DannyGeminiAnti\Documents\acttechnical Work\assets\dropdown\css\
	                   1	C:\Users\DannyGeminiAnti\Documents\acttechnical Work\assets\dropdown\js\
	                  12	C:\Users\DannyGeminiAnti\Documents\acttechnical Work\assets\images\
	                   0	C:\Users\DannyGeminiAnti\Documents\acttechnical Work\assets\mobirise\
	                   1	C:\Users\DannyGeminiAnti\Documents\acttechnical Work\assets\mobirise\css\
	                   0	C:\Users\DannyGeminiAnti\Documents\acttechnical Work\assets\socicon\
	                   1	C:\Users\DannyGeminiAnti\Documents\acttechnical Work\assets\socicon\css\
	                   1	C:\Users\DannyGeminiAnti\Documents\acttechnical Work\assets\tether\
	                   0	C:\Users\DannyGeminiAnti\Documents\acttechnical Work\assets\web\
	                   0	C:\Users\DannyGeminiAnti\Documents\acttechnical Work\assets\web\assets\
	                   1	C:\Users\DannyGeminiAnti\Documents\acttechnical Work\assets\web\assets\mobirise-icons\
	                   3	C:\Users\DannyGeminiAnti\Documents\acttechnical Work\color\
	                   8	C:\Users\DannyGeminiAnti\Documents\acttechnical Work\color\assets\
	                   1	C:\Users\DannyGeminiAnti\Documents\acttechnical Work\css\
	                   3	C:\Users\DannyGeminiAnti\Documents\acttechnical Work\fna\
	    Newer     		    2160	index.html
	                   7	C:\Users\DannyGeminiAnti\Documents\acttechnical Work\fna\assets\
	  *EXTRA File 		  820215	index-DIjfYs8E.js
	  *EXTRA File 		   90289	index-DlYRv1Kt.css
	    New File  		   89318	index-Dd0mRiP1.css
	    New File  		  829067	index-DLpnczDa.js
	                   3	C:\Users\DannyGeminiAnti\Documents\acttechnical Work\images\
	                   6	C:\Users\DannyGeminiAnti\Documents\acttechnical Work\js\
	                  10	C:\Users\DannyGeminiAnti\Documents\acttechnical Work\_archive\
	    New File  		   43004	Staging_Sync_Back_2026-10-03_233731.log
	    New File  		  648948	Staging_Sync_Back_2026-10-03_233802.log
	                   4	C:\Users\DannyGeminiAnti\Documents\acttechnical Work\_archive\history\
	                  24	C:\Users\DannyGeminiAnti\Documents\acttechnical Work\_archive\results\
	                   4	C:\Users\DannyGeminiAnti\Documents\acttechnical Work\_archive\results\v1_021_AUDIT_READY\
	                   1	C:\Users\DannyGeminiAnti\Documents\acttechnical Work\_archive\results\v1_021_AUDIT_READY\css\
	                   1	C:\Users\DannyGeminiAnti\Documents\acttechnical Work\_archive\results\v1_021_AUDIT_READY\images\
	                   5	C:\Users\DannyGeminiAnti\Documents\acttechnical Work\_archive\results\v1_021_AUDIT_READY\js\
	                   0	C:\Users\DannyGeminiAnti\Documents\acttechnical Work\_archive\results\versions\
	                   1	C:\Users\DannyGeminiAnti\Documents\acttechnical Work\_archive\results\versions\v1_003\
	                   3	C:\Users\DannyGeminiAnti\Documents\acttechnical Work\_archive\results\versions\v1_004\
	                   3	C:\Users\DannyGeminiAnti\Documents\acttechnical Work\_archive\results\versions\v1_006\
	                   2	C:\Users\DannyGeminiAnti\Documents\acttechnical Work\_archive\results\versions\v1_007\
	                   2	C:\Users\DannyGeminiAnti\Documents\acttechnical Work\_archive\results\versions\v1_016_DEPLOY\
	                   1	C:\Users\DannyGeminiAnti\Documents\acttechnical Work\_archive\results\versions\v1_016_DEPLOY\css\
	                   1	C:\Users\DannyGeminiAnti\Documents\acttechnical Work\_archive\results\versions\v1_016_DEPLOY\images\
	                   3	C:\Users\DannyGeminiAnti\Documents\acttechnical Work\_archive\results\versions\v1_016_DEPLOY\js\
	                   3	C:\Users\DannyGeminiAnti\Documents\acttechnical Work\_archive\results\versions\v1_017_FINAL_SECURITY\
	                   1	C:\Users\DannyGeminiAnti\Documents\acttechnical Work\_archive\results\versions\v1_017_FINAL_SECURITY\css\
	                   1	C:\Users\DannyGeminiAnti\Documents\acttechnical Work\_archive\results\versions\v1_017_FINAL_SECURITY\images\
	                   5	C:\Users\DannyGeminiAnti\Documents\acttechnical Work\_archive\results\versions\v1_017_FINAL_SECURITY\js\
	                   3	C:\Users\DannyGeminiAnti\Documents\acttechnical Work\_archive\results\versions\v1_018_LIVE_READY\
	                   1	C:\Users\DannyGeminiAnti\Documents\acttechnical Work\_archive\results\versions\v1_018_LIVE_READY\css\
	                   1	C:\Users\DannyGeminiAnti\Documents\acttechnical Work\_archive\results\versions\v1_018_LIVE_READY\images\
	                   4	C:\Users\DannyGeminiAnti\Documents\acttechnical Work\_archive\results\versions\v1_018_LIVE_READY\js\
	                   3	C:\Users\DannyGeminiAnti\Documents\acttechnical Work\_archive\results\versions\v1_019_PIVOT_SKY\
	                   1	C:\Users\DannyGeminiAnti\Documents\acttechnical Work\_archive\results\versions\v1_019_PIVOT_SKY\css\
	                   1	C:\Users\DannyGeminiAnti\Documents\acttechnical Work\_archive\results\versions\v1_019_PIVOT_SKY\images\
	                   4	C:\Users\DannyGeminiAnti\Documents\acttechnical Work\_archive\results\versions\v1_019_PIVOT_SKY\js\
	                   3	C:\Users\DannyGeminiAnti\Documents\acttechnical Work\_archive\results\versions\v1_020_ZENITH_FINAL\
	                   1	C:\Users\DannyGeminiAnti\Documents\acttechnical Work\_archive\results\versions\v1_020_ZENITH_FINAL\css\
	                   1	C:\Users\DannyGeminiAnti\Documents\acttechnical Work\_archive\results\versions\v1_020_ZENITH_FINAL\images\
	                   5	C:\Users\DannyGeminiAnti\Documents\acttechnical Work\_archive\results\versions\v1_020_ZENITH_FINAL\js\
	                   3	C:\Users\DannyGeminiAnti\Documents\acttechnical Work\_archive\results\versions\v1_021_PRE_PORTAL\
	                   0	C:\Users\DannyGeminiAnti\Documents\acttechnical Work\_archive\results\versions\v1_021_PRE_PORTAL\assets\
	                   0	C:\Users\DannyGeminiAnti\Documents\acttechnical Work\_archive\results\versions\v1_021_PRE_PORTAL\assets\bootstrap\
	                   1	C:\Users\DannyGeminiAnti\Documents\acttechnical Work\_archive\results\versions\v1_021_PRE_PORTAL\assets\bootstrap\css\
	                   0	C:\Users\DannyGeminiAnti\Documents\acttechnical Work\_archive\results\versions\v1_021_PRE_PORTAL\assets\dropdown\
	                   1	C:\Users\DannyGeminiAnti\Documents\acttechnical Work\_archive\results\versions\v1_021_PRE_PORTAL\assets\dropdown\css\
	                   1	C:\Users\DannyGeminiAnti\Documents\acttechnical Work\_archive\results\versions\v1_021_PRE_PORTAL\assets\dropdown\js\
	                  12	C:\Users\DannyGeminiAnti\Documents\acttechnical Work\_archive\results\versions\v1_021_PRE_PORTAL\assets\images\
	                   0	C:\Users\DannyGeminiAnti\Documents\acttechnical Work\_archive\results\versions\v1_021_PRE_PORTAL\assets\mobirise\
	                   1	C:\Users\DannyGeminiAnti\Documents\acttechnical Work\_archive\results\versions\v1_021_PRE_PORTAL\assets\mobirise\css\
	                   0	C:\Users\DannyGeminiAnti\Documents\acttechnical Work\_archive\results\versions\v1_021_PRE_PORTAL\assets\socicon\
	                   1	C:\Users\DannyGeminiAnti\Documents\acttechnical Work\_archive\results\versions\v1_021_PRE_PORTAL\assets\socicon\css\
	                   1	C:\Users\DannyGeminiAnti\Documents\acttechnical Work\_archive\results\versions\v1_021_PRE_PORTAL\assets\tether\
	                   0	C:\Users\DannyGeminiAnti\Documents\acttechnical Work\_archive\results\versions\v1_021_PRE_PORTAL\assets\web\
	                   0	C:\Users\DannyGeminiAnti\Documents\acttechnical Work\_archive\results\versions\v1_021_PRE_PORTAL\assets\web\assets\
	                   1	C:\Users\DannyGeminiAnti\Documents\acttechnical Work\_archive\results\versions\v1_021_PRE_PORTAL\assets\web\assets\mobirise-icons\
	                   1	C:\Users\DannyGeminiAnti\Documents\acttechnical Work\_archive\results\versions\v1_021_PRE_PORTAL\css\
	                   1	C:\Users\DannyGeminiAnti\Documents\acttechnical Work\_archive\results\versions\v1_021_PRE_PORTAL\images\
	                   5	C:\Users\DannyGeminiAnti\Documents\acttechnical Work\_archive\results\versions\v1_021_PRE_PORTAL\js\
	                   1	C:\Users\DannyGeminiAnti\Documents\acttechnical Work\_archive\results\versions\v1_022_PRE_BACK_LINK\
	                   4	C:\Users\DannyGeminiAnti\Documents\acttechnical Work\_archive\results\versions\v1_022_PRE_BACK_LINK\sample\
	                   1	C:\Users\DannyGeminiAnti\Documents\acttechnical Work\_archive\results\versions\v1_022_PRE_FOOTER_FIX\
	                   4	C:\Users\DannyGeminiAnti\Documents\acttechnical Work\_archive\results\versions\v1_022_PRE_FOOTER_FIX\sample\
	                   2	C:\Users\DannyGeminiAnti\Documents\acttechnical Work\_archive\unused\

------------------------------------------------------------------------------

               Total    Copied   Skipped  Mismatch    FAILED    Extras
    Dirs :        81         0        81         0         0         0
   Files :       201         7       194         0         0         8
   Bytes :   23.33 m   11.39 m   11.93 m         0         0    1.56 m
   Times :   0:00:04   0:00:03                       0:00:00   0:00:00


   Speed :             3340637 Bytes/sec.
   Speed :             191.152 MegaBytes/min.
   Ended : October 4, 2026 9:03:57 PM

[2026-10-04 21:03:35] STEP 2/3: Syncing _App_System 

-------------------------------------------------------------------------------
   ROBOCOPY     ::     Robust File Copy for Windows                              
-------------------------------------------------------------------------------

  Started : October 4, 2026 9:03:57 PM
   Source : C:\Users\DannyGeminiAnti\Documents\_App_System\
     Dest = G:\My Drive\apps\_App_System\

    Files : *.*
	    
 Exc Dirs : node_modules
	    scratch
	    .git
	    build
	    dist
	    
  Options : *.* /TEE /S /E /DCOPY:DA /COPY:DAT /NP /R:3 /W:5 

------------------------------------------------------------------------------

	                  21	C:\Users\DannyGeminiAnti\Documents\_App_System\
	*EXTRA Dir        -1	G:\My Drive\apps\_App_System\Antigravity_Brain_Backup\
	  *EXTRA File 		  297932	Audit_2026-06-14_010538.log
	  *EXTRA File 		     250	Build_Authorization_DESKTOP-31FKBOB_2026-04-08_14-25-34.txt
	    Newer     		    2549	instructions.start
	                   1	C:\Users\DannyGeminiAnti\Documents\_App_System\MacMiniMonitor\
	                  41	C:\Users\DannyGeminiAnti\Documents\_App_System\results\
	*EXTRA Dir        -1	G:\My Drive\apps\_App_System\results\revisions\
	  *EXTRA File 		   34260	Audit_2026-05-25_012057.log
	  *EXTRA File 		    1770	BACKTOG.bat.bak
	  *EXTRA File 		    7166	Sync_Back_2026-05-07_011346.log
	  *EXTRA File 		  225238	Sync_Back_2026-06-12_235002.log
	  *EXTRA File 		  877415	Sync_Back_2026-06-12_235406.log
	  *EXTRA File 		    1469	TOLOCAL.bat.bak
	                  22	C:\Users\DannyGeminiAnti\Documents\_App_System\results\versions\

------------------------------------------------------------------------------

               Total    Copied   Skipped  Mismatch    FAILED    Extras
    Dirs :         4         0         4         0         0         2
   Files :        85         1        84         0         0         8
   Bytes :   21.15 m     2.4 k   21.15 m         0         0    1.37 m
   Times :   0:00:00   0:00:00                       0:00:00   0:00:00


   Speed :               55413 Bytes/sec.
   Speed :               3.170 MegaBytes/min.
   Ended : October 4, 2026 9:03:57 PM

[2026-10-04 21:03:35] STEP 3/3: Syncing Antigravity AppData 

-------------------------------------------------------------------------------
   ROBOCOPY     ::     Robust File Copy for Windows                              
-------------------------------------------------------------------------------

  Started : October 4, 2026 9:03:57 PM
   Source : C:\Users\DannyGeminiAnti\.gemini\antigravity\
     Dest = G:\My Drive\apps\cdrive_work_files\DESKTOP-QQLJFST_DannyGeminiAnti\AppData_Antigravity\

    Files : *.*
	    
 Exc Dirs : tasks
	    scratch
	    node_modules
	    
  Options : *.* /TEE /S /E /DCOPY:DA /COPY:DAT /NP /R:3 /W:5 

------------------------------------------------------------------------------

	                   6	C:\Users\DannyGeminiAnti\.gemini\antigravity\
	    Newer     		    4376	agyhub_summaries_proto.pb
	    Newer     		    1046	antigravity_state.pbtxt
	    Newer     		   32768	conversation_summaries.db
	    Newer     		   32768	conversation_summaries.db-shm
	    Newer     		      32	conversation_summaries.db-wal
	                  16	C:\Users\DannyGeminiAnti\.gemini\antigravity\annotations\
	    Newer     		      92	13d289c7-8aca-4523-9e85-52f4f3632356.pbtxt
	    New File  		     108	9596722f-af4b-477c-8b63-1fb43e7607e3.pbtxt
	    Newer     		      91	dbc863f5-3420-43f7-8599-9356b258e609.pbtxt
	    New File  		      94	f91dc735-4cf1-4996-83ab-777b1642a95d.pbtxt
	                   2	C:\Users\DannyGeminiAnti\.gemini\antigravity\bin\
	    Newer     		     118	agentapi.bat
	                   0	C:\Users\DannyGeminiAnti\.gemini\antigravity\brain\
	*EXTRA Dir        -1	G:\My Drive\apps\cdrive_work_files\DESKTOP-QQLJFST_DannyGeminiAnti\AppData_Antigravity\brain\a9ebbaf3-ec6c-437d-bc68-2ae83dcf88d2\
	*EXTRA Dir        -1	G:\My Drive\apps\cdrive_work_files\DESKTOP-QQLJFST_DannyGeminiAnti\AppData_Antigravity\brain\c207c3a9-5eaa-4479-ad9a-08348dc88089\
	                   2	C:\Users\DannyGeminiAnti\.gemini\antigravity\brain\13d289c7-8aca-4523-9e85-52f4f3632356\
	                   0	C:\Users\DannyGeminiAnti\.gemini\antigravity\brain\13d289c7-8aca-4523-9e85-52f4f3632356\.system_generated\
	                   2	C:\Users\DannyGeminiAnti\.gemini\antigravity\brain\13d289c7-8aca-4523-9e85-52f4f3632356\.system_generated\logs\
	    Newer     		   4.7 m	transcript.jsonl
	    Newer     		   6.5 m	transcript_full.jsonl
	                   0	C:\Users\DannyGeminiAnti\.gemini\antigravity\brain\13d289c7-8aca-4523-9e85-52f4f3632356\.system_generated\logs\chunks\
	                  50	C:\Users\DannyGeminiAnti\.gemini\antigravity\brain\13d289c7-8aca-4523-9e85-52f4f3632356\.system_generated\logs\chunks\transcript\
	    Newer     		  102400	00000046.jsonl
	    New File  		  102400	00000047.jsonl
	    New File  		  102400	00000048.jsonl
	    New File  		    6862	00000049.jsonl
	                  68	C:\Users\DannyGeminiAnti\.gemini\antigravity\brain\13d289c7-8aca-4523-9e85-52f4f3632356\.system_generated\logs\chunks\transcript_full\
	    Newer     		  102400	00000063.jsonl
	    New File  		  102400	00000064.jsonl
	    New File  		  102400	00000065.jsonl
	    New File  		  102400	00000066.jsonl
	    New File  		   20241	00000067.jsonl
	                  81	C:\Users\DannyGeminiAnti\.gemini\antigravity\brain\13d289c7-8aca-4523-9e85-52f4f3632356\.system_generated\messages\
	    New File  		   12264	4cacf864-044d-4f22-b33e-1bb53547fb7f.json
	    New File  		     481	516f435f-a877-49db-b0d2-626d561a1e7f.json
	    New File  		    2372	66a803dc-9cd8-4648-9ade-f7b755005da4.json
	    New File  		     481	947588b4-962d-4f43-a8e6-6a644d20cf80.json
	    New File  		    4559	9b721ca6-8cf1-4e62-b226-6a746b5a1369.json
	    New File  		    3109	bed1255c-c04f-43a5-81e6-8d4ad69a2490.json
	    New File  		    2407	bf19e8f9-2931-4319-9192-d0a9c500cbf3.json
	    New File  		    3093	fe6f6b6b-47d1-47b5-a36b-8463edb07aab.json
	    Newer     		    3521	read.json
	                   0	C:\Users\DannyGeminiAnti\.gemini\antigravity\brain\13d289c7-8aca-4523-9e85-52f4f3632356\.system_generated\messages\undelivered\
	                   0	C:\Users\DannyGeminiAnti\.gemini\antigravity\brain\13d289c7-8aca-4523-9e85-52f4f3632356\.system_generated\steps\
	                   1	C:\Users\DannyGeminiAnti\.gemini\antigravity\brain\13d289c7-8aca-4523-9e85-52f4f3632356\.system_generated\steps\100\
	                   1	C:\Users\DannyGeminiAnti\.gemini\antigravity\brain\13d289c7-8aca-4523-9e85-52f4f3632356\.system_generated\steps\1001\
	                   1	C:\Users\DannyGeminiAnti\.gemini\antigravity\brain\13d289c7-8aca-4523-9e85-52f4f3632356\.system_generated\steps\1003\
	                   1	C:\Users\DannyGeminiAnti\.gemini\antigravity\brain\13d289c7-8aca-4523-9e85-52f4f3632356\.system_generated\steps\1005\
	                   1	C:\Users\DannyGeminiAnti\.gemini\antigravity\brain\13d289c7-8aca-4523-9e85-52f4f3632356\.system_generated\steps\1007\
	                   1	C:\Users\DannyGeminiAnti\.gemini\antigravity\brain\13d289c7-8aca-4523-9e85-52f4f3632356\.system_generated\steps\1009\
	                   1	C:\Users\DannyGeminiAnti\.gemini\antigravity\brain\13d289c7-8aca-4523-9e85-52f4f3632356\.system_generated\steps\1011\
	                   1	C:\Users\DannyGeminiAnti\.gemini\antigravity\brain\13d289c7-8aca-4523-9e85-52f4f3632356\.system_generated\steps\1013\
	                   1	C:\Users\DannyGeminiAnti\.gemini\antigravity\brain\13d289c7-8aca-4523-9e85-52f4f3632356\.system_generated\steps\1015\
	                   1	C:\Users\DannyGeminiAnti\.gemini\antigravity\brain\13d289c7-8aca-4523-9e85-52f4f3632356\.system_generated\steps\1017\
	                   1	C:\Users\DannyGeminiAnti\.gemini\antigravity\brain\13d289c7-8aca-4523-9e85-52f4f3632356\.system_generated\steps\1020\
	                   1	C:\Users\DannyGeminiAnti\.gemini\antigravity\brain\13d289c7-8aca-4523-9e85-52f4f3632356\.system_generated\steps\1026\
	                   1	C:\Users\DannyGeminiAnti\.gemini\antigravity\brain\13d289c7-8aca-4523-9e85-52f4f3632356\.system_generated\steps\1028\
	                   1	C:\Users\DannyGeminiAnti\.gemini\antigravity\brain\13d289c7-8aca-4523-9e85-52f4f3632356\.system_generated\steps\1030\
	                   1	C:\Users\DannyGeminiAnti\.gemini\antigravity\brain\13d289c7-8aca-4523-9e85-52f4f3632356\.system_generated\steps\1032\
	                   1	C:\Users\DannyGeminiAnti\.gemini\antigravity\brain\13d289c7-8aca-4523-9e85-52f4f3632356\.system_generated\steps\1034\
	                   1	C:\Users\DannyGeminiAnti\.gemini\antigravity\brain\13d289c7-8aca-4523-9e85-52f4f3632356\.system_generated\steps\1038\
	                   1	C:\Users\DannyGeminiAnti\.gemini\antigravity\brain\13d289c7-8aca-4523-9e85-52f4f3632356\.system_generated\steps\1040\
	                   1	C:\Users\DannyGeminiAnti\.gemini\antigravity\brain\13d289c7-8aca-4523-9e85-52f4f3632356\.system_generated\steps\1042\
	                   1	C:\Users\DannyGeminiAnti\.gemini\antigravity\brain\13d289c7-8aca-4523-9e85-52f4f3632356\.system_generated\steps\1044\
	                   1	C:\Users\DannyGeminiAnti\.gemini\antigravity\brain\13d289c7-8aca-4523-9e85-52f4f3632356\.system_generated\steps\1047\
	                   1	C:\Users\DannyGeminiAnti\.gemini\antigravity\brain\13d289c7-8aca-4523-9e85-52f4f3632356\.system_generated\steps\1050\
	                   1	C:\Users\DannyGeminiAnti\.gemini\antigravity\brain\13d289c7-8aca-4523-9e85-52f4f3632356\.system_generated\steps\1053\
	                   1	C:\Users\DannyGeminiAnti\.gemini\antigravity\brain\13d289c7-8aca-4523-9e85-52f4f3632356\.system_generated\steps\1071\
	                   1	C:\Users\DannyGeminiAnti\.gemini\antigravity\brain\13d289c7-8aca-4523-9e85-52f4f3632356\.system_generated\steps\1075\
	                   1	C:\Users\DannyGeminiAnti\.gemini\antigravity\brain\13d289c7-8aca-4523-9e85-52f4f3632356\.system_generated\steps\1079\
	                   1	C:\Users\DannyGeminiAnti\.gemini\antigravity\brain\13d289c7-8aca-4523-9e85-52f4f3632356\.system_generated\steps\1087\
	                   1	C:\Users\DannyGeminiAnti\.gemini\antigravity\brain\13d289c7-8aca-4523-9e85-52f4f3632356\.system_generated\steps\1089\
	                   1	C:\Users\DannyGeminiAnti\.gemini\antigravity\brain\13d289c7-8aca-4523-9e85-52f4f3632356\.system_generated\steps\1093\
	                   1	C:\Users\DannyGeminiAnti\.gemini\antigravity\brain\13d289c7-8aca-4523-9e85-52f4f3632356\.system_generated\steps\1095\
	                   1	C:\Users\DannyGeminiAnti\.gemini\antigravity\brain\13d289c7-8aca-4523-9e85-52f4f3632356\.system_generated\steps\1097\
	                   1	C:\Users\DannyGeminiAnti\.gemini\antigravity\brain\13d289c7-8aca-4523-9e85-52f4f3632356\.system_generated\steps\1099\
	                   1	C:\Users\DannyGeminiAnti\.gemini\antigravity\brain\13d289c7-8aca-4523-9e85-52f4f3632356\.system_generated\steps\110\
	                   1	C:\Users\DannyGeminiAnti\.gemini\antigravity\brain\13d289c7-8aca-4523-9e85-52f4f3632356\.system_generated\steps\1101\
	                   1	C:\Users\DannyGeminiAnti\.gemini\antigravity\brain\13d289c7-8aca-4523-9e85-52f4f3632356\.system_generated\steps\1103\
	                   1	C:\Users\DannyGeminiAnti\.gemini\antigravity\brain\13d289c7-8aca-4523-9e85-52f4f3632356\.system_generated\steps\1105\
	                   1	C:\Users\DannyGeminiAnti\.gemini\antigravity\brain\13d289c7-8aca-4523-9e85-52f4f3632356\.system_generated\steps\1107\
	                   1	C:\Users\DannyGeminiAnti\.gemini\antigravity\brain\13d289c7-8aca-4523-9e85-52f4f3632356\.system_generated\steps\1110\
	                   1	C:\Users\DannyGeminiAnti\.gemini\antigravity\brain\13d289c7-8aca-4523-9e85-52f4f3632356\.system_generated\steps\1113\
	                   1	C:\Users\DannyGeminiAnti\.gemini\antigravity\brain\13d289c7-8aca-4523-9e85-52f4f3632356\.system_generated\steps\1118\
	                   1	C:\Users\DannyGeminiAnti\.gemini\antigravity\brain\13d289c7-8aca-4523-9e85-52f4f3632356\.system_generated\steps\112\
	                   1	C:\Users\DannyGeminiAnti\.gemini\antigravity\brain\13d289c7-8aca-4523-9e85-52f4f3632356\.system_generated\steps\1120\
	                   1	C:\Users\DannyGeminiAnti\.gemini\antigravity\brain\13d289c7-8aca-4523-9e85-52f4f3632356\.system_generated\steps\1122\
	                   1	C:\Users\DannyGeminiAnti\.gemini\antigravity\brain\13d289c7-8aca-4523-9e85-52f4f3632356\.system_generated\steps\1125\
	                   1	C:\Users\DannyGeminiAnti\.gemini\antigravity\brain\13d289c7-8aca-4523-9e85-52f4f3632356\.system_generated\steps\1127\
	                   1	C:\Users\DannyGeminiAnti\.gemini\antigravity\brain\13d289c7-8aca-4523-9e85-52f4f3632356\.system_generated\steps\1131\
	                   1	C:\Users\DannyGeminiAnti\.gemini\antigravity\brain\13d289c7-8aca-4523-9e85-52f4f3632356\.system_generated\steps\1137\
	                   1	C:\Users\DannyGeminiAnti\.gemini\antigravity\brain\13d289c7-8aca-4523-9e85-52f4f3632356\.system_generated\steps\1139\
	                   1	C:\Users\DannyGeminiAnti\.gemini\antigravity\brain\13d289c7-8aca-4523-9e85-52f4f3632356\.system_generated\steps\114\
	                   1	C:\Users\DannyGeminiAnti\.gemini\antigravity\brain\13d289c7-8aca-4523-9e85-52f4f3632356\.system_generated\steps\1141\
	                   1	C:\Users\DannyGeminiAnti\.gemini\antigravity\brain\13d289c7-8aca-4523-9e85-52f4f3632356\.system_generated\steps\1144\
	                   1	C:\Users\DannyGeminiAnti\.gemini\antigravity\brain\13d289c7-8aca-4523-9e85-52f4f3632356\.system_generated\steps\1146\
	                   1	C:\Users\DannyGeminiAnti\.gemini\antigravity\brain\13d289c7-8aca-4523-9e85-52f4f3632356\.system_generated\steps\1151\
	                   1	C:\Users\DannyGeminiAnti\.gemini\antigravity\brain\13d289c7-8aca-4523-9e85-52f4f3632356\.system_generated\steps\1157\
	                   1	C:\Users\DannyGeminiAnti\.gemini\antigravity\brain\13d289c7-8aca-4523-9e85-52f4f3632356\.system_generated\steps\1159\
	                   1	C:\Users\DannyGeminiAnti\.gemini\antigravity\brain\13d289c7-8aca-4523-9e85-52f4f3632356\.system_generated\steps\116\
	                   1	C:\Users\DannyGeminiAnti\.gemini\antigravity\brain\13d289c7-8aca-4523-9e85-52f4f3632356\.system_generated\steps\1161\
	                   1	C:\Users\DannyGeminiAnti\.gemini\antigravity\brain\13d289c7-8aca-4523-9e85-52f4f3632356\.system_generated\steps\1163\
	                   1	C:\Users\DannyGeminiAnti\.gemini\antigravity\brain\13d289c7-8aca-4523-9e85-52f4f3632356\.system_generated\steps\1165\
	                   1	C:\Users\DannyGeminiAnti\.gemini\antigravity\brain\13d289c7-8aca-4523-9e85-52f4f3632356\.system_generated\steps\1167\
	                   1	C:\Users\DannyGeminiAnti\.gemini\antigravity\brain\13d289c7-8aca-4523-9e85-52f4f3632356\.system_generated\steps\1169\
	                   1	C:\Users\DannyGeminiAnti\.gemini\antigravity\brain\13d289c7-8aca-4523-9e85-52f4f3632356\.system_generated\steps\1172\
	                   1	C:\Users\DannyGeminiAnti\.gemini\antigravity\brain\13d289c7-8aca-4523-9e85-52f4f3632356\.system_generated\steps\1175\
	                   1	C:\Users\DannyGeminiAnti\.gemini\antigravity\brain\13d289c7-8aca-4523-9e85-52f4f3632356\.system_generated\steps\118\
	                   1	C:\Users\DannyGeminiAnti\.gemini\antigravity\brain\13d289c7-8aca-4523-9e85-52f4f3632356\.system_generated\steps\1187\
	                   1	C:\Users\DannyGeminiAnti\.gemini\antigravity\brain\13d289c7-8aca-4523-9e85-52f4f3632356\.system_generated\steps\1189\
	                   1	C:\Users\DannyGeminiAnti\.gemini\antigravity\brain\13d289c7-8aca-4523-9e85-52f4f3632356\.system_generated\steps\12\
	                   1	C:\Users\DannyGeminiAnti\.gemini\antigravity\brain\13d289c7-8aca-4523-9e85-52f4f3632356\.system_generated\steps\120\
	                   1	C:\Users\DannyGeminiAnti\.gemini\antigravity\brain\13d289c7-8aca-4523-9e85-52f4f3632356\.system_generated\steps\1213\
	                   1	C:\Users\DannyGeminiAnti\.gemini\antigravity\brain\13d289c7-8aca-4523-9e85-52f4f3632356\.system_generated\steps\1215\
	                   1	C:\Users\DannyGeminiAnti\.gemini\antigravity\brain\13d289c7-8aca-4523-9e85-52f4f3632356\.system_generated\steps\1217\
	                   1	C:\Users\DannyGeminiAnti\.gemini\antigravity\brain\13d289c7-8aca-4523-9e85-52f4f3632356\.system_generated\steps\1223\
	                   1	C:\Users\DannyGeminiAnti\.gemini\antigravity\brain\13d289c7-8aca-4523-9e85-52f4f3632356\.system_generated\steps\1225\
	                   1	C:\Users\DannyGeminiAnti\.gemini\antigravity\brain\13d289c7-8aca-4523-9e85-52f4f3632356\.system_generated\steps\1227\
	                   1	C:\Users\DannyGeminiAnti\.gemini\antigravity\brain\13d289c7-8aca-4523-9e85-52f4f3632356\.system_generated\steps\1229\
	                   1	C:\Users\DannyGeminiAnti\.gemini\antigravity\brain\13d289c7-8aca-4523-9e85-52f4f3632356\.system_generated\steps\123\
	                   1	C:\Users\DannyGeminiAnti\.gemini\antigravity\brain\13d289c7-8aca-4523-9e85-52f4f3632356\.system_generated\steps\1231\
	                   1	C:\Users\DannyGeminiAnti\.gemini\antigravity\brain\13d289c7-8aca-4523-9e85-52f4f3632356\.system_generated\steps\1233\
	                   1	C:\Users\DannyGeminiAnti\.gemini\antigravity\brain\13d289c7-8aca-4523-9e85-52f4f3632356\.system_generated\steps\1235\
	                   1	C:\Users\DannyGeminiAnti\.gemini\antigravity\brain\13d289c7-8aca-4523-9e85-52f4f3632356\.system_generated\steps\1237\
	                   1	C:\Users\DannyGeminiAnti\.gemini\antigravity\brain\13d289c7-8aca-4523-9e85-52f4f3632356\.system_generated\steps\1240\
	                   1	C:\Users\DannyGeminiAnti\.gemini\antigravity\brain\13d289c7-8aca-4523-9e85-52f4f3632356\.system_generated\steps\1243\
	                   1	C:\Users\DannyGeminiAnti\.gemini\antigravity\brain\13d289c7-8aca-4523-9e85-52f4f3632356\.system_generated\steps\1254\
	                   1	C:\Users\DannyGeminiAnti\.gemini\antigravity\brain\13d289c7-8aca-4523-9e85-52f4f3632356\.system_generated\steps\1256\
	                   1	C:\Users\DannyGeminiAnti\.gemini\antigravity\brain\13d289c7-8aca-4523-9e85-52f4f3632356\.system_generated\steps\1258\
	                   1	C:\Users\DannyGeminiAnti\.gemini\antigravity\brain\13d289c7-8aca-4523-9e85-52f4f3632356\.system_generated\steps\126\
	                   1	C:\Users\DannyGeminiAnti\.gemini\antigravity\brain\13d289c7-8aca-4523-9e85-52f4f3632356\.system_generated\steps\1260\
	                   1	C:\Users\DannyGeminiAnti\.gemini\antigravity\brain\13d289c7-8aca-4523-9e85-52f4f3632356\.system_generated\steps\1262\
	                   1	C:\Users\DannyGeminiAnti\.gemini\antigravity\brain\13d289c7-8aca-4523-9e85-52f4f3632356\.system_generated\steps\1264\
	                   1	C:\Users\DannyGeminiAnti\.gemini\antigravity\brain\13d289c7-8aca-4523-9e85-52f4f3632356\.system_generated\steps\1266\
	                   1	C:\Users\DannyGeminiAnti\.gemini\antigravity\brain\13d289c7-8aca-4523-9e85-52f4f3632356\.system_generated\steps\1268\
	                   1	C:\Users\DannyGeminiAnti\.gemini\antigravity\brain\13d289c7-8aca-4523-9e85-52f4f3632356\.system_generated\steps\1270\
	                   1	C:\Users\DannyGeminiAnti\.gemini\antigravity\brain\13d289c7-8aca-4523-9e85-52f4f3632356\.system_generated\steps\1273\
	                   1	C:\Users\DannyGeminiAnti\.gemini\antigravity\brain\13d289c7-8aca-4523-9e85-52f4f3632356\.system_generated\steps\1276\
	                   1	C:\Users\DannyGeminiAnti\.gemini\antigravity\brain\13d289c7-8aca-4523-9e85-52f4f3632356\.system_generated\steps\1287\
	                   1	C:\Users\DannyGeminiAnti\.gemini\antigravity\brain\13d289c7-8aca-4523-9e85-52f4f3632356\.system_generated\steps\1293\
	                   1	C:\Users\DannyGeminiAnti\.gemini\antigravity\brain\13d289c7-8aca-4523-9e85-52f4f3632356\.system_generated\steps\1297\
	                   1	C:\Users\DannyGeminiAnti\.gemini\antigravity\brain\13d289c7-8aca-4523-9e85-52f4f3632356\.system_generated\steps\1299\
	                   1	C:\Users\DannyGeminiAnti\.gemini\antigravity\brain\13d289c7-8aca-4523-9e85-52f4f3632356\.system_generated\steps\130\
	                   1	C:\Users\DannyGeminiAnti\.gemini\antigravity\brain\13d289c7-8aca-4523-9e85-52f4f3632356\.system_generated\steps\1301\
	                   1	C:\Users\DannyGeminiAnti\.gemini\antigravity\brain\13d289c7-8aca-4523-9e85-52f4f3632356\.system_generated\steps\1303\
	                   1	C:\Users\DannyGeminiAnti\.gemini\antigravity\brain\13d289c7-8aca-4523-9e85-52f4f3632356\.system_generated\steps\1305\
	                   1	C:\Users\DannyGeminiAnti\.gemini\antigravity\brain\13d289c7-8aca-4523-9e85-52f4f3632356\.system_generated\steps\1307\
	                   1	C:\Users\DannyGeminiAnti\.gemini\antigravity\brain\13d289c7-8aca-4523-9e85-52f4f3632356\.system_generated\steps\1311\
	                   1	C:\Users\DannyGeminiAnti\.gemini\antigravity\brain\13d289c7-8aca-4523-9e85-52f4f3632356\.system_generated\steps\1315\
	                   1	C:\Users\DannyGeminiAnti\.gemini\antigravity\brain\13d289c7-8aca-4523-9e85-52f4f3632356\.system_generated\steps\1319\
	                   1	C:\Users\DannyGeminiAnti\.gemini\antigravity\brain\13d289c7-8aca-4523-9e85-52f4f3632356\.system_generated\steps\1323\
	                   1	C:\Users\DannyGeminiAnti\.gemini\antigravity\brain\13d289c7-8aca-4523-9e85-52f4f3632356\.system_generated\steps\1329\
	                   1	C:\Users\DannyGeminiAnti\.gemini\antigravity\brain\13d289c7-8aca-4523-9e85-52f4f3632356\.system_generated\steps\133\
	                   1	C:\Users\DannyGeminiAnti\.gemini\antigravity\brain\13d289c7-8aca-4523-9e85-52f4f3632356\.system_generated\steps\1331\
	                   1	C:\Users\DannyGeminiAnti\.gemini\antigravity\brain\13d289c7-8aca-4523-9e85-52f4f3632356\.system_generated\steps\1335\
	                   1	C:\Users\DannyGeminiAnti\.gemini\antigravity\brain\13d289c7-8aca-4523-9e85-52f4f3632356\.system_generated\steps\1339\
	                   1	C:\Users\DannyGeminiAnti\.gemini\antigravity\brain\13d289c7-8aca-4523-9e85-52f4f3632356\.system_generated\steps\1343\
	                   1	C:\Users\DannyGeminiAnti\.gemini\antigravity\brain\13d289c7-8aca-4523-9e85-52f4f3632356\.system_generated\steps\1345\
	                   1	C:\Users\DannyGeminiAnti\.gemini\antigravity\brain\13d289c7-8aca-4523-9e85-52f4f3632356\.system_generated\steps\1349\
	                   1	C:\Users\DannyGeminiAnti\.gemini\antigravity\brain\13d289c7-8aca-4523-9e85-52f4f3632356\.system_generated\steps\135\
	                   1	C:\Users\DannyGeminiAnti\.gemini\antigravity\brain\13d289c7-8aca-4523-9e85-52f4f3632356\.system_generated\steps\1353\
	                   1	C:\Users\DannyGeminiAnti\.gemini\antigravity\brain\13d289c7-8aca-4523-9e85-52f4f3632356\.system_generated\steps\1359\
	                   1	C:\Users\DannyGeminiAnti\.gemini\antigravity\brain\13d289c7-8aca-4523-9e85-52f4f3632356\.system_generated\steps\1363\
	                   1	C:\Users\DannyGeminiAnti\.gemini\antigravity\brain\13d289c7-8aca-4523-9e85-52f4f3632356\.system_generated\steps\137\
	                   1	C:\Users\DannyGeminiAnti\.gemini\antigravity\brain\13d289c7-8aca-4523-9e85-52f4f3632356\.system_generated\steps\1373\
	                   1	C:\Users\DannyGeminiAnti\.gemini\antigravity\brain\13d289c7-8aca-4523-9e85-52f4f3632356\.system_generated\steps\1375\
	                   1	C:\Users\DannyGeminiAnti\.gemini\antigravity\brain\13d289c7-8aca-4523-9e85-52f4f3632356\.system_generated\steps\1377\
	                   1	C:\Users\DannyGeminiAnti\.gemini\antigravity\brain\13d289c7-8aca-4523-9e85-52f4f3632356\.system_generated\steps\1379\
	                   1	C:\Users\DannyGeminiAnti\.gemini\antigravity\brain\13d289c7-8aca-4523-9e85-52f4f3632356\.system_generated\steps\1383\
	                   1	C:\Users\DannyGeminiAnti\.gemini\antigravity\brain\13d289c7-8aca-4523-9e85-52f4f3632356\.system_generated\steps\1387\
	                   1	C:\Users\DannyGeminiAnti\.gemini\antigravity\brain\13d289c7-8aca-4523-9e85-52f4f3632356\.system_generated\steps\139\
	                   1	C:\Users\DannyGeminiAnti\.gemini\antigravity\brain\13d289c7-8aca-4523-9e85-52f4f3632356\.system_generated\steps\1395\
	                   1	C:\Users\DannyGeminiAnti\.gemini\antigravity\brain\13d289c7-8aca-4523-9e85-52f4f3632356\.system_generated\steps\1397\
	                   1	C:\Users\DannyGeminiAnti\.gemini\antigravity\brain\13d289c7-8aca-4523-9e85-52f4f3632356\.system_generated\steps\14\
	                   1	C:\Users\DannyGeminiAnti\.gemini\antigravity\brain\13d289c7-8aca-4523-9e85-52f4f3632356\.system_generated\steps\141\
	                   1	C:\Users\DannyGeminiAnti\.gemini\antigravity\brain\13d289c7-8aca-4523-9e85-52f4f3632356\.system_generated\steps\1412\
	                   1	C:\Users\DannyGeminiAnti\.gemini\antigravity\brain\13d289c7-8aca-4523-9e85-52f4f3632356\.system_generated\steps\1426\
	                   1	C:\Users\DannyGeminiAnti\.gemini\antigravity\brain\13d289c7-8aca-4523-9e85-52f4f3632356\.system_generated\steps\143\
	                   1	C:\Users\DannyGeminiAnti\.gemini\antigravity\brain\13d289c7-8aca-4523-9e85-52f4f3632356\.system_generated\steps\1430\
	                   1	C:\Users\DannyGeminiAnti\.gemini\antigravity\brain\13d289c7-8aca-4523-9e85-52f4f3632356\.system_generated\steps\1436\
	                   1	C:\Users\DannyGeminiAnti\.gemini\antigravity\brain\13d289c7-8aca-4523-9e85-52f4f3632356\.system_generated\steps\1438\
	                   1	C:\Users\DannyGeminiAnti\.gemini\antigravity\brain\13d289c7-8aca-4523-9e85-52f4f3632356\.system_generated\steps\1456\
	                   1	C:\Users\DannyGeminiAnti\.gemini\antigravity\brain\13d289c7-8aca-4523-9e85-52f4f3632356\.system_generated\steps\1460\
	                   1	C:\Users\DannyGeminiAnti\.gemini\antigravity\brain\13d289c7-8aca-4523-9e85-52f4f3632356\.system_generated\steps\1464\
	                   1	C:\Users\DannyGeminiAnti\.gemini\antigravity\brain\13d289c7-8aca-4523-9e85-52f4f3632356\.system_generated\steps\1468\
	                   1	C:\Users\DannyGeminiAnti\.gemini\antigravity\brain\13d289c7-8aca-4523-9e85-52f4f3632356\.system_generated\steps\147\
	                   1	C:\Users\DannyGeminiAnti\.gemini\antigravity\brain\13d289c7-8aca-4523-9e85-52f4f3632356\.system_generated\steps\1472\
	                   1	C:\Users\DannyGeminiAnti\.gemini\antigravity\brain\13d289c7-8aca-4523-9e85-52f4f3632356\.system_generated\steps\1476\
	                   1	C:\Users\DannyGeminiAnti\.gemini\antigravity\brain\13d289c7-8aca-4523-9e85-52f4f3632356\.system_generated\steps\1482\
	                   1	C:\Users\DannyGeminiAnti\.gemini\antigravity\brain\13d289c7-8aca-4523-9e85-52f4f3632356\.system_generated\steps\1486\
	                   1	C:\Users\DannyGeminiAnti\.gemini\antigravity\brain\13d289c7-8aca-4523-9e85-52f4f3632356\.system_generated\steps\149\
	                   1	C:\Users\DannyGeminiAnti\.gemini\antigravity\brain\13d289c7-8aca-4523-9e85-52f4f3632356\.system_generated\steps\1490\
	                   1	C:\Users\DannyGeminiAnti\.gemini\antigravity\brain\13d289c7-8aca-4523-9e85-52f4f3632356\.system_generated\steps\1496\
	                   1	C:\Users\DannyGeminiAnti\.gemini\antigravity\brain\13d289c7-8aca-4523-9e85-52f4f3632356\.system_generated\steps\1500\
	                   1	C:\Users\DannyGeminiAnti\.gemini\antigravity\brain\13d289c7-8aca-4523-9e85-52f4f3632356\.system_generated\steps\1504\
	                   1	C:\Users\DannyGeminiAnti\.gemini\antigravity\brain\13d289c7-8aca-4523-9e85-52f4f3632356\.system_generated\steps\1508\
	                   1	C:\Users\DannyGeminiAnti\.gemini\antigravity\brain\13d289c7-8aca-4523-9e85-52f4f3632356\.system_generated\steps\151\
	                   1	C:\Users\DannyGeminiAnti\.gemini\antigravity\brain\13d289c7-8aca-4523-9e85-52f4f3632356\.system_generated\steps\1514\
	                   1	C:\Users\DannyGeminiAnti\.gemini\antigravity\brain\13d289c7-8aca-4523-9e85-52f4f3632356\.system_generated\steps\1516\
	                   1	C:\Users\DannyGeminiAnti\.gemini\antigravity\brain\13d289c7-8aca-4523-9e85-52f4f3632356\.system_generated\steps\1518\
	                   1	C:\Users\DannyGeminiAnti\.gemini\antigravity\brain\13d289c7-8aca-4523-9e85-52f4f3632356\.system_generated\steps\1520\
	                   1	C:\Users\DannyGeminiAnti\.gemini\antigravity\brain\13d289c7-8aca-4523-9e85-52f4f3632356\.system_generated\steps\1522\
	                   1	C:\Users\DannyGeminiAnti\.gemini\antigravity\brain\13d289c7-8aca-4523-9e85-52f4f3632356\.system_generated\steps\1524\
	                   1	C:\Users\DannyGeminiAnti\.gemini\antigravity\brain\13d289c7-8aca-4523-9e85-52f4f3632356\.system_generated\steps\1526\
	                   1	C:\Users\DannyGeminiAnti\.gemini\antigravity\brain\13d289c7-8aca-4523-9e85-52f4f3632356\.system_generated\steps\1528\
	                   1	C:\Users\DannyGeminiAnti\.gemini\antigravity\brain\13d289c7-8aca-4523-9e85-52f4f3632356\.system_generated\steps\1530\
	                   1	C:\Users\DannyGeminiAnti\.gemini\antigravity\brain\13d289c7-8aca-4523-9e85-52f4f3632356\.system_generated\steps\1532\
	                   1	C:\Users\DannyGeminiAnti\.gemini\antigravity\brain\13d289c7-8aca-4523-9e85-52f4f3632356\.system_generated\steps\1534\
	                   1	C:\Users\DannyGeminiAnti\.gemini\antigravity\brain\13d289c7-8aca-4523-9e85-52f4f3632356\.system_generated\steps\1536\
	                   1	C:\Users\DannyGeminiAnti\.gemini\antigravity\brain\13d289c7-8aca-4523-9e85-52f4f3632356\.system_generated\steps\1538\
	                   1	C:\Users\DannyGeminiAnti\.gemini\antigravity\brain\13d289c7-8aca-4523-9e85-52f4f3632356\.system_generated\steps\1542\
	                   1	C:\Users\DannyGeminiAnti\.gemini\antigravity\brain\13d289c7-8aca-4523-9e85-52f4f3632356\.system_generated\steps\1546\
	                   1	C:\Users\DannyGeminiAnti\.gemini\antigravity\brain\13d289c7-8aca-4523-9e85-52f4f3632356\.system_generated\steps\1548\
	                   1	C:\Users\DannyGeminiAnti\.gemini\antigravity\brain\13d289c7-8aca-4523-9e85-52f4f3632356\.system_generated\steps\155\
	                   1	C:\Users\DannyGeminiAnti\.gemini\antigravity\brain\13d289c7-8aca-4523-9e85-52f4f3632356\.system_generated\steps\1550\
	                   1	C:\Users\DannyGeminiAnti\.gemini\antigravity\brain\13d289c7-8aca-4523-9e85-52f4f3632356\.system_generated\steps\1552\
	                   1	C:\Users\DannyGeminiAnti\.gemini\antigravity\brain\13d289c7-8aca-4523-9e85-52f4f3632356\.system_generated\steps\1554\
	                   1	C:\Users\DannyGeminiAnti\.gemini\antigravity\brain\13d289c7-8aca-4523-9e85-52f4f3632356\.system_generated\steps\1556\
	                   1	C:\Users\DannyGeminiAnti\.gemini\antigravity\brain\13d289c7-8aca-4523-9e85-52f4f3632356\.system_generated\steps\1558\
	                   1	C:\Users\DannyGeminiAnti\.gemini\antigravity\brain\13d289c7-8aca-4523-9e85-52f4f3632356\.system_generated\steps\1560\
	                   1	C:\Users\DannyGeminiAnti\.gemini\antigravity\brain\13d289c7-8aca-4523-9e85-52f4f3632356\.system_generated\steps\1562\
	                   1	C:\Users\DannyGeminiAnti\.gemini\antigravity\brain\13d289c7-8aca-4523-9e85-52f4f3632356\.system_generated\steps\1564\
	                   1	C:\Users\DannyGeminiAnti\.gemini\antigravity\brain\13d289c7-8aca-4523-9e85-52f4f3632356\.system_generated\steps\157\
	                   1	C:\Users\DannyGeminiAnti\.gemini\antigravity\brain\13d289c7-8aca-4523-9e85-52f4f3632356\.system_generated\steps\1584\
	                   1	C:\Users\DannyGeminiAnti\.gemini\antigravity\brain\13d289c7-8aca-4523-9e85-52f4f3632356\.system_generated\steps\1586\
	                   1	C:\Users\DannyGeminiAnti\.gemini\antigravity\brain\13d289c7-8aca-4523-9e85-52f4f3632356\.system_generated\steps\1590\
	                   1	C:\Users\DannyGeminiAnti\.gemini\antigravity\brain\13d289c7-8aca-4523-9e85-52f4f3632356\.system_generated\steps\1592\
	                   1	C:\Users\DannyGeminiAnti\.gemini\antigravity\brain\13d289c7-8aca-4523-9e85-52f4f3632356\.system_generated\steps\1594\
	                   1	C:\Users\DannyGeminiAnti\.gemini\antigravity\brain\13d289c7-8aca-4523-9e85-52f4f3632356\.system_generated\steps\1598\
	                   1	C:\Users\DannyGeminiAnti\.gemini\antigravity\brain\13d289c7-8aca-4523-9e85-52f4f3632356\.system_generated\steps\16\
	                   1	C:\Users\DannyGeminiAnti\.gemini\antigravity\brain\13d289c7-8aca-4523-9e85-52f4f3632356\.system_generated\steps\1602\
	                   1	C:\Users\DannyGeminiAnti\.gemini\antigravity\brain\13d289c7-8aca-4523-9e85-52f4f3632356\.system_generated\steps\1604\
	                   1	C:\Users\DannyGeminiAnti\.gemini\antigravity\brain\13d289c7-8aca-4523-9e85-52f4f3632356\.system_generated\steps\1606\
	                   1	C:\Users\DannyGeminiAnti\.gemini\antigravity\brain\13d289c7-8aca-4523-9e85-52f4f3632356\.system_generated\steps\1608\
	                   1	C:\Users\DannyGeminiAnti\.gemini\antigravity\brain\13d289c7-8aca-4523-9e85-52f4f3632356\.system_generated\steps\1616\
	                   1	C:\Users\DannyGeminiAnti\.gemini\antigravity\brain\13d289c7-8aca-4523-9e85-52f4f3632356\.system_generated\steps\1618\
	                   1	C:\Users\DannyGeminiAnti\.gemini\antigravity\brain\13d289c7-8aca-4523-9e85-52f4f3632356\.system_generated\steps\162\
	                   1	C:\Users\DannyGeminiAnti\.gemini\antigravity\brain\13d289c7-8aca-4523-9e85-52f4f3632356\.system_generated\steps\1620\
	                   1	C:\Users\DannyGeminiAnti\.gemini\antigravity\brain\13d289c7-8aca-4523-9e85-52f4f3632356\.system_generated\steps\1622\
	                   1	C:\Users\DannyGeminiAnti\.gemini\antigravity\brain\13d289c7-8aca-4523-9e85-52f4f3632356\.system_generated\steps\1624\
	                   1	C:\Users\DannyGeminiAnti\.gemini\antigravity\brain\13d289c7-8aca-4523-9e85-52f4f3632356\.system_generated\steps\1628\
	                   1	C:\Users\DannyGeminiAnti\.gemini\antigravity\brain\13d289c7-8aca-4523-9e85-52f4f3632356\.system_generated\steps\1630\
	                   1	C:\Users\DannyGeminiAnti\.gemini\antigravity\brain\13d289c7-8aca-4523-9e85-52f4f3632356\.system_generated\steps\1632\
	                   1	C:\Users\DannyGeminiAnti\.gemini\antigravity\brain\13d289c7-8aca-4523-9e85-52f4f3632356\.system_generated\steps\1634\
	                   1	C:\Users\DannyGeminiAnti\.gemini\antigravity\brain\13d289c7-8aca-4523-9e85-52f4f3632356\.system_generated\steps\164\
	                   1	C:\Users\DannyGeminiAnti\.gemini\antigravity\brain\13d289c7-8aca-4523-9e85-52f4f3632356\.system_generated\steps\1640\
	                   1	C:\Users\DannyGeminiAnti\.gemini\antigravity\brain\13d289c7-8aca-4523-9e85-52f4f3632356\.system_generated\steps\1642\
	                   1	C:\Users\DannyGeminiAnti\.gemini\antigravity\brain\13d289c7-8aca-4523-9e85-52f4f3632356\.system_generated\steps\1644\
	                   1	C:\Users\DannyGeminiAnti\.gemini\antigravity\brain\13d289c7-8aca-4523-9e85-52f4f3632356\.system_generated\steps\1648\
	                   1	C:\Users\DannyGeminiAnti\.gemini\antigravity\brain\13d289c7-8aca-4523-9e85-52f4f3632356\.system_generated\steps\1650\
	                   1	C:\Users\DannyGeminiAnti\.gemini\antigravity\brain\13d289c7-8aca-4523-9e85-52f4f3632356\.system_generated\steps\1656\
	                   1	C:\Users\DannyGeminiAnti\.gemini\antigravity\brain\13d289c7-8aca-4523-9e85-52f4f3632356\.system_generated\steps\166\
	                   1	C:\Users\DannyGeminiAnti\.gemini\antigravity\brain\13d289c7-8aca-4523-9e85-52f4f3632356\.system_generated\steps\1660\
	                   1	C:\Users\DannyGeminiAnti\.gemini\antigravity\brain\13d289c7-8aca-4523-9e85-52f4f3632356\.system_generated\steps\1664\
	                   1	C:\Users\DannyGeminiAnti\.gemini\antigravity\brain\13d289c7-8aca-4523-9e85-52f4f3632356\.system_generated\steps\1668\
	                   1	C:\Users\DannyGeminiAnti\.gemini\antigravity\brain\13d289c7-8aca-4523-9e85-52f4f3632356\.system_generated\steps\1670\
	                   1	C:\Users\DannyGeminiAnti\.gemini\antigravity\brain\13d289c7-8aca-4523-9e85-52f4f3632356\.system_generated\steps\1674\
	                   1	C:\Users\DannyGeminiAnti\.gemini\antigravity\brain\13d289c7-8aca-4523-9e85-52f4f3632356\.system_generated\steps\1676\
	                   1	C:\Users\DannyGeminiAnti\.gemini\antigravity\brain\13d289c7-8aca-4523-9e85-52f4f3632356\.system_generated\steps\1678\
	                   1	C:\Users\DannyGeminiAnti\.gemini\antigravity\brain\13d289c7-8aca-4523-9e85-52f4f3632356\.system_generated\steps\1680\
	                   1	C:\Users\DannyGeminiAnti\.gemini\antigravity\brain\13d289c7-8aca-4523-9e85-52f4f3632356\.system_generated\steps\1684\
	                   1	C:\Users\DannyGeminiAnti\.gemini\antigravity\brain\13d289c7-8aca-4523-9e85-52f4f3632356\.system_generated\steps\1688\
	                   1	C:\Users\DannyGeminiAnti\.gemini\antigravity\brain\13d289c7-8aca-4523-9e85-52f4f3632356\.system_generated\steps\1690\
	                   1	C:\Users\DannyGeminiAnti\.gemini\antigravity\brain\13d289c7-8aca-4523-9e85-52f4f3632356\.system_generated\steps\1692\
	                   1	C:\Users\DannyGeminiAnti\.gemini\antigravity\brain\13d289c7-8aca-4523-9e85-52f4f3632356\.system_generated\steps\1694\
	                   1	C:\Users\DannyGeminiAnti\.gemini\antigravity\brain\13d289c7-8aca-4523-9e85-52f4f3632356\.system_generated\steps\1696\
	                   1	C:\Users\DannyGeminiAnti\.gemini\antigravity\brain\13d289c7-8aca-4523-9e85-52f4f3632356\.system_generated\steps\1698\
	                   1	C:\Users\DannyGeminiAnti\.gemini\antigravity\brain\13d289c7-8aca-4523-9e85-52f4f3632356\.system_generated\steps\170\
	                   1	C:\Users\DannyGeminiAnti\.gemini\antigravity\brain\13d289c7-8aca-4523-9e85-52f4f3632356\.system_generated\steps\1700\
	                   1	C:\Users\DannyGeminiAnti\.gemini\antigravity\brain\13d289c7-8aca-4523-9e85-52f4f3632356\.system_generated\steps\1702\
	                   1	C:\Users\DannyGeminiAnti\.gemini\antigravity\brain\13d289c7-8aca-4523-9e85-52f4f3632356\.system_generated\steps\1704\
	                   1	C:\Users\DannyGeminiAnti\.gemini\antigravity\brain\13d289c7-8aca-4523-9e85-52f4f3632356\.system_generated\steps\1714\
	                   1	C:\Users\DannyGeminiAnti\.gemini\antigravity\brain\13d289c7-8aca-4523-9e85-52f4f3632356\.system_generated\steps\1716\
	                   1	C:\Users\DannyGeminiAnti\.gemini\antigravity\brain\13d289c7-8aca-4523-9e85-52f4f3632356\.system_generated\steps\172\
	                   1	C:\Users\DannyGeminiAnti\.gemini\antigravity\brain\13d289c7-8aca-4523-9e85-52f4f3632356\.system_generated\steps\174\
	                   1	C:\Users\DannyGeminiAnti\.gemini\antigravity\brain\13d289c7-8aca-4523-9e85-52f4f3632356\.system_generated\steps\1753\
	                   1	C:\Users\DannyGeminiAnti\.gemini\antigravity\brain\13d289c7-8aca-4523-9e85-52f4f3632356\.system_generated\steps\1755\
	                   1	C:\Users\DannyGeminiAnti\.gemini\antigravity\brain\13d289c7-8aca-4523-9e85-52f4f3632356\.system_generated\steps\176\
	                   1	C:\Users\DannyGeminiAnti\.gemini\antigravity\brain\13d289c7-8aca-4523-9e85-52f4f3632356\.system_generated\steps\1761\
	                   1	C:\Users\DannyGeminiAnti\.gemini\antigravity\brain\13d289c7-8aca-4523-9e85-52f4f3632356\.system_generated\steps\1765\
	                   1	C:\Users\DannyGeminiAnti\.gemini\antigravity\brain\13d289c7-8aca-4523-9e85-52f4f3632356\.system_generated\steps\1767\
	                   1	C:\Users\DannyGeminiAnti\.gemini\antigravity\brain\13d289c7-8aca-4523-9e85-52f4f3632356\.system_generated\steps\1771\
	                   1	C:\Users\DannyGeminiAnti\.gemini\antigravity\brain\13d289c7-8aca-4523-9e85-52f4f3632356\.system_generated\steps\1773\
	                   1	C:\Users\DannyGeminiAnti\.gemini\antigravity\brain\13d289c7-8aca-4523-9e85-52f4f3632356\.system_generated\steps\1777\
	                   1	C:\Users\DannyGeminiAnti\.gemini\antigravity\brain\13d289c7-8aca-4523-9e85-52f4f3632356\.system_generated\steps\1779\
	                   1	C:\Users\DannyGeminiAnti\.gemini\antigravity\brain\13d289c7-8aca-4523-9e85-52f4f3632356\.system_generated\steps\178\
	                   1	C:\Users\DannyGeminiAnti\.gemini\antigravity\brain\13d289c7-8aca-4523-9e85-52f4f3632356\.system_generated\steps\1783\
	                   1	C:\Users\DannyGeminiAnti\.gemini\antigravity\brain\13d289c7-8aca-4523-9e85-52f4f3632356\.system_generated\steps\1785\
	                   1	C:\Users\DannyGeminiAnti\.gemini\antigravity\brain\13d289c7-8aca-4523-9e85-52f4f3632356\.system_generated\steps\1787\
	                   1	C:\Users\DannyGeminiAnti\.gemini\antigravity\brain\13d289c7-8aca-4523-9e85-52f4f3632356\.system_generated\steps\1789\
	                   1	C:\Users\DannyGeminiAnti\.gemini\antigravity\brain\13d289c7-8aca-4523-9e85-52f4f3632356\.system_generated\steps\1793\
	                   1	C:\Users\DannyGeminiAnti\.gemini\antigravity\brain\13d289c7-8aca-4523-9e85-52f4f3632356\.system_generated\steps\1795\
	                   1	C:\Users\DannyGeminiAnti\.gemini\antigravity\brain\13d289c7-8aca-4523-9e85-52f4f3632356\.system_generated\steps\1797\
	                   1	C:\Users\DannyGeminiAnti\.gemini\antigravity\brain\13d289c7-8aca-4523-9e85-52f4f3632356\.system_generated\steps\18\
	                   1	C:\Users\DannyGeminiAnti\.gemini\antigravity\brain\13d289c7-8aca-4523-9e85-52f4f3632356\.system_generated\steps\180\
	                   1	C:\Users\DannyGeminiAnti\.gemini\antigravity\brain\13d289c7-8aca-4523-9e85-52f4f3632356\.system_generated\steps\1803\
	                   1	C:\Users\DannyGeminiAnti\.gemini\antigravity\brain\13d289c7-8aca-4523-9e85-52f4f3632356\.system_generated\steps\1809\
	                   1	C:\Users\DannyGeminiAnti\.gemini\antigravity\brain\13d289c7-8aca-4523-9e85-52f4f3632356\.system_generated\steps\1811\
	                   1	C:\Users\DannyGeminiAnti\.gemini\antigravity\brain\13d289c7-8aca-4523-9e85-52f4f3632356\.system_generated\steps\1813\
	                   1	C:\Users\DannyGeminiAnti\.gemini\antigravity\brain\13d289c7-8aca-4523-9e85-52f4f3632356\.system_generated\steps\1815\
	                   1	C:\Users\DannyGeminiAnti\.gemini\antigravity\brain\13d289c7-8aca-4523-9e85-52f4f3632356\.system_generated\steps\1817\
	                   1	C:\Users\DannyGeminiAnti\.gemini\antigravity\brain\13d289c7-8aca-4523-9e85-52f4f3632356\.system_generated\steps\1819\
	                   1	C:\Users\DannyGeminiAnti\.gemini\antigravity\brain\13d289c7-8aca-4523-9e85-52f4f3632356\.system_generated\steps\182\
	                   1	C:\Users\DannyGeminiAnti\.gemini\antigravity\brain\13d289c7-8aca-4523-9e85-52f4f3632356\.system_generated\steps\1821\
	                   1	C:\Users\DannyGeminiAnti\.gemini\antigravity\brain\13d289c7-8aca-4523-9e85-52f4f3632356\.system_generated\steps\1823\
	                   1	C:\Users\DannyGeminiAnti\.gemini\antigravity\brain\13d289c7-8aca-4523-9e85-52f4f3632356\.system_generated\steps\1825\
	                   1	C:\Users\DannyGeminiAnti\.gemini\antigravity\brain\13d289c7-8aca-4523-9e85-52f4f3632356\.system_generated\steps\1828\
	                   1	C:\Users\DannyGeminiAnti\.gemini\antigravity\brain\13d289c7-8aca-4523-9e85-52f4f3632356\.system_generated\steps\1830\
	                   1	C:\Users\DannyGeminiAnti\.gemini\antigravity\brain\13d289c7-8aca-4523-9e85-52f4f3632356\.system_generated\steps\1832\
	                   1	C:\Users\DannyGeminiAnti\.gemini\antigravity\brain\13d289c7-8aca-4523-9e85-52f4f3632356\.system_generated\steps\1834\
	                   1	C:\Users\DannyGeminiAnti\.gemini\antigravity\brain\13d289c7-8aca-4523-9e85-52f4f3632356\.system_generated\steps\184\
	                   1	C:\Users\DannyGeminiAnti\.gemini\antigravity\brain\13d289c7-8aca-4523-9e85-52f4f3632356\.system_generated\steps\1842\
	                   1	C:\Users\DannyGeminiAnti\.gemini\antigravity\brain\13d289c7-8aca-4523-9e85-52f4f3632356\.system_generated\steps\1844\
	                   1	C:\Users\DannyGeminiAnti\.gemini\antigravity\brain\13d289c7-8aca-4523-9e85-52f4f3632356\.system_generated\steps\1846\
	                   1	C:\Users\DannyGeminiAnti\.gemini\antigravity\brain\13d289c7-8aca-4523-9e85-52f4f3632356\.system_generated\steps\1848\
	                   1	C:\Users\DannyGeminiAnti\.gemini\antigravity\brain\13d289c7-8aca-4523-9e85-52f4f3632356\.system_generated\steps\1850\
	                   1	C:\Users\DannyGeminiAnti\.gemini\antigravity\brain\13d289c7-8aca-4523-9e85-52f4f3632356\.system_generated\steps\1852\
	                   1	C:\Users\DannyGeminiAnti\.gemini\antigravity\brain\13d289c7-8aca-4523-9e85-52f4f3632356\.system_generated\steps\1854\
	                   1	C:\Users\DannyGeminiAnti\.gemini\antigravity\brain\13d289c7-8aca-4523-9e85-52f4f3632356\.system_generated\steps\1856\
	                   1	C:\Users\DannyGeminiAnti\.gemini\antigravity\brain\13d289c7-8aca-4523-9e85-52f4f3632356\.system_generated\steps\1858\
	                   1	C:\Users\DannyGeminiAnti\.gemini\antigravity\brain\13d289c7-8aca-4523-9e85-52f4f3632356\.system_generated\steps\186\
	                   1	C:\Users\DannyGeminiAnti\.gemini\antigravity\brain\13d289c7-8aca-4523-9e85-52f4f3632356\.system_generated\steps\1860\
	                   1	C:\Users\DannyGeminiAnti\.gemini\antigravity\brain\13d289c7-8aca-4523-9e85-52f4f3632356\.system_generated\steps\1862\
	                   1	C:\Users\DannyGeminiAnti\.gemini\antigravity\brain\13d289c7-8aca-4523-9e85-52f4f3632356\.system_generated\steps\1864\
	                   1	C:\Users\DannyGeminiAnti\.gemini\antigravity\brain\13d289c7-8aca-4523-9e85-52f4f3632356\.system_generated\steps\1866\
	                   1	C:\Users\DannyGeminiAnti\.gemini\antigravity\brain\13d289c7-8aca-4523-9e85-52f4f3632356\.system_generated\steps\1868\
	                   1	C:\Users\DannyGeminiAnti\.gemini\antigravity\brain\13d289c7-8aca-4523-9e85-52f4f3632356\.system_generated\steps\1870\
	                   1	C:\Users\DannyGeminiAnti\.gemini\antigravity\brain\13d289c7-8aca-4523-9e85-52f4f3632356\.system_generated\steps\1872\
	                   1	C:\Users\DannyGeminiAnti\.gemini\antigravity\brain\13d289c7-8aca-4523-9e85-52f4f3632356\.system_generated\steps\1874\
	                   1	C:\Users\DannyGeminiAnti\.gemini\antigravity\brain\13d289c7-8aca-4523-9e85-52f4f3632356\.system_generated\steps\1876\
	                   1	C:\Users\DannyGeminiAnti\.gemini\antigravity\brain\13d289c7-8aca-4523-9e85-52f4f3632356\.system_generated\steps\1878\
	                   1	C:\Users\DannyGeminiAnti\.gemini\antigravity\brain\13d289c7-8aca-4523-9e85-52f4f3632356\.system_generated\steps\188\
	                   1	C:\Users\DannyGeminiAnti\.gemini\antigravity\brain\13d289c7-8aca-4523-9e85-52f4f3632356\.system_generated\steps\1880\
	                   1	C:\Users\DannyGeminiAnti\.gemini\antigravity\brain\13d289c7-8aca-4523-9e85-52f4f3632356\.system_generated\steps\1882\
	                   1	C:\Users\DannyGeminiAnti\.gemini\antigravity\brain\13d289c7-8aca-4523-9e85-52f4f3632356\.system_generated\steps\1884\
	                   1	C:\Users\DannyGeminiAnti\.gemini\antigravity\brain\13d289c7-8aca-4523-9e85-52f4f3632356\.system_generated\steps\1886\
	                   1	C:\Users\DannyGeminiAnti\.gemini\antigravity\brain\13d289c7-8aca-4523-9e85-52f4f3632356\.system_generated\steps\1888\
	                   1	C:\Users\DannyGeminiAnti\.gemini\antigravity\brain\13d289c7-8aca-4523-9e85-52f4f3632356\.system_generated\steps\1890\
	                   1	C:\Users\DannyGeminiAnti\.gemini\antigravity\brain\13d289c7-8aca-4523-9e85-52f4f3632356\.system_generated\steps\1892\
	                   1	C:\Users\DannyGeminiAnti\.gemini\antigravity\brain\13d289c7-8aca-4523-9e85-52f4f3632356\.system_generated\steps\1894\
	                   1	C:\Users\DannyGeminiAnti\.gemini\antigravity\brain\13d289c7-8aca-4523-9e85-52f4f3632356\.system_generated\steps\1896\
	                   1	C:\Users\DannyGeminiAnti\.gemini\antigravity\brain\13d289c7-8aca-4523-9e85-52f4f3632356\.system_generated\steps\1898\
	                   1	C:\Users\DannyGeminiAnti\.gemini\antigravity\brain\13d289c7-8aca-4523-9e85-52f4f3632356\.system_generated\steps\1900\
	                   1	C:\Users\DannyGeminiAnti\.gemini\antigravity\brain\13d289c7-8aca-4523-9e85-52f4f3632356\.system_generated\steps\1902\
	                   1	C:\Users\DannyGeminiAnti\.gemini\antigravity\brain\13d289c7-8aca-4523-9e85-52f4f3632356\.system_generated\steps\1904\
	                   1	C:\Users\DannyGeminiAnti\.gemini\antigravity\brain\13d289c7-8aca-4523-9e85-52f4f3632356\.system_generated\steps\1906\
	                   1	C:\Users\DannyGeminiAnti\.gemini\antigravity\brain\13d289c7-8aca-4523-9e85-52f4f3632356\.system_generated\steps\1916\
	                   1	C:\Users\DannyGeminiAnti\.gemini\antigravity\brain\13d289c7-8aca-4523-9e85-52f4f3632356\.system_generated\steps\1918\
	                   1	C:\Users\DannyGeminiAnti\.gemini\antigravity\brain\13d289c7-8aca-4523-9e85-52f4f3632356\.system_generated\steps\1920\
	                   1	C:\Users\DannyGeminiAnti\.gemini\antigravity\brain\13d289c7-8aca-4523-9e85-52f4f3632356\.system_generated\steps\1922\
	                   1	C:\Users\DannyGeminiAnti\.gemini\antigravity\brain\13d289c7-8aca-4523-9e85-52f4f3632356\.system_generated\steps\1924\
	                   1	C:\Users\DannyGeminiAnti\.gemini\antigravity\brain\13d289c7-8aca-4523-9e85-52f4f3632356\.system_generated\steps\1926\
	                   1	C:\Users\DannyGeminiAnti\.gemini\antigravity\brain\13d289c7-8aca-4523-9e85-52f4f3632356\.system_generated\steps\1928\
	                   1	C:\Users\DannyGeminiAnti\.gemini\antigravity\brain\13d289c7-8aca-4523-9e85-52f4f3632356\.system_generated\steps\1930\
	                   1	C:\Users\DannyGeminiAnti\.gemini\antigravity\brain\13d289c7-8aca-4523-9e85-52f4f3632356\.system_generated\steps\1933\
	                   1	C:\Users\DannyGeminiAnti\.gemini\antigravity\brain\13d289c7-8aca-4523-9e85-52f4f3632356\.system_generated\steps\1935\
	                   1	C:\Users\DannyGeminiAnti\.gemini\antigravity\brain\13d289c7-8aca-4523-9e85-52f4f3632356\.system_generated\steps\1937\
	                   1	C:\Users\DannyGeminiAnti\.gemini\antigravity\brain\13d289c7-8aca-4523-9e85-52f4f3632356\.system_generated\steps\1939\
	                   1	C:\Users\DannyGeminiAnti\.gemini\antigravity\brain\13d289c7-8aca-4523-9e85-52f4f3632356\.system_generated\steps\1941\
	                   1	C:\Users\DannyGeminiAnti\.gemini\antigravity\brain\13d289c7-8aca-4523-9e85-52f4f3632356\.system_generated\steps\1948\
	                   1	C:\Users\DannyGeminiAnti\.gemini\antigravity\brain\13d289c7-8aca-4523-9e85-52f4f3632356\.system_generated\steps\1950\
	                   1	C:\Users\DannyGeminiAnti\.gemini\antigravity\brain\13d289c7-8aca-4523-9e85-52f4f3632356\.system_generated\steps\1952\
	                   1	C:\Users\DannyGeminiAnti\.gemini\antigravity\brain\13d289c7-8aca-4523-9e85-52f4f3632356\.system_generated\steps\1964\
	                   1	C:\Users\DannyGeminiAnti\.gemini\antigravity\brain\13d289c7-8aca-4523-9e85-52f4f3632356\.system_generated\steps\1966\
	                   1	C:\Users\DannyGeminiAnti\.gemini\antigravity\brain\13d289c7-8aca-4523-9e85-52f4f3632356\.system_generated\steps\1968\
	                   1	C:\Users\DannyGeminiAnti\.gemini\antigravity\brain\13d289c7-8aca-4523-9e85-52f4f3632356\.system_generated\steps\1972\
	                   1	C:\Users\DannyGeminiAnti\.gemini\antigravity\brain\13d289c7-8aca-4523-9e85-52f4f3632356\.system_generated\steps\1974\
	                   1	C:\Users\DannyGeminiAnti\.gemini\antigravity\brain\13d289c7-8aca-4523-9e85-52f4f3632356\.system_generated\steps\1976\
	                   1	C:\Users\DannyGeminiAnti\.gemini\antigravity\brain\13d289c7-8aca-4523-9e85-52f4f3632356\.system_generated\steps\1978\
	                   1	C:\Users\DannyGeminiAnti\.gemini\antigravity\brain\13d289c7-8aca-4523-9e85-52f4f3632356\.system_generated\steps\198\
	                   1	C:\Users\DannyGeminiAnti\.gemini\antigravity\brain\13d289c7-8aca-4523-9e85-52f4f3632356\.system_generated\steps\1980\
	                   1	C:\Users\DannyGeminiAnti\.gemini\antigravity\brain\13d289c7-8aca-4523-9e85-52f4f3632356\.system_generated\steps\1982\
	                   1	C:\Users\DannyGeminiAnti\.gemini\antigravity\brain\13d289c7-8aca-4523-9e85-52f4f3632356\.system_generated\steps\1984\
	                   1	C:\Users\DannyGeminiAnti\.gemini\antigravity\brain\13d289c7-8aca-4523-9e85-52f4f3632356\.system_generated\steps\1986\
	                   1	C:\Users\DannyGeminiAnti\.gemini\antigravity\brain\13d289c7-8aca-4523-9e85-52f4f3632356\.system_generated\steps\1988\
	                   1	C:\Users\DannyGeminiAnti\.gemini\antigravity\brain\13d289c7-8aca-4523-9e85-52f4f3632356\.system_generated\steps\1990\
	                   1	C:\Users\DannyGeminiAnti\.gemini\antigravity\brain\13d289c7-8aca-4523-9e85-52f4f3632356\.system_generated\steps\1992\
	                   1	C:\Users\DannyGeminiAnti\.gemini\antigravity\brain\13d289c7-8aca-4523-9e85-52f4f3632356\.system_generated\steps\1994\
	                   1	C:\Users\DannyGeminiAnti\.gemini\antigravity\brain\13d289c7-8aca-4523-9e85-52f4f3632356\.system_generated\steps\2\
	                   1	C:\Users\DannyGeminiAnti\.gemini\antigravity\brain\13d289c7-8aca-4523-9e85-52f4f3632356\.system_generated\steps\200\
	                   1	C:\Users\DannyGeminiAnti\.gemini\antigravity\brain\13d289c7-8aca-4523-9e85-52f4f3632356\.system_generated\steps\2002\
	                   1	C:\Users\DannyGeminiAnti\.gemini\antigravity\brain\13d289c7-8aca-4523-9e85-52f4f3632356\.system_generated\steps\2004\
	                   1	C:\Users\DannyGeminiAnti\.gemini\antigravity\brain\13d289c7-8aca-4523-9e85-52f4f3632356\.system_generated\steps\2006\
	                   1	C:\Users\DannyGeminiAnti\.gemini\antigravity\brain\13d289c7-8aca-4523-9e85-52f4f3632356\.system_generated\steps\2008\
	                   1	C:\Users\DannyGeminiAnti\.gemini\antigravity\brain\13d289c7-8aca-4523-9e85-52f4f3632356\.system_generated\steps\2010\
	                   1	C:\Users\DannyGeminiAnti\.gemini\antigravity\brain\13d289c7-8aca-4523-9e85-52f4f3632356\.system_generated\steps\2012\
	                   1	C:\Users\DannyGeminiAnti\.gemini\antigravity\brain\13d289c7-8aca-4523-9e85-52f4f3632356\.system_generated\steps\2014\
	                   1	C:\Users\DannyGeminiAnti\.gemini\antigravity\brain\13d289c7-8aca-4523-9e85-52f4f3632356\.system_generated\steps\2016\
	                   1	C:\Users\DannyGeminiAnti\.gemini\antigravity\brain\13d289c7-8aca-4523-9e85-52f4f3632356\.system_generated\steps\2018\
	                   1	C:\Users\DannyGeminiAnti\.gemini\antigravity\brain\13d289c7-8aca-4523-9e85-52f4f3632356\.system_generated\steps\202\
	                   1	C:\Users\DannyGeminiAnti\.gemini\antigravity\brain\13d289c7-8aca-4523-9e85-52f4f3632356\.system_generated\steps\2020\
	                   1	C:\Users\DannyGeminiAnti\.gemini\antigravity\brain\13d289c7-8aca-4523-9e85-52f4f3632356\.system_generated\steps\2030\
	                   1	C:\Users\DannyGeminiAnti\.gemini\antigravity\brain\13d289c7-8aca-4523-9e85-52f4f3632356\.system_generated\steps\2032\
	                   1	C:\Users\DannyGeminiAnti\.gemini\antigravity\brain\13d289c7-8aca-4523-9e85-52f4f3632356\.system_generated\steps\2034\
	                   1	C:\Users\DannyGeminiAnti\.gemini\antigravity\brain\13d289c7-8aca-4523-9e85-52f4f3632356\.system_generated\steps\2036\
	                   1	C:\Users\DannyGeminiAnti\.gemini\antigravity\brain\13d289c7-8aca-4523-9e85-52f4f3632356\.system_generated\steps\2038\
	                   1	C:\Users\DannyGeminiAnti\.gemini\antigravity\brain\13d289c7-8aca-4523-9e85-52f4f3632356\.system_generated\steps\2040\
	                   1	C:\Users\DannyGeminiAnti\.gemini\antigravity\brain\13d289c7-8aca-4523-9e85-52f4f3632356\.system_generated\steps\2042\
	                   1	C:\Users\DannyGeminiAnti\.gemini\antigravity\brain\13d289c7-8aca-4523-9e85-52f4f3632356\.system_generated\steps\2044\
	                   1	C:\Users\DannyGeminiAnti\.gemini\antigravity\brain\13d289c7-8aca-4523-9e85-52f4f3632356\.system_generated\steps\2046\
	                   1	C:\Users\DannyGeminiAnti\.gemini\antigravity\brain\13d289c7-8aca-4523-9e85-52f4f3632356\.system_generated\steps\2052\
	                   1	C:\Users\DannyGeminiAnti\.gemini\antigravity\brain\13d289c7-8aca-4523-9e85-52f4f3632356\.system_generated\steps\2054\
	                   1	C:\Users\DannyGeminiAnti\.gemini\antigravity\brain\13d289c7-8aca-4523-9e85-52f4f3632356\.system_generated\steps\2056\
	                   1	C:\Users\DannyGeminiAnti\.gemini\antigravity\brain\13d289c7-8aca-4523-9e85-52f4f3632356\.system_generated\steps\2058\
	                   1	C:\Users\DannyGeminiAnti\.gemini\antigravity\brain\13d289c7-8aca-4523-9e85-52f4f3632356\.system_generated\steps\206\
	                   1	C:\Users\DannyGeminiAnti\.gemini\antigravity\brain\13d289c7-8aca-4523-9e85-52f4f3632356\.system_generated\steps\2060\
	                   1	C:\Users\DannyGeminiAnti\.gemini\antigravity\brain\13d289c7-8aca-4523-9e85-52f4f3632356\.system_generated\steps\2062\
	                   1	C:\Users\DannyGeminiAnti\.gemini\antigravity\brain\13d289c7-8aca-4523-9e85-52f4f3632356\.system_generated\steps\2064\
	                   1	C:\Users\DannyGeminiAnti\.gemini\antigravity\brain\13d289c7-8aca-4523-9e85-52f4f3632356\.system_generated\steps\2066\
	                   1	C:\Users\DannyGeminiAnti\.gemini\antigravity\brain\13d289c7-8aca-4523-9e85-52f4f3632356\.system_generated\steps\2068\
	                   1	C:\Users\DannyGeminiAnti\.gemini\antigravity\brain\13d289c7-8aca-4523-9e85-52f4f3632356\.system_generated\steps\208\
	                   1	C:\Users\DannyGeminiAnti\.gemini\antigravity\brain\13d289c7-8aca-4523-9e85-52f4f3632356\.system_generated\steps\2088\
	                   1	C:\Users\DannyGeminiAnti\.gemini\antigravity\brain\13d289c7-8aca-4523-9e85-52f4f3632356\.system_generated\steps\2090\
	                   1	C:\Users\DannyGeminiAnti\.gemini\antigravity\brain\13d289c7-8aca-4523-9e85-52f4f3632356\.system_generated\steps\2092\
	                   1	C:\Users\DannyGeminiAnti\.gemini\antigravity\brain\13d289c7-8aca-4523-9e85-52f4f3632356\.system_generated\steps\2094\
	                   1	C:\Users\DannyGeminiAnti\.gemini\antigravity\brain\13d289c7-8aca-4523-9e85-52f4f3632356\.system_generated\steps\2096\
	                   1	C:\Users\DannyGeminiAnti\.gemini\antigravity\brain\13d289c7-8aca-4523-9e85-52f4f3632356\.system_generated\steps\2098\
	                   1	C:\Users\DannyGeminiAnti\.gemini\antigravity\brain\13d289c7-8aca-4523-9e85-52f4f3632356\.system_generated\steps\210\
	                   1	C:\Users\DannyGeminiAnti\.gemini\antigravity\brain\13d289c7-8aca-4523-9e85-52f4f3632356\.system_generated\steps\2100\
	                   1	C:\Users\DannyGeminiAnti\.gemini\antigravity\brain\13d289c7-8aca-4523-9e85-52f4f3632356\.system_generated\steps\2102\
	                   1	C:\Users\DannyGeminiAnti\.gemini\antigravity\brain\13d289c7-8aca-4523-9e85-52f4f3632356\.system_generated\steps\2108\
	                   1	C:\Users\DannyGeminiAnti\.gemini\antigravity\brain\13d289c7-8aca-4523-9e85-52f4f3632356\.system_generated\steps\2110\
	                   1	C:\Users\DannyGeminiAnti\.gemini\antigravity\brain\13d289c7-8aca-4523-9e85-52f4f3632356\.system_generated\steps\2112\
	                   1	C:\Users\DannyGeminiAnti\.gemini\antigravity\brain\13d289c7-8aca-4523-9e85-52f4f3632356\.system_generated\steps\2114\
	                   1	C:\Users\DannyGeminiAnti\.gemini\antigravity\brain\13d289c7-8aca-4523-9e85-52f4f3632356\.system_generated\steps\2116\
	                   1	C:\Users\DannyGeminiAnti\.gemini\antigravity\brain\13d289c7-8aca-4523-9e85-52f4f3632356\.system_generated\steps\2118\
	                   1	C:\Users\DannyGeminiAnti\.gemini\antigravity\brain\13d289c7-8aca-4523-9e85-52f4f3632356\.system_generated\steps\2120\
	                   1	C:\Users\DannyGeminiAnti\.gemini\antigravity\brain\13d289c7-8aca-4523-9e85-52f4f3632356\.system_generated\steps\2122\
	                   1	C:\Users\DannyGeminiAnti\.gemini\antigravity\brain\13d289c7-8aca-4523-9e85-52f4f3632356\.system_generated\steps\2124\
	                   1	C:\Users\DannyGeminiAnti\.gemini\antigravity\brain\13d289c7-8aca-4523-9e85-52f4f3632356\.system_generated\steps\2129\
	                   1	C:\Users\DannyGeminiAnti\.gemini\antigravity\brain\13d289c7-8aca-4523-9e85-52f4f3632356\.system_generated\steps\213\
	                   1	C:\Users\DannyGeminiAnti\.gemini\antigravity\brain\13d289c7-8aca-4523-9e85-52f4f3632356\.system_generated\steps\2131\
	                   1	C:\Users\DannyGeminiAnti\.gemini\antigravity\brain\13d289c7-8aca-4523-9e85-52f4f3632356\.system_generated\steps\2133\
	                   1	C:\Users\DannyGeminiAnti\.gemini\antigravity\brain\13d289c7-8aca-4523-9e85-52f4f3632356\.system_generated\steps\2135\
	                   1	C:\Users\DannyGeminiAnti\.gemini\antigravity\brain\13d289c7-8aca-4523-9e85-52f4f3632356\.system_generated\steps\2137\
	                   1	C:\Users\DannyGeminiAnti\.gemini\antigravity\brain\13d289c7-8aca-4523-9e85-52f4f3632356\.system_generated\steps\2139\
	                   1	C:\Users\DannyGeminiAnti\.gemini\antigravity\brain\13d289c7-8aca-4523-9e85-52f4f3632356\.system_generated\steps\2141\
	                   1	C:\Users\DannyGeminiAnti\.gemini\antigravity\brain\13d289c7-8aca-4523-9e85-52f4f3632356\.system_generated\steps\2143\
	                   1	C:\Users\DannyGeminiAnti\.gemini\antigravity\brain\13d289c7-8aca-4523-9e85-52f4f3632356\.system_generated\steps\2145\
	                   1	C:\Users\DannyGeminiAnti\.gemini\antigravity\brain\13d289c7-8aca-4523-9e85-52f4f3632356\.system_generated\steps\2147\
	                   1	C:\Users\DannyGeminiAnti\.gemini\antigravity\brain\13d289c7-8aca-4523-9e85-52f4f3632356\.system_generated\steps\2149\
	                   1	C:\Users\DannyGeminiAnti\.gemini\antigravity\brain\13d289c7-8aca-4523-9e85-52f4f3632356\.system_generated\steps\215\
	                   1	C:\Users\DannyGeminiAnti\.gemini\antigravity\brain\13d289c7-8aca-4523-9e85-52f4f3632356\.system_generated\steps\2151\
	                   1	C:\Users\DannyGeminiAnti\.gemini\antigravity\brain\13d289c7-8aca-4523-9e85-52f4f3632356\.system_generated\steps\2153\
	                   1	C:\Users\DannyGeminiAnti\.gemini\antigravity\brain\13d289c7-8aca-4523-9e85-52f4f3632356\.system_generated\steps\2155\
	                   1	C:\Users\DannyGeminiAnti\.gemini\antigravity\brain\13d289c7-8aca-4523-9e85-52f4f3632356\.system_generated\steps\2157\
	                   1	C:\Users\DannyGeminiAnti\.gemini\antigravity\brain\13d289c7-8aca-4523-9e85-52f4f3632356\.system_generated\steps\2159\
	                   1	C:\Users\DannyGeminiAnti\.gemini\antigravity\brain\13d289c7-8aca-4523-9e85-52f4f3632356\.system_generated\steps\2161\
	                   1	C:\Users\DannyGeminiAnti\.gemini\antigravity\brain\13d289c7-8aca-4523-9e85-52f4f3632356\.system_generated\steps\2163\
	                   1	C:\Users\DannyGeminiAnti\.gemini\antigravity\brain\13d289c7-8aca-4523-9e85-52f4f3632356\.system_generated\steps\2165\
	                   1	C:\Users\DannyGeminiAnti\.gemini\antigravity\brain\13d289c7-8aca-4523-9e85-52f4f3632356\.system_generated\steps\2167\
	                   1	C:\Users\DannyGeminiAnti\.gemini\antigravity\brain\13d289c7-8aca-4523-9e85-52f4f3632356\.system_generated\steps\217\
	                   1	C:\Users\DannyGeminiAnti\.gemini\antigravity\brain\13d289c7-8aca-4523-9e85-52f4f3632356\.system_generated\steps\2172\
	                   1	C:\Users\DannyGeminiAnti\.gemini\antigravity\brain\13d289c7-8aca-4523-9e85-52f4f3632356\.system_generated\steps\2174\
	                   1	C:\Users\DannyGeminiAnti\.gemini\antigravity\brain\13d289c7-8aca-4523-9e85-52f4f3632356\.system_generated\steps\2176\
	                   1	C:\Users\DannyGeminiAnti\.gemini\antigravity\brain\13d289c7-8aca-4523-9e85-52f4f3632356\.system_generated\steps\2178\
	                   1	C:\Users\DannyGeminiAnti\.gemini\antigravity\brain\13d289c7-8aca-4523-9e85-52f4f3632356\.system_generated\steps\2180\
	                   1	C:\Users\DannyGeminiAnti\.gemini\antigravity\brain\13d289c7-8aca-4523-9e85-52f4f3632356\.system_generated\steps\2182\
	                   1	C:\Users\DannyGeminiAnti\.gemini\antigravity\brain\13d289c7-8aca-4523-9e85-52f4f3632356\.system_generated\steps\2184\
	                   1	C:\Users\DannyGeminiAnti\.gemini\antigravity\brain\13d289c7-8aca-4523-9e85-52f4f3632356\.system_generated\steps\2186\
	                   1	C:\Users\DannyGeminiAnti\.gemini\antigravity\brain\13d289c7-8aca-4523-9e85-52f4f3632356\.system_generated\steps\2188\
	                   1	C:\Users\DannyGeminiAnti\.gemini\antigravity\brain\13d289c7-8aca-4523-9e85-52f4f3632356\.system_generated\steps\2190\
	                   1	C:\Users\DannyGeminiAnti\.gemini\antigravity\brain\13d289c7-8aca-4523-9e85-52f4f3632356\.system_generated\steps\2192\
	                   1	C:\Users\DannyGeminiAnti\.gemini\antigravity\brain\13d289c7-8aca-4523-9e85-52f4f3632356\.system_generated\steps\2194\
	                   1	C:\Users\DannyGeminiAnti\.gemini\antigravity\brain\13d289c7-8aca-4523-9e85-52f4f3632356\.system_generated\steps\2196\
	                   1	C:\Users\DannyGeminiAnti\.gemini\antigravity\brain\13d289c7-8aca-4523-9e85-52f4f3632356\.system_generated\steps\2200\
	                   1	C:\Users\DannyGeminiAnti\.gemini\antigravity\brain\13d289c7-8aca-4523-9e85-52f4f3632356\.system_generated\steps\2205\
	                   1	C:\Users\DannyGeminiAnti\.gemini\antigravity\brain\13d289c7-8aca-4523-9e85-52f4f3632356\.system_generated\steps\2207\
	                   1	C:\Users\DannyGeminiAnti\.gemini\antigravity\brain\13d289c7-8aca-4523-9e85-52f4f3632356\.system_generated\steps\2209\
	                   1	C:\Users\DannyGeminiAnti\.gemini\antigravity\brain\13d289c7-8aca-4523-9e85-52f4f3632356\.system_generated\steps\221\
	                   1	C:\Users\DannyGeminiAnti\.gemini\antigravity\brain\13d289c7-8aca-4523-9e85-52f4f3632356\.system_generated\steps\2211\
	                   1	C:\Users\DannyGeminiAnti\.gemini\antigravity\brain\13d289c7-8aca-4523-9e85-52f4f3632356\.system_generated\steps\2213\
	                   1	C:\Users\DannyGeminiAnti\.gemini\antigravity\brain\13d289c7-8aca-4523-9e85-52f4f3632356\.system_generated\steps\2215\
	                   1	C:\Users\DannyGeminiAnti\.gemini\antigravity\brain\13d289c7-8aca-4523-9e85-52f4f3632356\.system_generated\steps\2217\
	                   1	C:\Users\DannyGeminiAnti\.gemini\antigravity\brain\13d289c7-8aca-4523-9e85-52f4f3632356\.system_generated\steps\2219\
	                   1	C:\Users\DannyGeminiAnti\.gemini\antigravity\brain\13d289c7-8aca-4523-9e85-52f4f3632356\.system_generated\steps\2221\
	                   1	C:\Users\DannyGeminiAnti\.gemini\antigravity\brain\13d289c7-8aca-4523-9e85-52f4f3632356\.system_generated\steps\2223\
	                   1	C:\Users\DannyGeminiAnti\.gemini\antigravity\brain\13d289c7-8aca-4523-9e85-52f4f3632356\.system_generated\steps\2225\
	                   1	C:\Users\DannyGeminiAnti\.gemini\antigravity\brain\13d289c7-8aca-4523-9e85-52f4f3632356\.system_generated\steps\2227\
	                   1	C:\Users\DannyGeminiAnti\.gemini\antigravity\brain\13d289c7-8aca-4523-9e85-52f4f3632356\.system_generated\steps\2229\
	                   1	C:\Users\DannyGeminiAnti\.gemini\antigravity\brain\13d289c7-8aca-4523-9e85-52f4f3632356\.system_generated\steps\2231\
	                   1	C:\Users\DannyGeminiAnti\.gemini\antigravity\brain\13d289c7-8aca-4523-9e85-52f4f3632356\.system_generated\steps\2233\
	                   1	C:\Users\DannyGeminiAnti\.gemini\antigravity\brain\13d289c7-8aca-4523-9e85-52f4f3632356\.system_generated\steps\2237\
	                   1	C:\Users\DannyGeminiAnti\.gemini\antigravity\brain\13d289c7-8aca-4523-9e85-52f4f3632356\.system_generated\steps\2239\
	                   1	C:\Users\DannyGeminiAnti\.gemini\antigravity\brain\13d289c7-8aca-4523-9e85-52f4f3632356\.system_generated\steps\2241\
	                   1	C:\Users\DannyGeminiAnti\.gemini\antigravity\brain\13d289c7-8aca-4523-9e85-52f4f3632356\.system_generated\steps\2243\
	                   1	C:\Users\DannyGeminiAnti\.gemini\antigravity\brain\13d289c7-8aca-4523-9e85-52f4f3632356\.system_generated\steps\2245\
	                   1	C:\Users\DannyGeminiAnti\.gemini\antigravity\brain\13d289c7-8aca-4523-9e85-52f4f3632356\.system_generated\steps\2249\
	                   1	C:\Users\DannyGeminiAnti\.gemini\antigravity\brain\13d289c7-8aca-4523-9e85-52f4f3632356\.system_generated\steps\2251\
	                   1	C:\Users\DannyGeminiAnti\.gemini\antigravity\brain\13d289c7-8aca-4523-9e85-52f4f3632356\.system_generated\steps\2253\
	                   1	C:\Users\DannyGeminiAnti\.gemini\antigravity\brain\13d289c7-8aca-4523-9e85-52f4f3632356\.system_generated\steps\2255\
	                   1	C:\Users\DannyGeminiAnti\.gemini\antigravity\brain\13d289c7-8aca-4523-9e85-52f4f3632356\.system_generated\steps\2257\
	                   1	C:\Users\DannyGeminiAnti\.gemini\antigravity\brain\13d289c7-8aca-4523-9e85-52f4f3632356\.system_generated\steps\2259\
	                   1	C:\Users\DannyGeminiAnti\.gemini\antigravity\brain\13d289c7-8aca-4523-9e85-52f4f3632356\.system_generated\steps\2262\
	                   1	C:\Users\DannyGeminiAnti\.gemini\antigravity\brain\13d289c7-8aca-4523-9e85-52f4f3632356\.system_generated\steps\2264\
	                   1	C:\Users\DannyGeminiAnti\.gemini\antigravity\brain\13d289c7-8aca-4523-9e85-52f4f3632356\.system_generated\steps\2266\
	                   1	C:\Users\DannyGeminiAnti\.gemini\antigravity\brain\13d289c7-8aca-4523-9e85-52f4f3632356\.system_generated\steps\2268\
	                   1	C:\Users\DannyGeminiAnti\.gemini\antigravity\brain\13d289c7-8aca-4523-9e85-52f4f3632356\.system_generated\steps\227\
	                   1	C:\Users\DannyGeminiAnti\.gemini\antigravity\brain\13d289c7-8aca-4523-9e85-52f4f3632356\.system_generated\steps\2270\
	                   1	C:\Users\DannyGeminiAnti\.gemini\antigravity\brain\13d289c7-8aca-4523-9e85-52f4f3632356\.system_generated\steps\2272\
	                   1	C:\Users\DannyGeminiAnti\.gemini\antigravity\brain\13d289c7-8aca-4523-9e85-52f4f3632356\.system_generated\steps\2274\
	                   1	C:\Users\DannyGeminiAnti\.gemini\antigravity\brain\13d289c7-8aca-4523-9e85-52f4f3632356\.system_generated\steps\2276\
	                   1	C:\Users\DannyGeminiAnti\.gemini\antigravity\brain\13d289c7-8aca-4523-9e85-52f4f3632356\.system_generated\steps\2278\
	                   1	C:\Users\DannyGeminiAnti\.gemini\antigravity\brain\13d289c7-8aca-4523-9e85-52f4f3632356\.system_generated\steps\2280\
	                   1	C:\Users\DannyGeminiAnti\.gemini\antigravity\brain\13d289c7-8aca-4523-9e85-52f4f3632356\.system_generated\steps\2282\
	                   1	C:\Users\DannyGeminiAnti\.gemini\antigravity\brain\13d289c7-8aca-4523-9e85-52f4f3632356\.system_generated\steps\2284\
	                   1	C:\Users\DannyGeminiAnti\.gemini\antigravity\brain\13d289c7-8aca-4523-9e85-52f4f3632356\.system_generated\steps\2286\
	                   1	C:\Users\DannyGeminiAnti\.gemini\antigravity\brain\13d289c7-8aca-4523-9e85-52f4f3632356\.system_generated\steps\229\
	                   1	C:\Users\DannyGeminiAnti\.gemini\antigravity\brain\13d289c7-8aca-4523-9e85-52f4f3632356\.system_generated\steps\2292\
	                   1	C:\Users\DannyGeminiAnti\.gemini\antigravity\brain\13d289c7-8aca-4523-9e85-52f4f3632356\.system_generated\steps\2296\
	                   1	C:\Users\DannyGeminiAnti\.gemini\antigravity\brain\13d289c7-8aca-4523-9e85-52f4f3632356\.system_generated\steps\2298\
	                   1	C:\Users\DannyGeminiAnti\.gemini\antigravity\brain\13d289c7-8aca-4523-9e85-52f4f3632356\.system_generated\steps\23\
	                   1	C:\Users\DannyGeminiAnti\.gemini\antigravity\brain\13d289c7-8aca-4523-9e85-52f4f3632356\.system_generated\steps\2300\
	                   1	C:\Users\DannyGeminiAnti\.gemini\antigravity\brain\13d289c7-8aca-4523-9e85-52f4f3632356\.system_generated\steps\2302\
	                   1	C:\Users\DannyGeminiAnti\.gemini\antigravity\brain\13d289c7-8aca-4523-9e85-52f4f3632356\.system_generated\steps\2304\
	                   1	C:\Users\DannyGeminiAnti\.gemini\antigravity\brain\13d289c7-8aca-4523-9e85-52f4f3632356\.system_generated\steps\2306\
	                   1	C:\Users\DannyGeminiAnti\.gemini\antigravity\brain\13d289c7-8aca-4523-9e85-52f4f3632356\.system_generated\steps\2308\
	                   1	C:\Users\DannyGeminiAnti\.gemini\antigravity\brain\13d289c7-8aca-4523-9e85-52f4f3632356\.system_generated\steps\2310\
	                   1	C:\Users\DannyGeminiAnti\.gemini\antigravity\brain\13d289c7-8aca-4523-9e85-52f4f3632356\.system_generated\steps\2312\
	                   1	C:\Users\DannyGeminiAnti\.gemini\antigravity\brain\13d289c7-8aca-4523-9e85-52f4f3632356\.system_generated\steps\2314\
	                   1	C:\Users\DannyGeminiAnti\.gemini\antigravity\brain\13d289c7-8aca-4523-9e85-52f4f3632356\.system_generated\steps\2316\
	                   1	C:\Users\DannyGeminiAnti\.gemini\antigravity\brain\13d289c7-8aca-4523-9e85-52f4f3632356\.system_generated\steps\2318\
	                   1	C:\Users\DannyGeminiAnti\.gemini\antigravity\brain\13d289c7-8aca-4523-9e85-52f4f3632356\.system_generated\steps\2320\
	                   1	C:\Users\DannyGeminiAnti\.gemini\antigravity\brain\13d289c7-8aca-4523-9e85-52f4f3632356\.system_generated\steps\2322\
	                   1	C:\Users\DannyGeminiAnti\.gemini\antigravity\brain\13d289c7-8aca-4523-9e85-52f4f3632356\.system_generated\steps\2324\
	                   1	C:\Users\DannyGeminiAnti\.gemini\antigravity\brain\13d289c7-8aca-4523-9e85-52f4f3632356\.system_generated\steps\2326\
	                   1	C:\Users\DannyGeminiAnti\.gemini\antigravity\brain\13d289c7-8aca-4523-9e85-52f4f3632356\.system_generated\steps\2328\
	                   1	C:\Users\DannyGeminiAnti\.gemini\antigravity\brain\13d289c7-8aca-4523-9e85-52f4f3632356\.system_generated\steps\233\
	                   1	C:\Users\DannyGeminiAnti\.gemini\antigravity\brain\13d289c7-8aca-4523-9e85-52f4f3632356\.system_generated\steps\2330\
	                   1	C:\Users\DannyGeminiAnti\.gemini\antigravity\brain\13d289c7-8aca-4523-9e85-52f4f3632356\.system_generated\steps\2332\
	                   1	C:\Users\DannyGeminiAnti\.gemini\antigravity\brain\13d289c7-8aca-4523-9e85-52f4f3632356\.system_generated\steps\2334\
	                   1	C:\Users\DannyGeminiAnti\.gemini\antigravity\brain\13d289c7-8aca-4523-9e85-52f4f3632356\.system_generated\steps\2336\
	                   1	C:\Users\DannyGeminiAnti\.gemini\antigravity\brain\13d289c7-8aca-4523-9e85-52f4f3632356\.system_generated\steps\2338\
	                   1	C:\Users\DannyGeminiAnti\.gemini\antigravity\brain\13d289c7-8aca-4523-9e85-52f4f3632356\.system_generated\steps\2340\
	                   1	C:\Users\DannyGeminiAnti\.gemini\antigravity\brain\13d289c7-8aca-4523-9e85-52f4f3632356\.system_generated\steps\2342\
	                   1	C:\Users\DannyGeminiAnti\.gemini\antigravity\brain\13d289c7-8aca-4523-9e85-52f4f3632356\.system_generated\steps\2344\
	                   1	C:\Users\DannyGeminiAnti\.gemini\antigravity\brain\13d289c7-8aca-4523-9e85-52f4f3632356\.system_generated\steps\2346\
	                   1	C:\Users\DannyGeminiAnti\.gemini\antigravity\brain\13d289c7-8aca-4523-9e85-52f4f3632356\.system_generated\steps\2348\
	                   1	C:\Users\DannyGeminiAnti\.gemini\antigravity\brain\13d289c7-8aca-4523-9e85-52f4f3632356\.system_generated\steps\2350\
	                   1	C:\Users\DannyGeminiAnti\.gemini\antigravity\brain\13d289c7-8aca-4523-9e85-52f4f3632356\.system_generated\steps\2354\
	                   1	C:\Users\DannyGeminiAnti\.gemini\antigravity\brain\13d289c7-8aca-4523-9e85-52f4f3632356\.system_generated\steps\2360\
	                   1	C:\Users\DannyGeminiAnti\.gemini\antigravity\brain\13d289c7-8aca-4523-9e85-52f4f3632356\.system_generated\steps\2362\
	                   1	C:\Users\DannyGeminiAnti\.gemini\antigravity\brain\13d289c7-8aca-4523-9e85-52f4f3632356\.system_generated\steps\2364\
	                   1	C:\Users\DannyGeminiAnti\.gemini\antigravity\brain\13d289c7-8aca-4523-9e85-52f4f3632356\.system_generated\steps\2366\
	                   1	C:\Users\DannyGeminiAnti\.gemini\antigravity\brain\13d289c7-8aca-4523-9e85-52f4f3632356\.system_generated\steps\2368\
	                   1	C:\Users\DannyGeminiAnti\.gemini\antigravity\brain\13d289c7-8aca-4523-9e85-52f4f3632356\.system_generated\steps\237\
	                   1	C:\Users\DannyGeminiAnti\.gemini\antigravity\brain\13d289c7-8aca-4523-9e85-52f4f3632356\.system_generated\steps\2370\
	                   1	C:\Users\DannyGeminiAnti\.gemini\antigravity\brain\13d289c7-8aca-4523-9e85-52f4f3632356\.system_generated\steps\2372\
	                   1	C:\Users\DannyGeminiAnti\.gemini\antigravity\brain\13d289c7-8aca-4523-9e85-52f4f3632356\.system_generated\steps\2374\
	                   1	C:\Users\DannyGeminiAnti\.gemini\antigravity\brain\13d289c7-8aca-4523-9e85-52f4f3632356\.system_generated\steps\2376\
	                   1	C:\Users\DannyGeminiAnti\.gemini\antigravity\brain\13d289c7-8aca-4523-9e85-52f4f3632356\.system_generated\steps\2378\
	                   1	C:\Users\DannyGeminiAnti\.gemini\antigravity\brain\13d289c7-8aca-4523-9e85-52f4f3632356\.system_generated\steps\2380\
	                   1	C:\Users\DannyGeminiAnti\.gemini\antigravity\brain\13d289c7-8aca-4523-9e85-52f4f3632356\.system_generated\steps\2383\
	                   1	C:\Users\DannyGeminiAnti\.gemini\antigravity\brain\13d289c7-8aca-4523-9e85-52f4f3632356\.system_generated\steps\2385\
	                   1	C:\Users\DannyGeminiAnti\.gemini\antigravity\brain\13d289c7-8aca-4523-9e85-52f4f3632356\.system_generated\steps\2387\
	                   1	C:\Users\DannyGeminiAnti\.gemini\antigravity\brain\13d289c7-8aca-4523-9e85-52f4f3632356\.system_generated\steps\2389\
	                   1	C:\Users\DannyGeminiAnti\.gemini\antigravity\brain\13d289c7-8aca-4523-9e85-52f4f3632356\.system_generated\steps\239\
	                   1	C:\Users\DannyGeminiAnti\.gemini\antigravity\brain\13d289c7-8aca-4523-9e85-52f4f3632356\.system_generated\steps\2391\
	                   1	C:\Users\DannyGeminiAnti\.gemini\antigravity\brain\13d289c7-8aca-4523-9e85-52f4f3632356\.system_generated\steps\2395\
	                   1	C:\Users\DannyGeminiAnti\.gemini\antigravity\brain\13d289c7-8aca-4523-9e85-52f4f3632356\.system_generated\steps\2397\
	                   1	C:\Users\DannyGeminiAnti\.gemini\antigravity\brain\13d289c7-8aca-4523-9e85-52f4f3632356\.system_generated\steps\2401\
	                   1	C:\Users\DannyGeminiAnti\.gemini\antigravity\brain\13d289c7-8aca-4523-9e85-52f4f3632356\.system_generated\steps\241\
	                   1	C:\Users\DannyGeminiAnti\.gemini\antigravity\brain\13d289c7-8aca-4523-9e85-52f4f3632356\.system_generated\steps\2419\
	                   1	C:\Users\DannyGeminiAnti\.gemini\antigravity\brain\13d289c7-8aca-4523-9e85-52f4f3632356\.system_generated\steps\2423\
	                   1	C:\Users\DannyGeminiAnti\.gemini\antigravity\brain\13d289c7-8aca-4523-9e85-52f4f3632356\.system_generated\steps\2431\
	                   1	C:\Users\DannyGeminiAnti\.gemini\antigravity\brain\13d289c7-8aca-4523-9e85-52f4f3632356\.system_generated\steps\2433\
	                   1	C:\Users\DannyGeminiAnti\.gemini\antigravity\brain\13d289c7-8aca-4523-9e85-52f4f3632356\.system_generated\steps\2441\
	                   1	C:\Users\DannyGeminiAnti\.gemini\antigravity\brain\13d289c7-8aca-4523-9e85-52f4f3632356\.system_generated\steps\2447\
	                   1	C:\Users\DannyGeminiAnti\.gemini\antigravity\brain\13d289c7-8aca-4523-9e85-52f4f3632356\.system_generated\steps\2449\
	                   1	C:\Users\DannyGeminiAnti\.gemini\antigravity\brain\13d289c7-8aca-4523-9e85-52f4f3632356\.system_generated\steps\2453\
	                   1	C:\Users\DannyGeminiAnti\.gemini\antigravity\brain\13d289c7-8aca-4523-9e85-52f4f3632356\.system_generated\steps\2455\
	                   1	C:\Users\DannyGeminiAnti\.gemini\antigravity\brain\13d289c7-8aca-4523-9e85-52f4f3632356\.system_generated\steps\2457\
	                   1	C:\Users\DannyGeminiAnti\.gemini\antigravity\brain\13d289c7-8aca-4523-9e85-52f4f3632356\.system_generated\steps\2459\
	                   1	C:\Users\DannyGeminiAnti\.gemini\antigravity\brain\13d289c7-8aca-4523-9e85-52f4f3632356\.system_generated\steps\2461\
	                   1	C:\Users\DannyGeminiAnti\.gemini\antigravity\brain\13d289c7-8aca-4523-9e85-52f4f3632356\.system_generated\steps\2463\
	                   1	C:\Users\DannyGeminiAnti\.gemini\antigravity\brain\13d289c7-8aca-4523-9e85-52f4f3632356\.system_generated\steps\2465\
	                   1	C:\Users\DannyGeminiAnti\.gemini\antigravity\brain\13d289c7-8aca-4523-9e85-52f4f3632356\.system_generated\steps\2479\
	                   1	C:\Users\DannyGeminiAnti\.gemini\antigravity\brain\13d289c7-8aca-4523-9e85-52f4f3632356\.system_generated\steps\2481\
	                   1	C:\Users\DannyGeminiAnti\.gemini\antigravity\brain\13d289c7-8aca-4523-9e85-52f4f3632356\.system_generated\steps\2483\
	                   1	C:\Users\DannyGeminiAnti\.gemini\antigravity\brain\13d289c7-8aca-4523-9e85-52f4f3632356\.system_generated\steps\2485\
	                   1	C:\Users\DannyGeminiAnti\.gemini\antigravity\brain\13d289c7-8aca-4523-9e85-52f4f3632356\.system_generated\steps\2487\
	                   1	C:\Users\DannyGeminiAnti\.gemini\antigravity\brain\13d289c7-8aca-4523-9e85-52f4f3632356\.system_generated\steps\2489\
	                   1	C:\Users\DannyGeminiAnti\.gemini\antigravity\brain\13d289c7-8aca-4523-9e85-52f4f3632356\.system_generated\steps\249\
	                   1	C:\Users\DannyGeminiAnti\.gemini\antigravity\brain\13d289c7-8aca-4523-9e85-52f4f3632356\.system_generated\steps\2491\
	                   1	C:\Users\DannyGeminiAnti\.gemini\antigravity\brain\13d289c7-8aca-4523-9e85-52f4f3632356\.system_generated\steps\2497\
	                   1	C:\Users\DannyGeminiAnti\.gemini\antigravity\brain\13d289c7-8aca-4523-9e85-52f4f3632356\.system_generated\steps\25\
	                   1	C:\Users\DannyGeminiAnti\.gemini\antigravity\brain\13d289c7-8aca-4523-9e85-52f4f3632356\.system_generated\steps\2501\
	                   1	C:\Users\DannyGeminiAnti\.gemini\antigravity\brain\13d289c7-8aca-4523-9e85-52f4f3632356\.system_generated\steps\2503\
	                   1	C:\Users\DannyGeminiAnti\.gemini\antigravity\brain\13d289c7-8aca-4523-9e85-52f4f3632356\.system_generated\steps\2505\
	                   1	C:\Users\DannyGeminiAnti\.gemini\antigravity\brain\13d289c7-8aca-4523-9e85-52f4f3632356\.system_generated\steps\2507\
	                   1	C:\Users\DannyGeminiAnti\.gemini\antigravity\brain\13d289c7-8aca-4523-9e85-52f4f3632356\.system_generated\steps\2509\
	                   2	C:\Users\DannyGeminiAnti\.gemini\antigravity\brain\13d289c7-8aca-4523-9e85-52f4f3632356\.system_generated\steps\251\
	                   1	C:\Users\DannyGeminiAnti\.gemini\antigravity\brain\13d289c7-8aca-4523-9e85-52f4f3632356\.system_generated\steps\2511\
	                   1	C:\Users\DannyGeminiAnti\.gemini\antigravity\brain\13d289c7-8aca-4523-9e85-52f4f3632356\.system_generated\steps\2513\
	                   1	C:\Users\DannyGeminiAnti\.gemini\antigravity\brain\13d289c7-8aca-4523-9e85-52f4f3632356\.system_generated\steps\2515\
	                   1	C:\Users\DannyGeminiAnti\.gemini\antigravity\brain\13d289c7-8aca-4523-9e85-52f4f3632356\.system_generated\steps\2523\
	                   1	C:\Users\DannyGeminiAnti\.gemini\antigravity\brain\13d289c7-8aca-4523-9e85-52f4f3632356\.system_generated\steps\2531\
	                   1	C:\Users\DannyGeminiAnti\.gemini\antigravity\brain\13d289c7-8aca-4523-9e85-52f4f3632356\.system_generated\steps\2533\
	                   1	C:\Users\DannyGeminiAnti\.gemini\antigravity\brain\13d289c7-8aca-4523-9e85-52f4f3632356\.system_generated\steps\2535\
	                   1	C:\Users\DannyGeminiAnti\.gemini\antigravity\brain\13d289c7-8aca-4523-9e85-52f4f3632356\.system_generated\steps\2541\
	                   1	C:\Users\DannyGeminiAnti\.gemini\antigravity\brain\13d289c7-8aca-4523-9e85-52f4f3632356\.system_generated\steps\2543\
	                   1	C:\Users\DannyGeminiAnti\.gemini\antigravity\brain\13d289c7-8aca-4523-9e85-52f4f3632356\.system_generated\steps\2547\
	                   1	C:\Users\DannyGeminiAnti\.gemini\antigravity\brain\13d289c7-8aca-4523-9e85-52f4f3632356\.system_generated\steps\255\
	                   1	C:\Users\DannyGeminiAnti\.gemini\antigravity\brain\13d289c7-8aca-4523-9e85-52f4f3632356\.system_generated\steps\2551\
	                   1	C:\Users\DannyGeminiAnti\.gemini\antigravity\brain\13d289c7-8aca-4523-9e85-52f4f3632356\.system_generated\steps\2553\
	                   1	C:\Users\DannyGeminiAnti\.gemini\antigravity\brain\13d289c7-8aca-4523-9e85-52f4f3632356\.system_generated\steps\2555\
	                   1	C:\Users\DannyGeminiAnti\.gemini\antigravity\brain\13d289c7-8aca-4523-9e85-52f4f3632356\.system_generated\steps\2557\
	                   1	C:\Users\DannyGeminiAnti\.gemini\antigravity\brain\13d289c7-8aca-4523-9e85-52f4f3632356\.system_generated\steps\2563\
	                   1	C:\Users\DannyGeminiAnti\.gemini\antigravity\brain\13d289c7-8aca-4523-9e85-52f4f3632356\.system_generated\steps\2565\
	                   1	C:\Users\DannyGeminiAnti\.gemini\antigravity\brain\13d289c7-8aca-4523-9e85-52f4f3632356\.system_generated\steps\2569\
	                   1	C:\Users\DannyGeminiAnti\.gemini\antigravity\brain\13d289c7-8aca-4523-9e85-52f4f3632356\.system_generated\steps\2571\
	                   1	C:\Users\DannyGeminiAnti\.gemini\antigravity\brain\13d289c7-8aca-4523-9e85-52f4f3632356\.system_generated\steps\2573\
	                   1	C:\Users\DannyGeminiAnti\.gemini\antigravity\brain\13d289c7-8aca-4523-9e85-52f4f3632356\.system_generated\steps\2575\
	                   1	C:\Users\DannyGeminiAnti\.gemini\antigravity\brain\13d289c7-8aca-4523-9e85-52f4f3632356\.system_generated\steps\2581\
	                   1	C:\Users\DannyGeminiAnti\.gemini\antigravity\brain\13d289c7-8aca-4523-9e85-52f4f3632356\.system_generated\steps\2585\
	                   1	C:\Users\DannyGeminiAnti\.gemini\antigravity\brain\13d289c7-8aca-4523-9e85-52f4f3632356\.system_generated\steps\2587\
	                   1	C:\Users\DannyGeminiAnti\.gemini\antigravity\brain\13d289c7-8aca-4523-9e85-52f4f3632356\.system_generated\steps\2589\
	                   1	C:\Users\DannyGeminiAnti\.gemini\antigravity\brain\13d289c7-8aca-4523-9e85-52f4f3632356\.system_generated\steps\2591\
	                   1	C:\Users\DannyGeminiAnti\.gemini\antigravity\brain\13d289c7-8aca-4523-9e85-52f4f3632356\.system_generated\steps\2593\
	                   1	C:\Users\DannyGeminiAnti\.gemini\antigravity\brain\13d289c7-8aca-4523-9e85-52f4f3632356\.system_generated\steps\2595\
	                   1	C:\Users\DannyGeminiAnti\.gemini\antigravity\brain\13d289c7-8aca-4523-9e85-52f4f3632356\.system_generated\steps\2597\
	                   1	C:\Users\DannyGeminiAnti\.gemini\antigravity\brain\13d289c7-8aca-4523-9e85-52f4f3632356\.system_generated\steps\2600\
	                   1	C:\Users\DannyGeminiAnti\.gemini\antigravity\brain\13d289c7-8aca-4523-9e85-52f4f3632356\.system_generated\steps\2602\
	                   1	C:\Users\DannyGeminiAnti\.gemini\antigravity\brain\13d289c7-8aca-4523-9e85-52f4f3632356\.system_generated\steps\2606\
	                   1	C:\Users\DannyGeminiAnti\.gemini\antigravity\brain\13d289c7-8aca-4523-9e85-52f4f3632356\.system_generated\steps\2608\
	                   1	C:\Users\DannyGeminiAnti\.gemini\antigravity\brain\13d289c7-8aca-4523-9e85-52f4f3632356\.system_generated\steps\2610\
	                   1	C:\Users\DannyGeminiAnti\.gemini\antigravity\brain\13d289c7-8aca-4523-9e85-52f4f3632356\.system_generated\steps\2612\
	                   1	C:\Users\DannyGeminiAnti\.gemini\antigravity\brain\13d289c7-8aca-4523-9e85-52f4f3632356\.system_generated\steps\2616\
	                   1	C:\Users\DannyGeminiAnti\.gemini\antigravity\brain\13d289c7-8aca-4523-9e85-52f4f3632356\.system_generated\steps\2618\
	                   1	C:\Users\DannyGeminiAnti\.gemini\antigravity\brain\13d289c7-8aca-4523-9e85-52f4f3632356\.system_generated\steps\2620\
	                   1	C:\Users\DannyGeminiAnti\.gemini\antigravity\brain\13d289c7-8aca-4523-9e85-52f4f3632356\.system_generated\steps\2622\
	                   1	C:\Users\DannyGeminiAnti\.gemini\antigravity\brain\13d289c7-8aca-4523-9e85-52f4f3632356\.system_generated\steps\2624\
	                   1	C:\Users\DannyGeminiAnti\.gemini\antigravity\brain\13d289c7-8aca-4523-9e85-52f4f3632356\.system_generated\steps\2626\
	                   1	C:\Users\DannyGeminiAnti\.gemini\antigravity\brain\13d289c7-8aca-4523-9e85-52f4f3632356\.system_generated\steps\2632\
	                   1	C:\Users\DannyGeminiAnti\.gemini\antigravity\brain\13d289c7-8aca-4523-9e85-52f4f3632356\.system_generated\steps\2634\
	                   1	C:\Users\DannyGeminiAnti\.gemini\antigravity\brain\13d289c7-8aca-4523-9e85-52f4f3632356\.system_generated\steps\2636\
	                   1	C:\Users\DannyGeminiAnti\.gemini\antigravity\brain\13d289c7-8aca-4523-9e85-52f4f3632356\.system_generated\steps\2640\
	                   1	C:\Users\DannyGeminiAnti\.gemini\antigravity\brain\13d289c7-8aca-4523-9e85-52f4f3632356\.system_generated\steps\2642\
	                   1	C:\Users\DannyGeminiAnti\.gemini\antigravity\brain\13d289c7-8aca-4523-9e85-52f4f3632356\.system_generated\steps\2644\
	                   1	C:\Users\DannyGeminiAnti\.gemini\antigravity\brain\13d289c7-8aca-4523-9e85-52f4f3632356\.system_generated\steps\2646\
	                   1	C:\Users\DannyGeminiAnti\.gemini\antigravity\brain\13d289c7-8aca-4523-9e85-52f4f3632356\.system_generated\steps\2648\
	                   1	C:\Users\DannyGeminiAnti\.gemini\antigravity\brain\13d289c7-8aca-4523-9e85-52f4f3632356\.system_generated\steps\2650\
	                   1	C:\Users\DannyGeminiAnti\.gemini\antigravity\brain\13d289c7-8aca-4523-9e85-52f4f3632356\.system_generated\steps\2652\
	                   1	C:\Users\DannyGeminiAnti\.gemini\antigravity\brain\13d289c7-8aca-4523-9e85-52f4f3632356\.system_generated\steps\2654\
	                   1	C:\Users\DannyGeminiAnti\.gemini\antigravity\brain\13d289c7-8aca-4523-9e85-52f4f3632356\.system_generated\steps\2656\
	                   1	C:\Users\DannyGeminiAnti\.gemini\antigravity\brain\13d289c7-8aca-4523-9e85-52f4f3632356\.system_generated\steps\2658\
	                   1	C:\Users\DannyGeminiAnti\.gemini\antigravity\brain\13d289c7-8aca-4523-9e85-52f4f3632356\.system_generated\steps\266\
	                   1	C:\Users\DannyGeminiAnti\.gemini\antigravity\brain\13d289c7-8aca-4523-9e85-52f4f3632356\.system_generated\steps\2662\
	                   1	C:\Users\DannyGeminiAnti\.gemini\antigravity\brain\13d289c7-8aca-4523-9e85-52f4f3632356\.system_generated\steps\2668\
	                   1	C:\Users\DannyGeminiAnti\.gemini\antigravity\brain\13d289c7-8aca-4523-9e85-52f4f3632356\.system_generated\steps\2670\
	                   1	C:\Users\DannyGeminiAnti\.gemini\antigravity\brain\13d289c7-8aca-4523-9e85-52f4f3632356\.system_generated\steps\2672\
	                   1	C:\Users\DannyGeminiAnti\.gemini\antigravity\brain\13d289c7-8aca-4523-9e85-52f4f3632356\.system_generated\steps\2674\
	                   1	C:\Users\DannyGeminiAnti\.gemini\antigravity\brain\13d289c7-8aca-4523-9e85-52f4f3632356\.system_generated\steps\2676\
	                   1	C:\Users\DannyGeminiAnti\.gemini\antigravity\brain\13d289c7-8aca-4523-9e85-52f4f3632356\.system_generated\steps\2678\
	                   1	C:\Users\DannyGeminiAnti\.gemini\antigravity\brain\13d289c7-8aca-4523-9e85-52f4f3632356\.system_generated\steps\2680\
	                   1	C:\Users\DannyGeminiAnti\.gemini\antigravity\brain\13d289c7-8aca-4523-9e85-52f4f3632356\.system_generated\steps\2682\
	                   1	C:\Users\DannyGeminiAnti\.gemini\antigravity\brain\13d289c7-8aca-4523-9e85-52f4f3632356\.system_generated\steps\2684\
	                   1	C:\Users\DannyGeminiAnti\.gemini\antigravity\brain\13d289c7-8aca-4523-9e85-52f4f3632356\.system_generated\steps\2686\
	                   1	C:\Users\DannyGeminiAnti\.gemini\antigravity\brain\13d289c7-8aca-4523-9e85-52f4f3632356\.system_generated\steps\2688\
	                   1	C:\Users\DannyGeminiAnti\.gemini\antigravity\brain\13d289c7-8aca-4523-9e85-52f4f3632356\.system_generated\steps\2691\
	                   1	C:\Users\DannyGeminiAnti\.gemini\antigravity\brain\13d289c7-8aca-4523-9e85-52f4f3632356\.system_generated\steps\2695\
	                   1	C:\Users\DannyGeminiAnti\.gemini\antigravity\brain\13d289c7-8aca-4523-9e85-52f4f3632356\.system_generated\steps\2697\
	                   1	C:\Users\DannyGeminiAnti\.gemini\antigravity\brain\13d289c7-8aca-4523-9e85-52f4f3632356\.system_generated\steps\2699\
	                   1	C:\Users\DannyGeminiAnti\.gemini\antigravity\brain\13d289c7-8aca-4523-9e85-52f4f3632356\.system_generated\steps\27\
	                   1	C:\Users\DannyGeminiAnti\.gemini\antigravity\brain\13d289c7-8aca-4523-9e85-52f4f3632356\.system_generated\steps\2701\
	                   1	C:\Users\DannyGeminiAnti\.gemini\antigravity\brain\13d289c7-8aca-4523-9e85-52f4f3632356\.system_generated\steps\2703\
	                   1	C:\Users\DannyGeminiAnti\.gemini\antigravity\brain\13d289c7-8aca-4523-9e85-52f4f3632356\.system_generated\steps\2709\
	                   1	C:\Users\DannyGeminiAnti\.gemini\antigravity\brain\13d289c7-8aca-4523-9e85-52f4f3632356\.system_generated\steps\271\
	                   1	C:\Users\DannyGeminiAnti\.gemini\antigravity\brain\13d289c7-8aca-4523-9e85-52f4f3632356\.system_generated\steps\2711\
	                   1	C:\Users\DannyGeminiAnti\.gemini\antigravity\brain\13d289c7-8aca-4523-9e85-52f4f3632356\.system_generated\steps\2713\
	                   1	C:\Users\DannyGeminiAnti\.gemini\antigravity\brain\13d289c7-8aca-4523-9e85-52f4f3632356\.system_generated\steps\2715\
	                   1	C:\Users\DannyGeminiAnti\.gemini\antigravity\brain\13d289c7-8aca-4523-9e85-52f4f3632356\.system_generated\steps\2717\
	                   1	C:\Users\DannyGeminiAnti\.gemini\antigravity\brain\13d289c7-8aca-4523-9e85-52f4f3632356\.system_generated\steps\2719\
	                   1	C:\Users\DannyGeminiAnti\.gemini\antigravity\brain\13d289c7-8aca-4523-9e85-52f4f3632356\.system_generated\steps\2721\
	                   1	C:\Users\DannyGeminiAnti\.gemini\antigravity\brain\13d289c7-8aca-4523-9e85-52f4f3632356\.system_generated\steps\2723\
	                   1	C:\Users\DannyGeminiAnti\.gemini\antigravity\brain\13d289c7-8aca-4523-9e85-52f4f3632356\.system_generated\steps\2725\
	                   1	C:\Users\DannyGeminiAnti\.gemini\antigravity\brain\13d289c7-8aca-4523-9e85-52f4f3632356\.system_generated\steps\2727\
	                   1	C:\Users\DannyGeminiAnti\.gemini\antigravity\brain\13d289c7-8aca-4523-9e85-52f4f3632356\.system_generated\steps\2729\
	                   1	C:\Users\DannyGeminiAnti\.gemini\antigravity\brain\13d289c7-8aca-4523-9e85-52f4f3632356\.system_generated\steps\273\
	                   1	C:\Users\DannyGeminiAnti\.gemini\antigravity\brain\13d289c7-8aca-4523-9e85-52f4f3632356\.system_generated\steps\2731\
	                   1	C:\Users\DannyGeminiAnti\.gemini\antigravity\brain\13d289c7-8aca-4523-9e85-52f4f3632356\.system_generated\steps\2733\
	                   1	C:\Users\DannyGeminiAnti\.gemini\antigravity\brain\13d289c7-8aca-4523-9e85-52f4f3632356\.system_generated\steps\2735\
	                   1	C:\Users\DannyGeminiAnti\.gemini\antigravity\brain\13d289c7-8aca-4523-9e85-52f4f3632356\.system_generated\steps\2737\
	                   1	C:\Users\DannyGeminiAnti\.gemini\antigravity\brain\13d289c7-8aca-4523-9e85-52f4f3632356\.system_generated\steps\2739\
	                   1	C:\Users\DannyGeminiAnti\.gemini\antigravity\brain\13d289c7-8aca-4523-9e85-52f4f3632356\.system_generated\steps\275\
	                   1	C:\Users\DannyGeminiAnti\.gemini\antigravity\brain\13d289c7-8aca-4523-9e85-52f4f3632356\.system_generated\steps\2753\
	                   1	C:\Users\DannyGeminiAnti\.gemini\antigravity\brain\13d289c7-8aca-4523-9e85-52f4f3632356\.system_generated\steps\2755\
	                   1	C:\Users\DannyGeminiAnti\.gemini\antigravity\brain\13d289c7-8aca-4523-9e85-52f4f3632356\.system_generated\steps\2773\
	                   1	C:\Users\DannyGeminiAnti\.gemini\antigravity\brain\13d289c7-8aca-4523-9e85-52f4f3632356\.system_generated\steps\2777\
	                   1	C:\Users\DannyGeminiAnti\.gemini\antigravity\brain\13d289c7-8aca-4523-9e85-52f4f3632356\.system_generated\steps\2785\
	                   1	C:\Users\DannyGeminiAnti\.gemini\antigravity\brain\13d289c7-8aca-4523-9e85-52f4f3632356\.system_generated\steps\2787\
	                   1	C:\Users\DannyGeminiAnti\.gemini\antigravity\brain\13d289c7-8aca-4523-9e85-52f4f3632356\.system_generated\steps\2789\
	                   1	C:\Users\DannyGeminiAnti\.gemini\antigravity\brain\13d289c7-8aca-4523-9e85-52f4f3632356\.system_generated\steps\279\
	                   1	C:\Users\DannyGeminiAnti\.gemini\antigravity\brain\13d289c7-8aca-4523-9e85-52f4f3632356\.system_generated\steps\2791\
	                   1	C:\Users\DannyGeminiAnti\.gemini\antigravity\brain\13d289c7-8aca-4523-9e85-52f4f3632356\.system_generated\steps\2793\
	                   1	C:\Users\DannyGeminiAnti\.gemini\antigravity\brain\13d289c7-8aca-4523-9e85-52f4f3632356\.system_generated\steps\2795\
	                   1	C:\Users\DannyGeminiAnti\.gemini\antigravity\brain\13d289c7-8aca-4523-9e85-52f4f3632356\.system_generated\steps\2797\
	                   1	C:\Users\DannyGeminiAnti\.gemini\antigravity\brain\13d289c7-8aca-4523-9e85-52f4f3632356\.system_generated\steps\2799\
	                   1	C:\Users\DannyGeminiAnti\.gemini\antigravity\brain\13d289c7-8aca-4523-9e85-52f4f3632356\.system_generated\steps\2801\
	                   1	C:\Users\DannyGeminiAnti\.gemini\antigravity\brain\13d289c7-8aca-4523-9e85-52f4f3632356\.system_generated\steps\2803\
	                   1	C:\Users\DannyGeminiAnti\.gemini\antigravity\brain\13d289c7-8aca-4523-9e85-52f4f3632356\.system_generated\steps\2805\
	                   1	C:\Users\DannyGeminiAnti\.gemini\antigravity\brain\13d289c7-8aca-4523-9e85-52f4f3632356\.system_generated\steps\2807\
	                   1	C:\Users\DannyGeminiAnti\.gemini\antigravity\brain\13d289c7-8aca-4523-9e85-52f4f3632356\.system_generated\steps\281\
	                   1	C:\Users\DannyGeminiAnti\.gemini\antigravity\brain\13d289c7-8aca-4523-9e85-52f4f3632356\.system_generated\steps\2813\
	                   1	C:\Users\DannyGeminiAnti\.gemini\antigravity\brain\13d289c7-8aca-4523-9e85-52f4f3632356\.system_generated\steps\2819\
	                   1	C:\Users\DannyGeminiAnti\.gemini\antigravity\brain\13d289c7-8aca-4523-9e85-52f4f3632356\.system_generated\steps\2821\
	                   1	C:\Users\DannyGeminiAnti\.gemini\antigravity\brain\13d289c7-8aca-4523-9e85-52f4f3632356\.system_generated\steps\2823\
	                   1	C:\Users\DannyGeminiAnti\.gemini\antigravity\brain\13d289c7-8aca-4523-9e85-52f4f3632356\.system_generated\steps\2825\
	                   1	C:\Users\DannyGeminiAnti\.gemini\antigravity\brain\13d289c7-8aca-4523-9e85-52f4f3632356\.system_generated\steps\2827\
	                   1	C:\Users\DannyGeminiAnti\.gemini\antigravity\brain\13d289c7-8aca-4523-9e85-52f4f3632356\.system_generated\steps\2829\
	                   1	C:\Users\DannyGeminiAnti\.gemini\antigravity\brain\13d289c7-8aca-4523-9e85-52f4f3632356\.system_generated\steps\283\
	                   1	C:\Users\DannyGeminiAnti\.gemini\antigravity\brain\13d289c7-8aca-4523-9e85-52f4f3632356\.system_generated\steps\2831\
	                   1	C:\Users\DannyGeminiAnti\.gemini\antigravity\brain\13d289c7-8aca-4523-9e85-52f4f3632356\.system_generated\steps\2833\
	                   1	C:\Users\DannyGeminiAnti\.gemini\antigravity\brain\13d289c7-8aca-4523-9e85-52f4f3632356\.system_generated\steps\2835\
	                   1	C:\Users\DannyGeminiAnti\.gemini\antigravity\brain\13d289c7-8aca-4523-9e85-52f4f3632356\.system_generated\steps\2837\
	                   1	C:\Users\DannyGeminiAnti\.gemini\antigravity\brain\13d289c7-8aca-4523-9e85-52f4f3632356\.system_generated\steps\2843\
	                   1	C:\Users\DannyGeminiAnti\.gemini\antigravity\brain\13d289c7-8aca-4523-9e85-52f4f3632356\.system_generated\steps\2845\
	                   1	C:\Users\DannyGeminiAnti\.gemini\antigravity\brain\13d289c7-8aca-4523-9e85-52f4f3632356\.system_generated\steps\2849\
	                   1	C:\Users\DannyGeminiAnti\.gemini\antigravity\brain\13d289c7-8aca-4523-9e85-52f4f3632356\.system_generated\steps\285\
	                   1	C:\Users\DannyGeminiAnti\.gemini\antigravity\brain\13d289c7-8aca-4523-9e85-52f4f3632356\.system_generated\steps\2853\
	                   1	C:\Users\DannyGeminiAnti\.gemini\antigravity\brain\13d289c7-8aca-4523-9e85-52f4f3632356\.system_generated\steps\2855\
	                   1	C:\Users\DannyGeminiAnti\.gemini\antigravity\brain\13d289c7-8aca-4523-9e85-52f4f3632356\.system_generated\steps\2857\
	                   1	C:\Users\DannyGeminiAnti\.gemini\antigravity\brain\13d289c7-8aca-4523-9e85-52f4f3632356\.system_generated\steps\2859\
	                   1	C:\Users\DannyGeminiAnti\.gemini\antigravity\brain\13d289c7-8aca-4523-9e85-52f4f3632356\.system_generated\steps\2861\
	                   1	C:\Users\DannyGeminiAnti\.gemini\antigravity\brain\13d289c7-8aca-4523-9e85-52f4f3632356\.system_generated\steps\2863\
	                   1	C:\Users\DannyGeminiAnti\.gemini\antigravity\brain\13d289c7-8aca-4523-9e85-52f4f3632356\.system_generated\steps\2865\
	                   1	C:\Users\DannyGeminiAnti\.gemini\antigravity\brain\13d289c7-8aca-4523-9e85-52f4f3632356\.system_generated\steps\2867\
	                   1	C:\Users\DannyGeminiAnti\.gemini\antigravity\brain\13d289c7-8aca-4523-9e85-52f4f3632356\.system_generated\steps\2869\
	                   1	C:\Users\DannyGeminiAnti\.gemini\antigravity\brain\13d289c7-8aca-4523-9e85-52f4f3632356\.system_generated\steps\287\
	                   1	C:\Users\DannyGeminiAnti\.gemini\antigravity\brain\13d289c7-8aca-4523-9e85-52f4f3632356\.system_generated\steps\2871\
	                   1	C:\Users\DannyGeminiAnti\.gemini\antigravity\brain\13d289c7-8aca-4523-9e85-52f4f3632356\.system_generated\steps\2873\
	                   1	C:\Users\DannyGeminiAnti\.gemini\antigravity\brain\13d289c7-8aca-4523-9e85-52f4f3632356\.system_generated\steps\2875\
	                   1	C:\Users\DannyGeminiAnti\.gemini\antigravity\brain\13d289c7-8aca-4523-9e85-52f4f3632356\.system_generated\steps\2877\
	                   1	C:\Users\DannyGeminiAnti\.gemini\antigravity\brain\13d289c7-8aca-4523-9e85-52f4f3632356\.system_generated\steps\2880\
	                   1	C:\Users\DannyGeminiAnti\.gemini\antigravity\brain\13d289c7-8aca-4523-9e85-52f4f3632356\.system_generated\steps\2882\
	                   1	C:\Users\DannyGeminiAnti\.gemini\antigravity\brain\13d289c7-8aca-4523-9e85-52f4f3632356\.system_generated\steps\289\
	                   1	C:\Users\DannyGeminiAnti\.gemini\antigravity\brain\13d289c7-8aca-4523-9e85-52f4f3632356\.system_generated\steps\2892\
	                   1	C:\Users\DannyGeminiAnti\.gemini\antigravity\brain\13d289c7-8aca-4523-9e85-52f4f3632356\.system_generated\steps\2894\
	                   1	C:\Users\DannyGeminiAnti\.gemini\antigravity\brain\13d289c7-8aca-4523-9e85-52f4f3632356\.system_generated\steps\29\
	                   1	C:\Users\DannyGeminiAnti\.gemini\antigravity\brain\13d289c7-8aca-4523-9e85-52f4f3632356\.system_generated\steps\2900\
	                   1	C:\Users\DannyGeminiAnti\.gemini\antigravity\brain\13d289c7-8aca-4523-9e85-52f4f3632356\.system_generated\steps\2902\
	                   1	C:\Users\DannyGeminiAnti\.gemini\antigravity\brain\13d289c7-8aca-4523-9e85-52f4f3632356\.system_generated\steps\291\
	                   1	C:\Users\DannyGeminiAnti\.gemini\antigravity\brain\13d289c7-8aca-4523-9e85-52f4f3632356\.system_generated\steps\2914\
	                   1	C:\Users\DannyGeminiAnti\.gemini\antigravity\brain\13d289c7-8aca-4523-9e85-52f4f3632356\.system_generated\steps\2916\
	                   1	C:\Users\DannyGeminiAnti\.gemini\antigravity\brain\13d289c7-8aca-4523-9e85-52f4f3632356\.system_generated\steps\2918\
	                   1	C:\Users\DannyGeminiAnti\.gemini\antigravity\brain\13d289c7-8aca-4523-9e85-52f4f3632356\.system_generated\steps\2920\
	                   1	C:\Users\DannyGeminiAnti\.gemini\antigravity\brain\13d289c7-8aca-4523-9e85-52f4f3632356\.system_generated\steps\2926\
	                   1	C:\Users\DannyGeminiAnti\.gemini\antigravity\brain\13d289c7-8aca-4523-9e85-52f4f3632356\.system_generated\steps\2928\
	                   1	C:\Users\DannyGeminiAnti\.gemini\antigravity\brain\13d289c7-8aca-4523-9e85-52f4f3632356\.system_generated\steps\2930\
	                   1	C:\Users\DannyGeminiAnti\.gemini\antigravity\brain\13d289c7-8aca-4523-9e85-52f4f3632356\.system_generated\steps\2932\
	                   1	C:\Users\DannyGeminiAnti\.gemini\antigravity\brain\13d289c7-8aca-4523-9e85-52f4f3632356\.system_generated\steps\2934\
	                   1	C:\Users\DannyGeminiAnti\.gemini\antigravity\brain\13d289c7-8aca-4523-9e85-52f4f3632356\.system_generated\steps\2936\
	                   1	C:\Users\DannyGeminiAnti\.gemini\antigravity\brain\13d289c7-8aca-4523-9e85-52f4f3632356\.system_generated\steps\2938\
	                   1	C:\Users\DannyGeminiAnti\.gemini\antigravity\brain\13d289c7-8aca-4523-9e85-52f4f3632356\.system_generated\steps\2940\
	                   1	C:\Users\DannyGeminiAnti\.gemini\antigravity\brain\13d289c7-8aca-4523-9e85-52f4f3632356\.system_generated\steps\2942\
	                   1	C:\Users\DannyGeminiAnti\.gemini\antigravity\brain\13d289c7-8aca-4523-9e85-52f4f3632356\.system_generated\steps\2950\
	                   1	C:\Users\DannyGeminiAnti\.gemini\antigravity\brain\13d289c7-8aca-4523-9e85-52f4f3632356\.system_generated\steps\2952\
	                   1	C:\Users\DannyGeminiAnti\.gemini\antigravity\brain\13d289c7-8aca-4523-9e85-52f4f3632356\.system_generated\steps\2954\
	                   1	C:\Users\DannyGeminiAnti\.gemini\antigravity\brain\13d289c7-8aca-4523-9e85-52f4f3632356\.system_generated\steps\2956\
	                   1	C:\Users\DannyGeminiAnti\.gemini\antigravity\brain\13d289c7-8aca-4523-9e85-52f4f3632356\.system_generated\steps\2958\
	                   1	C:\Users\DannyGeminiAnti\.gemini\antigravity\brain\13d289c7-8aca-4523-9e85-52f4f3632356\.system_generated\steps\2960\
	                   1	C:\Users\DannyGeminiAnti\.gemini\antigravity\brain\13d289c7-8aca-4523-9e85-52f4f3632356\.system_generated\steps\2962\
	                   1	C:\Users\DannyGeminiAnti\.gemini\antigravity\brain\13d289c7-8aca-4523-9e85-52f4f3632356\.system_generated\steps\2964\
	                   1	C:\Users\DannyGeminiAnti\.gemini\antigravity\brain\13d289c7-8aca-4523-9e85-52f4f3632356\.system_generated\steps\2966\
	                   1	C:\Users\DannyGeminiAnti\.gemini\antigravity\brain\13d289c7-8aca-4523-9e85-52f4f3632356\.system_generated\steps\2968\
	                   1	C:\Users\DannyGeminiAnti\.gemini\antigravity\brain\13d289c7-8aca-4523-9e85-52f4f3632356\.system_generated\steps\2971\
	                   1	C:\Users\DannyGeminiAnti\.gemini\antigravity\brain\13d289c7-8aca-4523-9e85-52f4f3632356\.system_generated\steps\2978\
	                   1	C:\Users\DannyGeminiAnti\.gemini\antigravity\brain\13d289c7-8aca-4523-9e85-52f4f3632356\.system_generated\steps\2988\
	                   1	C:\Users\DannyGeminiAnti\.gemini\antigravity\brain\13d289c7-8aca-4523-9e85-52f4f3632356\.system_generated\steps\2990\
	                   1	C:\Users\DannyGeminiAnti\.gemini\antigravity\brain\13d289c7-8aca-4523-9e85-52f4f3632356\.system_generated\steps\2992\
	                   1	C:\Users\DannyGeminiAnti\.gemini\antigravity\brain\13d289c7-8aca-4523-9e85-52f4f3632356\.system_generated\steps\2996\
	                   1	C:\Users\DannyGeminiAnti\.gemini\antigravity\brain\13d289c7-8aca-4523-9e85-52f4f3632356\.system_generated\steps\2998\
	                   1	C:\Users\DannyGeminiAnti\.gemini\antigravity\brain\13d289c7-8aca-4523-9e85-52f4f3632356\.system_generated\steps\3000\
	                   1	C:\Users\DannyGeminiAnti\.gemini\antigravity\brain\13d289c7-8aca-4523-9e85-52f4f3632356\.system_generated\steps\3006\
	                   1	C:\Users\DannyGeminiAnti\.gemini\antigravity\brain\13d289c7-8aca-4523-9e85-52f4f3632356\.system_generated\steps\3008\
	                   1	C:\Users\DannyGeminiAnti\.gemini\antigravity\brain\13d289c7-8aca-4523-9e85-52f4f3632356\.system_generated\steps\3014\
	                   1	C:\Users\DannyGeminiAnti\.gemini\antigravity\brain\13d289c7-8aca-4523-9e85-52f4f3632356\.system_generated\steps\3022\
	                   1	C:\Users\DannyGeminiAnti\.gemini\antigravity\brain\13d289c7-8aca-4523-9e85-52f4f3632356\.system_generated\steps\3024\
	                   1	C:\Users\DannyGeminiAnti\.gemini\antigravity\brain\13d289c7-8aca-4523-9e85-52f4f3632356\.system_generated\steps\3026\
	                   1	C:\Users\DannyGeminiAnti\.gemini\antigravity\brain\13d289c7-8aca-4523-9e85-52f4f3632356\.system_generated\steps\3028\
	                   1	C:\Users\DannyGeminiAnti\.gemini\antigravity\brain\13d289c7-8aca-4523-9e85-52f4f3632356\.system_generated\steps\304\
	                   1	C:\Users\DannyGeminiAnti\.gemini\antigravity\brain\13d289c7-8aca-4523-9e85-52f4f3632356\.system_generated\steps\3048\
	                   1	C:\Users\DannyGeminiAnti\.gemini\antigravity\brain\13d289c7-8aca-4523-9e85-52f4f3632356\.system_generated\steps\3050\
	                   1	C:\Users\DannyGeminiAnti\.gemini\antigravity\brain\13d289c7-8aca-4523-9e85-52f4f3632356\.system_generated\steps\3056\
	                   1	C:\Users\DannyGeminiAnti\.gemini\antigravity\brain\13d289c7-8aca-4523-9e85-52f4f3632356\.system_generated\steps\3058\
	                   1	C:\Users\DannyGeminiAnti\.gemini\antigravity\brain\13d289c7-8aca-4523-9e85-52f4f3632356\.system_generated\steps\306\
	                   1	C:\Users\DannyGeminiAnti\.gemini\antigravity\brain\13d289c7-8aca-4523-9e85-52f4f3632356\.system_generated\steps\3062\
	                   1	C:\Users\DannyGeminiAnti\.gemini\antigravity\brain\13d289c7-8aca-4523-9e85-52f4f3632356\.system_generated\steps\3066\
	                   1	C:\Users\DannyGeminiAnti\.gemini\antigravity\brain\13d289c7-8aca-4523-9e85-52f4f3632356\.system_generated\steps\3072\
	                   1	C:\Users\DannyGeminiAnti\.gemini\antigravity\brain\13d289c7-8aca-4523-9e85-52f4f3632356\.system_generated\steps\3076\
	                   1	C:\Users\DannyGeminiAnti\.gemini\antigravity\brain\13d289c7-8aca-4523-9e85-52f4f3632356\.system_generated\steps\308\
	                   1	C:\Users\DannyGeminiAnti\.gemini\antigravity\brain\13d289c7-8aca-4523-9e85-52f4f3632356\.system_generated\steps\3080\
	                   1	C:\Users\DannyGeminiAnti\.gemini\antigravity\brain\13d289c7-8aca-4523-9e85-52f4f3632356\.system_generated\steps\3086\
	                   1	C:\Users\DannyGeminiAnti\.gemini\antigravity\brain\13d289c7-8aca-4523-9e85-52f4f3632356\.system_generated\steps\3090\
	                   1	C:\Users\DannyGeminiAnti\.gemini\antigravity\brain\13d289c7-8aca-4523-9e85-52f4f3632356\.system_generated\steps\3096\
	                   1	C:\Users\DannyGeminiAnti\.gemini\antigravity\brain\13d289c7-8aca-4523-9e85-52f4f3632356\.system_generated\steps\310\
	                   1	C:\Users\DannyGeminiAnti\.gemini\antigravity\brain\13d289c7-8aca-4523-9e85-52f4f3632356\.system_generated\steps\3100\
	                   1	C:\Users\DannyGeminiAnti\.gemini\antigravity\brain\13d289c7-8aca-4523-9e85-52f4f3632356\.system_generated\steps\3104\
	                   1	C:\Users\DannyGeminiAnti\.gemini\antigravity\brain\13d289c7-8aca-4523-9e85-52f4f3632356\.system_generated\steps\3108\
	                   1	C:\Users\DannyGeminiAnti\.gemini\antigravity\brain\13d289c7-8aca-4523-9e85-52f4f3632356\.system_generated\steps\3112\
	                   1	C:\Users\DannyGeminiAnti\.gemini\antigravity\brain\13d289c7-8aca-4523-9e85-52f4f3632356\.system_generated\steps\3114\
	                   1	C:\Users\DannyGeminiAnti\.gemini\antigravity\brain\13d289c7-8aca-4523-9e85-52f4f3632356\.system_generated\steps\3116\
	                   1	C:\Users\DannyGeminiAnti\.gemini\antigravity\brain\13d289c7-8aca-4523-9e85-52f4f3632356\.system_generated\steps\3118\
	                   1	C:\Users\DannyGeminiAnti\.gemini\antigravity\brain\13d289c7-8aca-4523-9e85-52f4f3632356\.system_generated\steps\3124\
	                   1	C:\Users\DannyGeminiAnti\.gemini\antigravity\brain\13d289c7-8aca-4523-9e85-52f4f3632356\.system_generated\steps\3128\
	                   1	C:\Users\DannyGeminiAnti\.gemini\antigravity\brain\13d289c7-8aca-4523-9e85-52f4f3632356\.system_generated\steps\3130\
	                   1	C:\Users\DannyGeminiAnti\.gemini\antigravity\brain\13d289c7-8aca-4523-9e85-52f4f3632356\.system_generated\steps\3132\
	                   1	C:\Users\DannyGeminiAnti\.gemini\antigravity\brain\13d289c7-8aca-4523-9e85-52f4f3632356\.system_generated\steps\3134\
	                   1	C:\Users\DannyGeminiAnti\.gemini\antigravity\brain\13d289c7-8aca-4523-9e85-52f4f3632356\.system_generated\steps\3136\
	                   1	C:\Users\DannyGeminiAnti\.gemini\antigravity\brain\13d289c7-8aca-4523-9e85-52f4f3632356\.system_generated\steps\3138\
	                   1	C:\Users\DannyGeminiAnti\.gemini\antigravity\brain\13d289c7-8aca-4523-9e85-52f4f3632356\.system_generated\steps\3140\
	                   1	C:\Users\DannyGeminiAnti\.gemini\antigravity\brain\13d289c7-8aca-4523-9e85-52f4f3632356\.system_generated\steps\3142\
	                   1	C:\Users\DannyGeminiAnti\.gemini\antigravity\brain\13d289c7-8aca-4523-9e85-52f4f3632356\.system_generated\steps\3144\
	                   1	C:\Users\DannyGeminiAnti\.gemini\antigravity\brain\13d289c7-8aca-4523-9e85-52f4f3632356\.system_generated\steps\3146\
	                   1	C:\Users\DannyGeminiAnti\.gemini\antigravity\brain\13d289c7-8aca-4523-9e85-52f4f3632356\.system_generated\steps\3148\
	                   1	C:\Users\DannyGeminiAnti\.gemini\antigravity\brain\13d289c7-8aca-4523-9e85-52f4f3632356\.system_generated\steps\3150\
	                   1	C:\Users\DannyGeminiAnti\.gemini\antigravity\brain\13d289c7-8aca-4523-9e85-52f4f3632356\.system_generated\steps\3152\
	                   1	C:\Users\DannyGeminiAnti\.gemini\antigravity\brain\13d289c7-8aca-4523-9e85-52f4f3632356\.system_generated\steps\3154\
	                   1	C:\Users\DannyGeminiAnti\.gemini\antigravity\brain\13d289c7-8aca-4523-9e85-52f4f3632356\.system_generated\steps\3156\
	                   1	C:\Users\DannyGeminiAnti\.gemini\antigravity\brain\13d289c7-8aca-4523-9e85-52f4f3632356\.system_generated\steps\3158\
	                   1	C:\Users\DannyGeminiAnti\.gemini\antigravity\brain\13d289c7-8aca-4523-9e85-52f4f3632356\.system_generated\steps\316\
	                   1	C:\Users\DannyGeminiAnti\.gemini\antigravity\brain\13d289c7-8aca-4523-9e85-52f4f3632356\.system_generated\steps\3160\
	                   1	C:\Users\DannyGeminiAnti\.gemini\antigravity\brain\13d289c7-8aca-4523-9e85-52f4f3632356\.system_generated\steps\3162\
	                   1	C:\Users\DannyGeminiAnti\.gemini\antigravity\brain\13d289c7-8aca-4523-9e85-52f4f3632356\.system_generated\steps\3164\
	                   1	C:\Users\DannyGeminiAnti\.gemini\antigravity\brain\13d289c7-8aca-4523-9e85-52f4f3632356\.system_generated\steps\3166\
	                   1	C:\Users\DannyGeminiAnti\.gemini\antigravity\brain\13d289c7-8aca-4523-9e85-52f4f3632356\.system_generated\steps\3168\
	                   1	C:\Users\DannyGeminiAnti\.gemini\antigravity\brain\13d289c7-8aca-4523-9e85-52f4f3632356\.system_generated\steps\3170\
	                   1	C:\Users\DannyGeminiAnti\.gemini\antigravity\brain\13d289c7-8aca-4523-9e85-52f4f3632356\.system_generated\steps\3173\
	                   1	C:\Users\DannyGeminiAnti\.gemini\antigravity\brain\13d289c7-8aca-4523-9e85-52f4f3632356\.system_generated\steps\3175\
	                   1	C:\Users\DannyGeminiAnti\.gemini\antigravity\brain\13d289c7-8aca-4523-9e85-52f4f3632356\.system_generated\steps\3177\
	                   1	C:\Users\DannyGeminiAnti\.gemini\antigravity\brain\13d289c7-8aca-4523-9e85-52f4f3632356\.system_generated\steps\3179\
	                   1	C:\Users\DannyGeminiAnti\.gemini\antigravity\brain\13d289c7-8aca-4523-9e85-52f4f3632356\.system_generated\steps\3181\
	                   1	C:\Users\DannyGeminiAnti\.gemini\antigravity\brain\13d289c7-8aca-4523-9e85-52f4f3632356\.system_generated\steps\3183\
	                   1	C:\Users\DannyGeminiAnti\.gemini\antigravity\brain\13d289c7-8aca-4523-9e85-52f4f3632356\.system_generated\steps\3185\
	                   1	C:\Users\DannyGeminiAnti\.gemini\antigravity\brain\13d289c7-8aca-4523-9e85-52f4f3632356\.system_generated\steps\320\
	                   1	C:\Users\DannyGeminiAnti\.gemini\antigravity\brain\13d289c7-8aca-4523-9e85-52f4f3632356\.system_generated\steps\3211\
	                   1	C:\Users\DannyGeminiAnti\.gemini\antigravity\brain\13d289c7-8aca-4523-9e85-52f4f3632356\.system_generated\steps\3213\
	                   1	C:\Users\DannyGeminiAnti\.gemini\antigravity\brain\13d289c7-8aca-4523-9e85-52f4f3632356\.system_generated\steps\3215\
	                   1	C:\Users\DannyGeminiAnti\.gemini\antigravity\brain\13d289c7-8aca-4523-9e85-52f4f3632356\.system_generated\steps\3217\
	                   1	C:\Users\DannyGeminiAnti\.gemini\antigravity\brain\13d289c7-8aca-4523-9e85-52f4f3632356\.system_generated\steps\3219\
	                   1	C:\Users\DannyGeminiAnti\.gemini\antigravity\brain\13d289c7-8aca-4523-9e85-52f4f3632356\.system_generated\steps\322\
	                   1	C:\Users\DannyGeminiAnti\.gemini\antigravity\brain\13d289c7-8aca-4523-9e85-52f4f3632356\.system_generated\steps\3221\
	                   1	C:\Users\DannyGeminiAnti\.gemini\antigravity\brain\13d289c7-8aca-4523-9e85-52f4f3632356\.system_generated\steps\3223\
	                   1	C:\Users\DannyGeminiAnti\.gemini\antigravity\brain\13d289c7-8aca-4523-9e85-52f4f3632356\.system_generated\steps\3225\
	                   1	C:\Users\DannyGeminiAnti\.gemini\antigravity\brain\13d289c7-8aca-4523-9e85-52f4f3632356\.system_generated\steps\3227\
	                   1	C:\Users\DannyGeminiAnti\.gemini\antigravity\brain\13d289c7-8aca-4523-9e85-52f4f3632356\.system_generated\steps\3229\
	                   1	C:\Users\DannyGeminiAnti\.gemini\antigravity\brain\13d289c7-8aca-4523-9e85-52f4f3632356\.system_generated\steps\3231\
	                   1	C:\Users\DannyGeminiAnti\.gemini\antigravity\brain\13d289c7-8aca-4523-9e85-52f4f3632356\.system_generated\steps\3233\
	                   1	C:\Users\DannyGeminiAnti\.gemini\antigravity\brain\13d289c7-8aca-4523-9e85-52f4f3632356\.system_generated\steps\3235\
	                   1	C:\Users\DannyGeminiAnti\.gemini\antigravity\brain\13d289c7-8aca-4523-9e85-52f4f3632356\.system_generated\steps\3237\
	                   1	C:\Users\DannyGeminiAnti\.gemini\antigravity\brain\13d289c7-8aca-4523-9e85-52f4f3632356\.system_generated\steps\3239\
	                   1	C:\Users\DannyGeminiAnti\.gemini\antigravity\brain\13d289c7-8aca-4523-9e85-52f4f3632356\.system_generated\steps\3241\
	                   1	C:\Users\DannyGeminiAnti\.gemini\antigravity\brain\13d289c7-8aca-4523-9e85-52f4f3632356\.system_generated\steps\3243\
	                   1	C:\Users\DannyGeminiAnti\.gemini\antigravity\brain\13d289c7-8aca-4523-9e85-52f4f3632356\.system_generated\steps\3245\
	                   1	C:\Users\DannyGeminiAnti\.gemini\antigravity\brain\13d289c7-8aca-4523-9e85-52f4f3632356\.system_generated\steps\3256\
	                   1	C:\Users\DannyGeminiAnti\.gemini\antigravity\brain\13d289c7-8aca-4523-9e85-52f4f3632356\.system_generated\steps\3258\
	                   1	C:\Users\DannyGeminiAnti\.gemini\antigravity\brain\13d289c7-8aca-4523-9e85-52f4f3632356\.system_generated\steps\326\
	                   1	C:\Users\DannyGeminiAnti\.gemini\antigravity\brain\13d289c7-8aca-4523-9e85-52f4f3632356\.system_generated\steps\3272\
	                   1	C:\Users\DannyGeminiAnti\.gemini\antigravity\brain\13d289c7-8aca-4523-9e85-52f4f3632356\.system_generated\steps\328\
	                   1	C:\Users\DannyGeminiAnti\.gemini\antigravity\brain\13d289c7-8aca-4523-9e85-52f4f3632356\.system_generated\steps\3284\
	                   1	C:\Users\DannyGeminiAnti\.gemini\antigravity\brain\13d289c7-8aca-4523-9e85-52f4f3632356\.system_generated\steps\3292\
	                   1	C:\Users\DannyGeminiAnti\.gemini\antigravity\brain\13d289c7-8aca-4523-9e85-52f4f3632356\.system_generated\steps\330\
	                   1	C:\Users\DannyGeminiAnti\.gemini\antigravity\brain\13d289c7-8aca-4523-9e85-52f4f3632356\.system_generated\steps\3306\
	                   1	C:\Users\DannyGeminiAnti\.gemini\antigravity\brain\13d289c7-8aca-4523-9e85-52f4f3632356\.system_generated\steps\3310\
	                   1	C:\Users\DannyGeminiAnti\.gemini\antigravity\brain\13d289c7-8aca-4523-9e85-52f4f3632356\.system_generated\steps\3314\
	                   1	C:\Users\DannyGeminiAnti\.gemini\antigravity\brain\13d289c7-8aca-4523-9e85-52f4f3632356\.system_generated\steps\3316\
	                   1	C:\Users\DannyGeminiAnti\.gemini\antigravity\brain\13d289c7-8aca-4523-9e85-52f4f3632356\.system_generated\steps\332\
	                   1	C:\Users\DannyGeminiAnti\.gemini\antigravity\brain\13d289c7-8aca-4523-9e85-52f4f3632356\.system_generated\steps\3320\
	                   1	C:\Users\DannyGeminiAnti\.gemini\antigravity\brain\13d289c7-8aca-4523-9e85-52f4f3632356\.system_generated\steps\3322\
	                   1	C:\Users\DannyGeminiAnti\.gemini\antigravity\brain\13d289c7-8aca-4523-9e85-52f4f3632356\.system_generated\steps\3324\
	                   1	C:\Users\DannyGeminiAnti\.gemini\antigravity\brain\13d289c7-8aca-4523-9e85-52f4f3632356\.system_generated\steps\3326\
	                   1	C:\Users\DannyGeminiAnti\.gemini\antigravity\brain\13d289c7-8aca-4523-9e85-52f4f3632356\.system_generated\steps\3328\
	                   1	C:\Users\DannyGeminiAnti\.gemini\antigravity\brain\13d289c7-8aca-4523-9e85-52f4f3632356\.system_generated\steps\3330\
	                   1	C:\Users\DannyGeminiAnti\.gemini\antigravity\brain\13d289c7-8aca-4523-9e85-52f4f3632356\.system_generated\steps\3332\
	                   1	C:\Users\DannyGeminiAnti\.gemini\antigravity\brain\13d289c7-8aca-4523-9e85-52f4f3632356\.system_generated\steps\3334\
	                   1	C:\Users\DannyGeminiAnti\.gemini\antigravity\brain\13d289c7-8aca-4523-9e85-52f4f3632356\.system_generated\steps\3336\
	                   1	C:\Users\DannyGeminiAnti\.gemini\antigravity\brain\13d289c7-8aca-4523-9e85-52f4f3632356\.system_generated\steps\3338\
	                   1	C:\Users\DannyGeminiAnti\.gemini\antigravity\brain\13d289c7-8aca-4523-9e85-52f4f3632356\.system_generated\steps\334\
	                   1	C:\Users\DannyGeminiAnti\.gemini\antigravity\brain\13d289c7-8aca-4523-9e85-52f4f3632356\.system_generated\steps\3340\
	                   1	C:\Users\DannyGeminiAnti\.gemini\antigravity\brain\13d289c7-8aca-4523-9e85-52f4f3632356\.system_generated\steps\3342\
	                   1	C:\Users\DannyGeminiAnti\.gemini\antigravity\brain\13d289c7-8aca-4523-9e85-52f4f3632356\.system_generated\steps\3344\
	                   1	C:\Users\DannyGeminiAnti\.gemini\antigravity\brain\13d289c7-8aca-4523-9e85-52f4f3632356\.system_generated\steps\3348\
	                   1	C:\Users\DannyGeminiAnti\.gemini\antigravity\brain\13d289c7-8aca-4523-9e85-52f4f3632356\.system_generated\steps\3350\
	                   1	C:\Users\DannyGeminiAnti\.gemini\antigravity\brain\13d289c7-8aca-4523-9e85-52f4f3632356\.system_generated\steps\3352\
	                   1	C:\Users\DannyGeminiAnti\.gemini\antigravity\brain\13d289c7-8aca-4523-9e85-52f4f3632356\.system_generated\steps\3354\
	                   1	C:\Users\DannyGeminiAnti\.gemini\antigravity\brain\13d289c7-8aca-4523-9e85-52f4f3632356\.system_generated\steps\336\
	  New Dir          1	C:\Users\DannyGeminiAnti\.gemini\antigravity\brain\13d289c7-8aca-4523-9e85-52f4f3632356\.system_generated\steps\3362\
	    New File  		    2059	output.txt
	  New Dir          1	C:\Users\DannyGeminiAnti\.gemini\antigravity\brain\13d289c7-8aca-4523-9e85-52f4f3632356\.system_generated\steps\3364\
	    New File  		    1245	output.txt
	  New Dir          1	C:\Users\DannyGeminiAnti\.gemini\antigravity\brain\13d289c7-8aca-4523-9e85-52f4f3632356\.system_generated\steps\3366\
	    New File  		    2098	output.txt
	  New Dir          1	C:\Users\DannyGeminiAnti\.gemini\antigravity\brain\13d289c7-8aca-4523-9e85-52f4f3632356\.system_generated\steps\3368\
	    New File  		    3088	output.txt
	  New Dir          1	C:\Users\DannyGeminiAnti\.gemini\antigravity\brain\13d289c7-8aca-4523-9e85-52f4f3632356\.system_generated\steps\3370\
	    New File  		    8190	output.txt
	  New Dir          1	C:\Users\DannyGeminiAnti\.gemini\antigravity\brain\13d289c7-8aca-4523-9e85-52f4f3632356\.system_generated\steps\3372\
	    New File  		    8242	output.txt
	  New Dir          1	C:\Users\DannyGeminiAnti\.gemini\antigravity\brain\13d289c7-8aca-4523-9e85-52f4f3632356\.system_generated\steps\3374\
	    New File  		      51	output.txt
	  New Dir          1	C:\Users\DannyGeminiAnti\.gemini\antigravity\brain\13d289c7-8aca-4523-9e85-52f4f3632356\.system_generated\steps\3376\
	    New File  		     221	output.txt
	  New Dir          1	C:\Users\DannyGeminiAnti\.gemini\antigravity\brain\13d289c7-8aca-4523-9e85-52f4f3632356\.system_generated\steps\3378\
	    New File  		    6236	output.txt
	  New Dir          1	C:\Users\DannyGeminiAnti\.gemini\antigravity\brain\13d289c7-8aca-4523-9e85-52f4f3632356\.system_generated\steps\3380\
	    New File  		    2017	output.txt
	  New Dir          1	C:\Users\DannyGeminiAnti\.gemini\antigravity\brain\13d289c7-8aca-4523-9e85-52f4f3632356\.system_generated\steps\3383\
	    New File  		     497	output.txt
	  New Dir          1	C:\Users\DannyGeminiAnti\.gemini\antigravity\brain\13d289c7-8aca-4523-9e85-52f4f3632356\.system_generated\steps\3385\
	    New File  		    5123	output.txt
	  New Dir          1	C:\Users\DannyGeminiAnti\.gemini\antigravity\brain\13d289c7-8aca-4523-9e85-52f4f3632356\.system_generated\steps\3387\
	    New File  		     425	output.txt
	  New Dir          1	C:\Users\DannyGeminiAnti\.gemini\antigravity\brain\13d289c7-8aca-4523-9e85-52f4f3632356\.system_generated\steps\3389\
	    New File  		    1258	output.txt
	  New Dir          1	C:\Users\DannyGeminiAnti\.gemini\antigravity\brain\13d289c7-8aca-4523-9e85-52f4f3632356\.system_generated\steps\3391\
	    New File  		     493	output.txt
	  New Dir          1	C:\Users\DannyGeminiAnti\.gemini\antigravity\brain\13d289c7-8aca-4523-9e85-52f4f3632356\.system_generated\steps\3393\
	    New File  		    1020	output.txt
	  New Dir          1	C:\Users\DannyGeminiAnti\.gemini\antigravity\brain\13d289c7-8aca-4523-9e85-52f4f3632356\.system_generated\steps\3395\
	    New File  		     683	output.txt
	  New Dir          1	C:\Users\DannyGeminiAnti\.gemini\antigravity\brain\13d289c7-8aca-4523-9e85-52f4f3632356\.system_generated\steps\3398\
	    New File  		    1314	output.txt
	                   1	C:\Users\DannyGeminiAnti\.gemini\antigravity\brain\13d289c7-8aca-4523-9e85-52f4f3632356\.system_generated\steps\34\
	  New Dir          1	C:\Users\DannyGeminiAnti\.gemini\antigravity\brain\13d289c7-8aca-4523-9e85-52f4f3632356\.system_generated\steps\3400\
	    New File  		     127	output.txt
	  New Dir          1	C:\Users\DannyGeminiAnti\.gemini\antigravity\brain\13d289c7-8aca-4523-9e85-52f4f3632356\.system_generated\steps\3402\
	    New File  		    1405	output.txt
	  New Dir          1	C:\Users\DannyGeminiAnti\.gemini\antigravity\brain\13d289c7-8aca-4523-9e85-52f4f3632356\.system_generated\steps\3404\
	    New File  		    6993	output.txt
	  New Dir          1	C:\Users\DannyGeminiAnti\.gemini\antigravity\brain\13d289c7-8aca-4523-9e85-52f4f3632356\.system_generated\steps\3406\
	    New File  		     199	output.txt
	  New Dir          1	C:\Users\DannyGeminiAnti\.gemini\antigravity\brain\13d289c7-8aca-4523-9e85-52f4f3632356\.system_generated\steps\3408\
	    New File  		    1405	output.txt
	  New Dir          1	C:\Users\DannyGeminiAnti\.gemini\antigravity\brain\13d289c7-8aca-4523-9e85-52f4f3632356\.system_generated\steps\3410\
	    New File  		    1619	output.txt
	  New Dir          1	C:\Users\DannyGeminiAnti\.gemini\antigravity\brain\13d289c7-8aca-4523-9e85-52f4f3632356\.system_generated\steps\3412\
	    New File  		    2070	output.txt
	  New Dir          1	C:\Users\DannyGeminiAnti\.gemini\antigravity\brain\13d289c7-8aca-4523-9e85-52f4f3632356\.system_generated\steps\3414\
	    New File  		     646	output.txt
	  New Dir          1	C:\Users\DannyGeminiAnti\.gemini\antigravity\brain\13d289c7-8aca-4523-9e85-52f4f3632356\.system_generated\steps\3416\
	    New File  		    8222	output.txt
	  New Dir          1	C:\Users\DannyGeminiAnti\.gemini\antigravity\brain\13d289c7-8aca-4523-9e85-52f4f3632356\.system_generated\steps\3418\
	    New File  		    4922	output.txt
	  New Dir          1	C:\Users\DannyGeminiAnti\.gemini\antigravity\brain\13d289c7-8aca-4523-9e85-52f4f3632356\.system_generated\steps\3420\
	    New File  		    1964	output.txt
	  New Dir          1	C:\Users\DannyGeminiAnti\.gemini\antigravity\brain\13d289c7-8aca-4523-9e85-52f4f3632356\.system_generated\steps\3422\
	    New File  		     199	output.txt
	  New Dir          1	C:\Users\DannyGeminiAnti\.gemini\antigravity\brain\13d289c7-8aca-4523-9e85-52f4f3632356\.system_generated\steps\3424\
	    New File  		    2604	output.txt
	  New Dir          1	C:\Users\DannyGeminiAnti\.gemini\antigravity\brain\13d289c7-8aca-4523-9e85-52f4f3632356\.system_generated\steps\3426\
	    New File  		     424	output.txt
	  New Dir          1	C:\Users\DannyGeminiAnti\.gemini\antigravity\brain\13d289c7-8aca-4523-9e85-52f4f3632356\.system_generated\steps\3428\
	    New File  		    1102	output.txt
	  New Dir          1	C:\Users\DannyGeminiAnti\.gemini\antigravity\brain\13d289c7-8aca-4523-9e85-52f4f3632356\.system_generated\steps\3430\
	    New File  		     470	output.txt
	  New Dir          1	C:\Users\DannyGeminiAnti\.gemini\antigravity\brain\13d289c7-8aca-4523-9e85-52f4f3632356\.system_generated\steps\3432\
	    New File  		     446	output.txt
	  New Dir          1	C:\Users\DannyGeminiAnti\.gemini\antigravity\brain\13d289c7-8aca-4523-9e85-52f4f3632356\.system_generated\steps\3435\
	    New File  		     964	output.txt
	  New Dir          1	C:\Users\DannyGeminiAnti\.gemini\antigravity\brain\13d289c7-8aca-4523-9e85-52f4f3632356\.system_generated\steps\3437\
	    New File  		      78	output.txt
	                   1	C:\Users\DannyGeminiAnti\.gemini\antigravity\brain\13d289c7-8aca-4523-9e85-52f4f3632356\.system_generated\steps\344\
	  New Dir          1	C:\Users\DannyGeminiAnti\.gemini\antigravity\brain\13d289c7-8aca-4523-9e85-52f4f3632356\.system_generated\steps\3444\
	    New File  		    1806	output.txt
	  New Dir          1	C:\Users\DannyGeminiAnti\.gemini\antigravity\brain\13d289c7-8aca-4523-9e85-52f4f3632356\.system_generated\steps\3446\
	    New File  		     707	output.txt
	  New Dir          1	C:\Users\DannyGeminiAnti\.gemini\antigravity\brain\13d289c7-8aca-4523-9e85-52f4f3632356\.system_generated\steps\3448\
	    New File  		     828	output.txt
	  New Dir          1	C:\Users\DannyGeminiAnti\.gemini\antigravity\brain\13d289c7-8aca-4523-9e85-52f4f3632356\.system_generated\steps\3450\
	    New File  		    1062	output.txt
	  New Dir          1	C:\Users\DannyGeminiAnti\.gemini\antigravity\brain\13d289c7-8aca-4523-9e85-52f4f3632356\.system_generated\steps\3452\
	    New File  		    3122	output.txt
	  New Dir          1	C:\Users\DannyGeminiAnti\.gemini\antigravity\brain\13d289c7-8aca-4523-9e85-52f4f3632356\.system_generated\steps\3454\
	    New File  		      51	output.txt
	  New Dir          1	C:\Users\DannyGeminiAnti\.gemini\antigravity\brain\13d289c7-8aca-4523-9e85-52f4f3632356\.system_generated\steps\3456\
	    New File  		     601	output.txt
	  New Dir          1	C:\Users\DannyGeminiAnti\.gemini\antigravity\brain\13d289c7-8aca-4523-9e85-52f4f3632356\.system_generated\steps\3458\
	    New File  		    3311	output.txt
	  New Dir          1	C:\Users\DannyGeminiAnti\.gemini\antigravity\brain\13d289c7-8aca-4523-9e85-52f4f3632356\.system_generated\steps\3460\
	    New File  		    1456	output.txt
	  New Dir          1	C:\Users\DannyGeminiAnti\.gemini\antigravity\brain\13d289c7-8aca-4523-9e85-52f4f3632356\.system_generated\steps\3462\
	    New File  		     700	output.txt
	  New Dir          1	C:\Users\DannyGeminiAnti\.gemini\antigravity\brain\13d289c7-8aca-4523-9e85-52f4f3632356\.system_generated\steps\3464\
	    New File  		    1554	output.txt
	  New Dir          1	C:\Users\DannyGeminiAnti\.gemini\antigravity\brain\13d289c7-8aca-4523-9e85-52f4f3632356\.system_generated\steps\3466\
	    New File  		    3303	output.txt
	  New Dir          1	C:\Users\DannyGeminiAnti\.gemini\antigravity\brain\13d289c7-8aca-4523-9e85-52f4f3632356\.system_generated\steps\3468\
	    New File  		    8173	output.txt
	  New Dir          1	C:\Users\DannyGeminiAnti\.gemini\antigravity\brain\13d289c7-8aca-4523-9e85-52f4f3632356\.system_generated\steps\3470\
	    New File  		    8207	output.txt
	  New Dir          1	C:\Users\DannyGeminiAnti\.gemini\antigravity\brain\13d289c7-8aca-4523-9e85-52f4f3632356\.system_generated\steps\3472\
	    New File  		     468	output.txt
	  New Dir          1	C:\Users\DannyGeminiAnti\.gemini\antigravity\brain\13d289c7-8aca-4523-9e85-52f4f3632356\.system_generated\steps\3474\
	    New File  		      51	output.txt
	  New Dir          1	C:\Users\DannyGeminiAnti\.gemini\antigravity\brain\13d289c7-8aca-4523-9e85-52f4f3632356\.system_generated\steps\3476\
	    New File  		     318	output.txt
	  New Dir          1	C:\Users\DannyGeminiAnti\.gemini\antigravity\brain\13d289c7-8aca-4523-9e85-52f4f3632356\.system_generated\steps\3478\
	    New File  		    1015	output.txt
	                   1	C:\Users\DannyGeminiAnti\.gemini\antigravity\brain\13d289c7-8aca-4523-9e85-52f4f3632356\.system_generated\steps\348\
	  New Dir          1	C:\Users\DannyGeminiAnti\.gemini\antigravity\brain\13d289c7-8aca-4523-9e85-52f4f3632356\.system_generated\steps\3480\
	    New File  		     740	output.txt
	  New Dir          1	C:\Users\DannyGeminiAnti\.gemini\antigravity\brain\13d289c7-8aca-4523-9e85-52f4f3632356\.system_generated\steps\3482\
	    New File  		     780	output.txt
	  New Dir          1	C:\Users\DannyGeminiAnti\.gemini\antigravity\brain\13d289c7-8aca-4523-9e85-52f4f3632356\.system_generated\steps\3484\
	    New File  		     832	output.txt
	  New Dir          1	C:\Users\DannyGeminiAnti\.gemini\antigravity\brain\13d289c7-8aca-4523-9e85-52f4f3632356\.system_generated\steps\3486\
	    New File  		     818	output.txt
	  New Dir          1	C:\Users\DannyGeminiAnti\.gemini\antigravity\brain\13d289c7-8aca-4523-9e85-52f4f3632356\.system_generated\steps\3488\
	    New File  		      51	output.txt
	  New Dir          1	C:\Users\DannyGeminiAnti\.gemini\antigravity\brain\13d289c7-8aca-4523-9e85-52f4f3632356\.system_generated\steps\3490\
	    New File  		      80	output.txt
	  New Dir          1	C:\Users\DannyGeminiAnti\.gemini\antigravity\brain\13d289c7-8aca-4523-9e85-52f4f3632356\.system_generated\steps\3492\
	    New File  		    2043	output.txt
	  New Dir          1	C:\Users\DannyGeminiAnti\.gemini\antigravity\brain\13d289c7-8aca-4523-9e85-52f4f3632356\.system_generated\steps\3494\
	    New File  		      54	output.txt
	  New Dir          1	C:\Users\DannyGeminiAnti\.gemini\antigravity\brain\13d289c7-8aca-4523-9e85-52f4f3632356\.system_generated\steps\3496\
	    New File  		    2040	output.txt
	  New Dir          1	C:\Users\DannyGeminiAnti\.gemini\antigravity\brain\13d289c7-8aca-4523-9e85-52f4f3632356\.system_generated\steps\3498\
	    New File  		    1568	output.txt
	                   1	C:\Users\DannyGeminiAnti\.gemini\antigravity\brain\13d289c7-8aca-4523-9e85-52f4f3632356\.system_generated\steps\350\
	  New Dir          1	C:\Users\DannyGeminiAnti\.gemini\antigravity\brain\13d289c7-8aca-4523-9e85-52f4f3632356\.system_generated\steps\3500\
	    New File  		      69	output.txt
	  New Dir          1	C:\Users\DannyGeminiAnti\.gemini\antigravity\brain\13d289c7-8aca-4523-9e85-52f4f3632356\.system_generated\steps\3502\
	    New File  		    2413	output.txt
	  New Dir          1	C:\Users\DannyGeminiAnti\.gemini\antigravity\brain\13d289c7-8aca-4523-9e85-52f4f3632356\.system_generated\steps\3504\
	    New File  		    1597	output.txt
	  New Dir          1	C:\Users\DannyGeminiAnti\.gemini\antigravity\brain\13d289c7-8aca-4523-9e85-52f4f3632356\.system_generated\steps\3506\
	    New File  		    1901	output.txt
	  New Dir          1	C:\Users\DannyGeminiAnti\.gemini\antigravity\brain\13d289c7-8aca-4523-9e85-52f4f3632356\.system_generated\steps\3508\
	    New File  		      72	output.txt
	  New Dir          1	C:\Users\DannyGeminiAnti\.gemini\antigravity\brain\13d289c7-8aca-4523-9e85-52f4f3632356\.system_generated\steps\3510\
	    New File  		     710	output.txt
	  New Dir          1	C:\Users\DannyGeminiAnti\.gemini\antigravity\brain\13d289c7-8aca-4523-9e85-52f4f3632356\.system_generated\steps\3512\
	    New File  		    1564	output.txt
	  New Dir          1	C:\Users\DannyGeminiAnti\.gemini\antigravity\brain\13d289c7-8aca-4523-9e85-52f4f3632356\.system_generated\steps\3514\
	    New File  		      75	output.txt
	  New Dir          1	C:\Users\DannyGeminiAnti\.gemini\antigravity\brain\13d289c7-8aca-4523-9e85-52f4f3632356\.system_generated\steps\3516\
	    New File  		      54	output.txt
	  New Dir          1	C:\Users\DannyGeminiAnti\.gemini\antigravity\brain\13d289c7-8aca-4523-9e85-52f4f3632356\.system_generated\steps\3518\
	    New File  		    2040	output.txt
	                   1	C:\Users\DannyGeminiAnti\.gemini\antigravity\brain\13d289c7-8aca-4523-9e85-52f4f3632356\.system_generated\steps\352\
	  New Dir          1	C:\Users\DannyGeminiAnti\.gemini\antigravity\brain\13d289c7-8aca-4523-9e85-52f4f3632356\.system_generated\steps\3520\
	    New File  		      72	output.txt
	  New Dir          1	C:\Users\DannyGeminiAnti\.gemini\antigravity\brain\13d289c7-8aca-4523-9e85-52f4f3632356\.system_generated\steps\3523\
	    New File  		      71	output.txt
	  New Dir          1	C:\Users\DannyGeminiAnti\.gemini\antigravity\brain\13d289c7-8aca-4523-9e85-52f4f3632356\.system_generated\steps\3525\
	    New File  		    1102	output.txt
	  New Dir          1	C:\Users\DannyGeminiAnti\.gemini\antigravity\brain\13d289c7-8aca-4523-9e85-52f4f3632356\.system_generated\steps\3527\
	    New File  		     470	output.txt
	  New Dir          1	C:\Users\DannyGeminiAnti\.gemini\antigravity\brain\13d289c7-8aca-4523-9e85-52f4f3632356\.system_generated\steps\3529\
	    New File  		     408	output.txt
	  New Dir          1	C:\Users\DannyGeminiAnti\.gemini\antigravity\brain\13d289c7-8aca-4523-9e85-52f4f3632356\.system_generated\steps\3531\
	    New File  		    1022	output.txt
	  New Dir          1	C:\Users\DannyGeminiAnti\.gemini\antigravity\brain\13d289c7-8aca-4523-9e85-52f4f3632356\.system_generated\steps\3534\
	    New File  		      78	output.txt
	                   1	C:\Users\DannyGeminiAnti\.gemini\antigravity\brain\13d289c7-8aca-4523-9e85-52f4f3632356\.system_generated\steps\354\
	                   1	C:\Users\DannyGeminiAnti\.gemini\antigravity\brain\13d289c7-8aca-4523-9e85-52f4f3632356\.system_generated\steps\362\
	                   1	C:\Users\DannyGeminiAnti\.gemini\antigravity\brain\13d289c7-8aca-4523-9e85-52f4f3632356\.system_generated\steps\364\
	                   1	C:\Users\DannyGeminiAnti\.gemini\antigravity\brain\13d289c7-8aca-4523-9e85-52f4f3632356\.system_generated\steps\366\
	                   1	C:\Users\DannyGeminiAnti\.gemini\antigravity\brain\13d289c7-8aca-4523-9e85-52f4f3632356\.system_generated\steps\368\
	                   1	C:\Users\DannyGeminiAnti\.gemini\antigravity\brain\13d289c7-8aca-4523-9e85-52f4f3632356\.system_generated\steps\370\
	                   1	C:\Users\DannyGeminiAnti\.gemini\antigravity\brain\13d289c7-8aca-4523-9e85-52f4f3632356\.system_generated\steps\377\
	                   1	C:\Users\DannyGeminiAnti\.gemini\antigravity\brain\13d289c7-8aca-4523-9e85-52f4f3632356\.system_generated\steps\379\
	                   1	C:\Users\DannyGeminiAnti\.gemini\antigravity\brain\13d289c7-8aca-4523-9e85-52f4f3632356\.system_generated\steps\381\
	                   1	C:\Users\DannyGeminiAnti\.gemini\antigravity\brain\13d289c7-8aca-4523-9e85-52f4f3632356\.system_generated\steps\383\
	                   1	C:\Users\DannyGeminiAnti\.gemini\antigravity\brain\13d289c7-8aca-4523-9e85-52f4f3632356\.system_generated\steps\39\
	                   1	C:\Users\DannyGeminiAnti\.gemini\antigravity\brain\13d289c7-8aca-4523-9e85-52f4f3632356\.system_generated\steps\409\
	                   1	C:\Users\DannyGeminiAnti\.gemini\antigravity\brain\13d289c7-8aca-4523-9e85-52f4f3632356\.system_generated\steps\41\
	                   1	C:\Users\DannyGeminiAnti\.gemini\antigravity\brain\13d289c7-8aca-4523-9e85-52f4f3632356\.system_generated\steps\411\
	                   1	C:\Users\DannyGeminiAnti\.gemini\antigravity\brain\13d289c7-8aca-4523-9e85-52f4f3632356\.system_generated\steps\421\
	                   1	C:\Users\DannyGeminiAnti\.gemini\antigravity\brain\13d289c7-8aca-4523-9e85-52f4f3632356\.system_generated\steps\423\
	                   1	C:\Users\DannyGeminiAnti\.gemini\antigravity\brain\13d289c7-8aca-4523-9e85-52f4f3632356\.system_generated\steps\425\
	                   1	C:\Users\DannyGeminiAnti\.gemini\antigravity\brain\13d289c7-8aca-4523-9e85-52f4f3632356\.system_generated\steps\431\
	                   1	C:\Users\DannyGeminiAnti\.gemini\antigravity\brain\13d289c7-8aca-4523-9e85-52f4f3632356\.system_generated\steps\435\
	                   1	C:\Users\DannyGeminiAnti\.gemini\antigravity\brain\13d289c7-8aca-4523-9e85-52f4f3632356\.system_generated\steps\446\
	                   1	C:\Users\DannyGeminiAnti\.gemini\antigravity\brain\13d289c7-8aca-4523-9e85-52f4f3632356\.system_generated\steps\45\
	                   1	C:\Users\DannyGeminiAnti\.gemini\antigravity\brain\13d289c7-8aca-4523-9e85-52f4f3632356\.system_generated\steps\450\
	                   1	C:\Users\DannyGeminiAnti\.gemini\antigravity\brain\13d289c7-8aca-4523-9e85-52f4f3632356\.system_generated\steps\452\
	                   1	C:\Users\DannyGeminiAnti\.gemini\antigravity\brain\13d289c7-8aca-4523-9e85-52f4f3632356\.system_generated\steps\454\
	                   1	C:\Users\DannyGeminiAnti\.gemini\antigravity\brain\13d289c7-8aca-4523-9e85-52f4f3632356\.system_generated\steps\456\
	                   1	C:\Users\DannyGeminiAnti\.gemini\antigravity\brain\13d289c7-8aca-4523-9e85-52f4f3632356\.system_generated\steps\458\
	                   1	C:\Users\DannyGeminiAnti\.gemini\antigravity\brain\13d289c7-8aca-4523-9e85-52f4f3632356\.system_generated\steps\461\
	                   1	C:\Users\DannyGeminiAnti\.gemini\antigravity\brain\13d289c7-8aca-4523-9e85-52f4f3632356\.system_generated\steps\463\
	                   1	C:\Users\DannyGeminiAnti\.gemini\antigravity\brain\13d289c7-8aca-4523-9e85-52f4f3632356\.system_generated\steps\465\
	                   1	C:\Users\DannyGeminiAnti\.gemini\antigravity\brain\13d289c7-8aca-4523-9e85-52f4f3632356\.system_generated\steps\467\
	                   1	C:\Users\DannyGeminiAnti\.gemini\antigravity\brain\13d289c7-8aca-4523-9e85-52f4f3632356\.system_generated\steps\469\
	                   1	C:\Users\DannyGeminiAnti\.gemini\antigravity\brain\13d289c7-8aca-4523-9e85-52f4f3632356\.system_generated\steps\47\
	                   1	C:\Users\DannyGeminiAnti\.gemini\antigravity\brain\13d289c7-8aca-4523-9e85-52f4f3632356\.system_generated\steps\471\
	                   1	C:\Users\DannyGeminiAnti\.gemini\antigravity\brain\13d289c7-8aca-4523-9e85-52f4f3632356\.system_generated\steps\473\
	                   1	C:\Users\DannyGeminiAnti\.gemini\antigravity\brain\13d289c7-8aca-4523-9e85-52f4f3632356\.system_generated\steps\475\
	                   1	C:\Users\DannyGeminiAnti\.gemini\antigravity\brain\13d289c7-8aca-4523-9e85-52f4f3632356\.system_generated\steps\481\
	                   1	C:\Users\DannyGeminiAnti\.gemini\antigravity\brain\13d289c7-8aca-4523-9e85-52f4f3632356\.system_generated\steps\483\
	                   1	C:\Users\DannyGeminiAnti\.gemini\antigravity\brain\13d289c7-8aca-4523-9e85-52f4f3632356\.system_generated\steps\485\
	                   1	C:\Users\DannyGeminiAnti\.gemini\antigravity\brain\13d289c7-8aca-4523-9e85-52f4f3632356\.system_generated\steps\488\
	                   1	C:\Users\DannyGeminiAnti\.gemini\antigravity\brain\13d289c7-8aca-4523-9e85-52f4f3632356\.system_generated\steps\49\
	                   1	C:\Users\DannyGeminiAnti\.gemini\antigravity\brain\13d289c7-8aca-4523-9e85-52f4f3632356\.system_generated\steps\490\
	                   1	C:\Users\DannyGeminiAnti\.gemini\antigravity\brain\13d289c7-8aca-4523-9e85-52f4f3632356\.system_generated\steps\492\
	                   1	C:\Users\DannyGeminiAnti\.gemini\antigravity\brain\13d289c7-8aca-4523-9e85-52f4f3632356\.system_generated\steps\494\
	                   1	C:\Users\DannyGeminiAnti\.gemini\antigravity\brain\13d289c7-8aca-4523-9e85-52f4f3632356\.system_generated\steps\51\
	                   1	C:\Users\DannyGeminiAnti\.gemini\antigravity\brain\13d289c7-8aca-4523-9e85-52f4f3632356\.system_generated\steps\512\
	                   1	C:\Users\DannyGeminiAnti\.gemini\antigravity\brain\13d289c7-8aca-4523-9e85-52f4f3632356\.system_generated\steps\518\
	                   1	C:\Users\DannyGeminiAnti\.gemini\antigravity\brain\13d289c7-8aca-4523-9e85-52f4f3632356\.system_generated\steps\524\
	                   1	C:\Users\DannyGeminiAnti\.gemini\antigravity\brain\13d289c7-8aca-4523-9e85-52f4f3632356\.system_generated\steps\526\
	                   1	C:\Users\DannyGeminiAnti\.gemini\antigravity\brain\13d289c7-8aca-4523-9e85-52f4f3632356\.system_generated\steps\532\
	                   1	C:\Users\DannyGeminiAnti\.gemini\antigravity\brain\13d289c7-8aca-4523-9e85-52f4f3632356\.system_generated\steps\534\
	                   1	C:\Users\DannyGeminiAnti\.gemini\antigravity\brain\13d289c7-8aca-4523-9e85-52f4f3632356\.system_generated\steps\536\
	                   1	C:\Users\DannyGeminiAnti\.gemini\antigravity\brain\13d289c7-8aca-4523-9e85-52f4f3632356\.system_generated\steps\538\
	                   1	C:\Users\DannyGeminiAnti\.gemini\antigravity\brain\13d289c7-8aca-4523-9e85-52f4f3632356\.system_generated\steps\540\
	                   1	C:\Users\DannyGeminiAnti\.gemini\antigravity\brain\13d289c7-8aca-4523-9e85-52f4f3632356\.system_generated\steps\542\
	                   1	C:\Users\DannyGeminiAnti\.gemini\antigravity\brain\13d289c7-8aca-4523-9e85-52f4f3632356\.system_generated\steps\544\
	                   1	C:\Users\DannyGeminiAnti\.gemini\antigravity\brain\13d289c7-8aca-4523-9e85-52f4f3632356\.system_generated\steps\546\
	                   1	C:\Users\DannyGeminiAnti\.gemini\antigravity\brain\13d289c7-8aca-4523-9e85-52f4f3632356\.system_generated\steps\548\
	                   1	C:\Users\DannyGeminiAnti\.gemini\antigravity\brain\13d289c7-8aca-4523-9e85-52f4f3632356\.system_generated\steps\552\
	                   1	C:\Users\DannyGeminiAnti\.gemini\antigravity\brain\13d289c7-8aca-4523-9e85-52f4f3632356\.system_generated\steps\554\
	                   1	C:\Users\DannyGeminiAnti\.gemini\antigravity\brain\13d289c7-8aca-4523-9e85-52f4f3632356\.system_generated\steps\556\
	                   1	C:\Users\DannyGeminiAnti\.gemini\antigravity\brain\13d289c7-8aca-4523-9e85-52f4f3632356\.system_generated\steps\558\
	                   1	C:\Users\DannyGeminiAnti\.gemini\antigravity\brain\13d289c7-8aca-4523-9e85-52f4f3632356\.system_generated\steps\562\
	                   1	C:\Users\DannyGeminiAnti\.gemini\antigravity\brain\13d289c7-8aca-4523-9e85-52f4f3632356\.system_generated\steps\564\
	                   1	C:\Users\DannyGeminiAnti\.gemini\antigravity\brain\13d289c7-8aca-4523-9e85-52f4f3632356\.system_generated\steps\566\
	                   1	C:\Users\DannyGeminiAnti\.gemini\antigravity\brain\13d289c7-8aca-4523-9e85-52f4f3632356\.system_generated\steps\568\
	                   1	C:\Users\DannyGeminiAnti\.gemini\antigravity\brain\13d289c7-8aca-4523-9e85-52f4f3632356\.system_generated\steps\570\
	                   1	C:\Users\DannyGeminiAnti\.gemini\antigravity\brain\13d289c7-8aca-4523-9e85-52f4f3632356\.system_generated\steps\572\
	                   1	C:\Users\DannyGeminiAnti\.gemini\antigravity\brain\13d289c7-8aca-4523-9e85-52f4f3632356\.system_generated\steps\584\
	                   1	C:\Users\DannyGeminiAnti\.gemini\antigravity\brain\13d289c7-8aca-4523-9e85-52f4f3632356\.system_generated\steps\586\
	                   1	C:\Users\DannyGeminiAnti\.gemini\antigravity\brain\13d289c7-8aca-4523-9e85-52f4f3632356\.system_generated\steps\588\
	                   1	C:\Users\DannyGeminiAnti\.gemini\antigravity\brain\13d289c7-8aca-4523-9e85-52f4f3632356\.system_generated\steps\590\
	                   1	C:\Users\DannyGeminiAnti\.gemini\antigravity\brain\13d289c7-8aca-4523-9e85-52f4f3632356\.system_generated\steps\592\
	                   1	C:\Users\DannyGeminiAnti\.gemini\antigravity\brain\13d289c7-8aca-4523-9e85-52f4f3632356\.system_generated\steps\594\
	                   1	C:\Users\DannyGeminiAnti\.gemini\antigravity\brain\13d289c7-8aca-4523-9e85-52f4f3632356\.system_generated\steps\596\
	                   1	C:\Users\DannyGeminiAnti\.gemini\antigravity\brain\13d289c7-8aca-4523-9e85-52f4f3632356\.system_generated\steps\599\
	                   1	C:\Users\DannyGeminiAnti\.gemini\antigravity\brain\13d289c7-8aca-4523-9e85-52f4f3632356\.system_generated\steps\6\
	                   1	C:\Users\DannyGeminiAnti\.gemini\antigravity\brain\13d289c7-8aca-4523-9e85-52f4f3632356\.system_generated\steps\601\
	                   1	C:\Users\DannyGeminiAnti\.gemini\antigravity\brain\13d289c7-8aca-4523-9e85-52f4f3632356\.system_generated\steps\603\
	                   1	C:\Users\DannyGeminiAnti\.gemini\antigravity\brain\13d289c7-8aca-4523-9e85-52f4f3632356\.system_generated\steps\605\
	                   1	C:\Users\DannyGeminiAnti\.gemini\antigravity\brain\13d289c7-8aca-4523-9e85-52f4f3632356\.system_generated\steps\607\
	                   1	C:\Users\DannyGeminiAnti\.gemini\antigravity\brain\13d289c7-8aca-4523-9e85-52f4f3632356\.system_generated\steps\619\
	                   1	C:\Users\DannyGeminiAnti\.gemini\antigravity\brain\13d289c7-8aca-4523-9e85-52f4f3632356\.system_generated\steps\621\
	                   1	C:\Users\DannyGeminiAnti\.gemini\antigravity\brain\13d289c7-8aca-4523-9e85-52f4f3632356\.system_generated\steps\623\
	                   1	C:\Users\DannyGeminiAnti\.gemini\antigravity\brain\13d289c7-8aca-4523-9e85-52f4f3632356\.system_generated\steps\625\
	                   1	C:\Users\DannyGeminiAnti\.gemini\antigravity\brain\13d289c7-8aca-4523-9e85-52f4f3632356\.system_generated\steps\629\
	                   1	C:\Users\DannyGeminiAnti\.gemini\antigravity\brain\13d289c7-8aca-4523-9e85-52f4f3632356\.system_generated\steps\633\
	                   1	C:\Users\DannyGeminiAnti\.gemini\antigravity\brain\13d289c7-8aca-4523-9e85-52f4f3632356\.system_generated\steps\635\
	                   1	C:\Users\DannyGeminiAnti\.gemini\antigravity\brain\13d289c7-8aca-4523-9e85-52f4f3632356\.system_generated\steps\637\
	                   1	C:\Users\DannyGeminiAnti\.gemini\antigravity\brain\13d289c7-8aca-4523-9e85-52f4f3632356\.system_generated\steps\639\
	                   1	C:\Users\DannyGeminiAnti\.gemini\antigravity\brain\13d289c7-8aca-4523-9e85-52f4f3632356\.system_generated\steps\641\
	                   1	C:\Users\DannyGeminiAnti\.gemini\antigravity\brain\13d289c7-8aca-4523-9e85-52f4f3632356\.system_generated\steps\643\
	                   1	C:\Users\DannyGeminiAnti\.gemini\antigravity\brain\13d289c7-8aca-4523-9e85-52f4f3632356\.system_generated\steps\645\
	                   1	C:\Users\DannyGeminiAnti\.gemini\antigravity\brain\13d289c7-8aca-4523-9e85-52f4f3632356\.system_generated\steps\647\
	                   1	C:\Users\DannyGeminiAnti\.gemini\antigravity\brain\13d289c7-8aca-4523-9e85-52f4f3632356\.system_generated\steps\649\
	                   1	C:\Users\DannyGeminiAnti\.gemini\antigravity\brain\13d289c7-8aca-4523-9e85-52f4f3632356\.system_generated\steps\651\
	                   1	C:\Users\DannyGeminiAnti\.gemini\antigravity\brain\13d289c7-8aca-4523-9e85-52f4f3632356\.system_generated\steps\658\
	                   1	C:\Users\DannyGeminiAnti\.gemini\antigravity\brain\13d289c7-8aca-4523-9e85-52f4f3632356\.system_generated\steps\660\
	                   1	C:\Users\DannyGeminiAnti\.gemini\antigravity\brain\13d289c7-8aca-4523-9e85-52f4f3632356\.system_generated\steps\662\
	                   1	C:\Users\DannyGeminiAnti\.gemini\antigravity\brain\13d289c7-8aca-4523-9e85-52f4f3632356\.system_generated\steps\664\
	                   1	C:\Users\DannyGeminiAnti\.gemini\antigravity\brain\13d289c7-8aca-4523-9e85-52f4f3632356\.system_generated\steps\666\
	                   1	C:\Users\DannyGeminiAnti\.gemini\antigravity\brain\13d289c7-8aca-4523-9e85-52f4f3632356\.system_generated\steps\668\
	                   1	C:\Users\DannyGeminiAnti\.gemini\antigravity\brain\13d289c7-8aca-4523-9e85-52f4f3632356\.system_generated\steps\670\
	                   1	C:\Users\DannyGeminiAnti\.gemini\antigravity\brain\13d289c7-8aca-4523-9e85-52f4f3632356\.system_generated\steps\672\
	                   1	C:\Users\DannyGeminiAnti\.gemini\antigravity\brain\13d289c7-8aca-4523-9e85-52f4f3632356\.system_generated\steps\674\
	                   1	C:\Users\DannyGeminiAnti\.gemini\antigravity\brain\13d289c7-8aca-4523-9e85-52f4f3632356\.system_generated\steps\676\
	                   1	C:\Users\DannyGeminiAnti\.gemini\antigravity\brain\13d289c7-8aca-4523-9e85-52f4f3632356\.system_generated\steps\678\
	                   1	C:\Users\DannyGeminiAnti\.gemini\antigravity\brain\13d289c7-8aca-4523-9e85-52f4f3632356\.system_generated\steps\680\
	                   1	C:\Users\DannyGeminiAnti\.gemini\antigravity\brain\13d289c7-8aca-4523-9e85-52f4f3632356\.system_generated\steps\686\
	                   1	C:\Users\DannyGeminiAnti\.gemini\antigravity\brain\13d289c7-8aca-4523-9e85-52f4f3632356\.system_generated\steps\690\
	                   1	C:\Users\DannyGeminiAnti\.gemini\antigravity\brain\13d289c7-8aca-4523-9e85-52f4f3632356\.system_generated\steps\696\
	                   1	C:\Users\DannyGeminiAnti\.gemini\antigravity\brain\13d289c7-8aca-4523-9e85-52f4f3632356\.system_generated\steps\698\
	                   1	C:\Users\DannyGeminiAnti\.gemini\antigravity\brain\13d289c7-8aca-4523-9e85-52f4f3632356\.system_generated\steps\700\
	                   1	C:\Users\DannyGeminiAnti\.gemini\antigravity\brain\13d289c7-8aca-4523-9e85-52f4f3632356\.system_generated\steps\702\
	                   1	C:\Users\DannyGeminiAnti\.gemini\antigravity\brain\13d289c7-8aca-4523-9e85-52f4f3632356\.system_generated\steps\704\
	                   1	C:\Users\DannyGeminiAnti\.gemini\antigravity\brain\13d289c7-8aca-4523-9e85-52f4f3632356\.system_generated\steps\706\
	                   1	C:\Users\DannyGeminiAnti\.gemini\antigravity\brain\13d289c7-8aca-4523-9e85-52f4f3632356\.system_generated\steps\708\
	                   1	C:\Users\DannyGeminiAnti\.gemini\antigravity\brain\13d289c7-8aca-4523-9e85-52f4f3632356\.system_generated\steps\710\
	                   1	C:\Users\DannyGeminiAnti\.gemini\antigravity\brain\13d289c7-8aca-4523-9e85-52f4f3632356\.system_generated\steps\712\
	                   1	C:\Users\DannyGeminiAnti\.gemini\antigravity\brain\13d289c7-8aca-4523-9e85-52f4f3632356\.system_generated\steps\714\
	                   1	C:\Users\DannyGeminiAnti\.gemini\antigravity\brain\13d289c7-8aca-4523-9e85-52f4f3632356\.system_generated\steps\722\
	                   1	C:\Users\DannyGeminiAnti\.gemini\antigravity\brain\13d289c7-8aca-4523-9e85-52f4f3632356\.system_generated\steps\724\
	                   1	C:\Users\DannyGeminiAnti\.gemini\antigravity\brain\13d289c7-8aca-4523-9e85-52f4f3632356\.system_generated\steps\726\
	                   1	C:\Users\DannyGeminiAnti\.gemini\antigravity\brain\13d289c7-8aca-4523-9e85-52f4f3632356\.system_generated\steps\728\
	                   1	C:\Users\DannyGeminiAnti\.gemini\antigravity\brain\13d289c7-8aca-4523-9e85-52f4f3632356\.system_generated\steps\730\
	                   1	C:\Users\DannyGeminiAnti\.gemini\antigravity\brain\13d289c7-8aca-4523-9e85-52f4f3632356\.system_generated\steps\732\
	                   1	C:\Users\DannyGeminiAnti\.gemini\antigravity\brain\13d289c7-8aca-4523-9e85-52f4f3632356\.system_generated\steps\734\
	                   1	C:\Users\DannyGeminiAnti\.gemini\antigravity\brain\13d289c7-8aca-4523-9e85-52f4f3632356\.system_generated\steps\736\
	                   1	C:\Users\DannyGeminiAnti\.gemini\antigravity\brain\13d289c7-8aca-4523-9e85-52f4f3632356\.system_generated\steps\738\
	                   1	C:\Users\DannyGeminiAnti\.gemini\antigravity\brain\13d289c7-8aca-4523-9e85-52f4f3632356\.system_generated\steps\740\
	                   1	C:\Users\DannyGeminiAnti\.gemini\antigravity\brain\13d289c7-8aca-4523-9e85-52f4f3632356\.system_generated\steps\742\
	                   1	C:\Users\DannyGeminiAnti\.gemini\antigravity\brain\13d289c7-8aca-4523-9e85-52f4f3632356\.system_generated\steps\75\
	                   1	C:\Users\DannyGeminiAnti\.gemini\antigravity\brain\13d289c7-8aca-4523-9e85-52f4f3632356\.system_generated\steps\751\
	                   1	C:\Users\DannyGeminiAnti\.gemini\antigravity\brain\13d289c7-8aca-4523-9e85-52f4f3632356\.system_generated\steps\753\
	                   1	C:\Users\DannyGeminiAnti\.gemini\antigravity\brain\13d289c7-8aca-4523-9e85-52f4f3632356\.system_generated\steps\759\
	                   1	C:\Users\DannyGeminiAnti\.gemini\antigravity\brain\13d289c7-8aca-4523-9e85-52f4f3632356\.system_generated\steps\763\
	                   1	C:\Users\DannyGeminiAnti\.gemini\antigravity\brain\13d289c7-8aca-4523-9e85-52f4f3632356\.system_generated\steps\769\
	                   1	C:\Users\DannyGeminiAnti\.gemini\antigravity\brain\13d289c7-8aca-4523-9e85-52f4f3632356\.system_generated\steps\77\
	                   1	C:\Users\DannyGeminiAnti\.gemini\antigravity\brain\13d289c7-8aca-4523-9e85-52f4f3632356\.system_generated\steps\771\
	                   1	C:\Users\DannyGeminiAnti\.gemini\antigravity\brain\13d289c7-8aca-4523-9e85-52f4f3632356\.system_generated\steps\773\
	                   1	C:\Users\DannyGeminiAnti\.gemini\antigravity\brain\13d289c7-8aca-4523-9e85-52f4f3632356\.system_generated\steps\775\
	                   1	C:\Users\DannyGeminiAnti\.gemini\antigravity\brain\13d289c7-8aca-4523-9e85-52f4f3632356\.system_generated\steps\777\
	                   1	C:\Users\DannyGeminiAnti\.gemini\antigravity\brain\13d289c7-8aca-4523-9e85-52f4f3632356\.system_generated\steps\779\
	                   1	C:\Users\DannyGeminiAnti\.gemini\antigravity\brain\13d289c7-8aca-4523-9e85-52f4f3632356\.system_generated\steps\781\
	                   1	C:\Users\DannyGeminiAnti\.gemini\antigravity\brain\13d289c7-8aca-4523-9e85-52f4f3632356\.system_generated\steps\783\
	                   1	C:\Users\DannyGeminiAnti\.gemini\antigravity\brain\13d289c7-8aca-4523-9e85-52f4f3632356\.system_generated\steps\785\
	                   1	C:\Users\DannyGeminiAnti\.gemini\antigravity\brain\13d289c7-8aca-4523-9e85-52f4f3632356\.system_generated\steps\79\
	                   1	C:\Users\DannyGeminiAnti\.gemini\antigravity\brain\13d289c7-8aca-4523-9e85-52f4f3632356\.system_generated\steps\792\
	                   1	C:\Users\DannyGeminiAnti\.gemini\antigravity\brain\13d289c7-8aca-4523-9e85-52f4f3632356\.system_generated\steps\794\
	                   1	C:\Users\DannyGeminiAnti\.gemini\antigravity\brain\13d289c7-8aca-4523-9e85-52f4f3632356\.system_generated\steps\802\
	                   1	C:\Users\DannyGeminiAnti\.gemini\antigravity\brain\13d289c7-8aca-4523-9e85-52f4f3632356\.system_generated\steps\807\
	                   1	C:\Users\DannyGeminiAnti\.gemini\antigravity\brain\13d289c7-8aca-4523-9e85-52f4f3632356\.system_generated\steps\809\
	                   1	C:\Users\DannyGeminiAnti\.gemini\antigravity\brain\13d289c7-8aca-4523-9e85-52f4f3632356\.system_generated\steps\81\
	                   1	C:\Users\DannyGeminiAnti\.gemini\antigravity\brain\13d289c7-8aca-4523-9e85-52f4f3632356\.system_generated\steps\811\
	                   1	C:\Users\DannyGeminiAnti\.gemini\antigravity\brain\13d289c7-8aca-4523-9e85-52f4f3632356\.system_generated\steps\813\
	                   1	C:\Users\DannyGeminiAnti\.gemini\antigravity\brain\13d289c7-8aca-4523-9e85-52f4f3632356\.system_generated\steps\815\
	                   1	C:\Users\DannyGeminiAnti\.gemini\antigravity\brain\13d289c7-8aca-4523-9e85-52f4f3632356\.system_generated\steps\817\
	                   1	C:\Users\DannyGeminiAnti\.gemini\antigravity\brain\13d289c7-8aca-4523-9e85-52f4f3632356\.system_generated\steps\819\
	                   1	C:\Users\DannyGeminiAnti\.gemini\antigravity\brain\13d289c7-8aca-4523-9e85-52f4f3632356\.system_generated\steps\822\
	                   1	C:\Users\DannyGeminiAnti\.gemini\antigravity\brain\13d289c7-8aca-4523-9e85-52f4f3632356\.system_generated\steps\824\
	                   1	C:\Users\DannyGeminiAnti\.gemini\antigravity\brain\13d289c7-8aca-4523-9e85-52f4f3632356\.system_generated\steps\834\
	                   1	C:\Users\DannyGeminiAnti\.gemini\antigravity\brain\13d289c7-8aca-4523-9e85-52f4f3632356\.system_generated\steps\838\
	                   1	C:\Users\DannyGeminiAnti\.gemini\antigravity\brain\13d289c7-8aca-4523-9e85-52f4f3632356\.system_generated\steps\840\
	                   1	C:\Users\DannyGeminiAnti\.gemini\antigravity\brain\13d289c7-8aca-4523-9e85-52f4f3632356\.system_generated\steps\842\
	                   1	C:\Users\DannyGeminiAnti\.gemini\antigravity\brain\13d289c7-8aca-4523-9e85-52f4f3632356\.system_generated\steps\846\
	                   1	C:\Users\DannyGeminiAnti\.gemini\antigravity\brain\13d289c7-8aca-4523-9e85-52f4f3632356\.system_generated\steps\848\
	                   1	C:\Users\DannyGeminiAnti\.gemini\antigravity\brain\13d289c7-8aca-4523-9e85-52f4f3632356\.system_generated\steps\852\
	                   1	C:\Users\DannyGeminiAnti\.gemini\antigravity\brain\13d289c7-8aca-4523-9e85-52f4f3632356\.system_generated\steps\856\
	                   1	C:\Users\DannyGeminiAnti\.gemini\antigravity\brain\13d289c7-8aca-4523-9e85-52f4f3632356\.system_generated\steps\860\
	                   1	C:\Users\DannyGeminiAnti\.gemini\antigravity\brain\13d289c7-8aca-4523-9e85-52f4f3632356\.system_generated\steps\864\
	                   1	C:\Users\DannyGeminiAnti\.gemini\antigravity\brain\13d289c7-8aca-4523-9e85-52f4f3632356\.system_generated\steps\866\
	                   1	C:\Users\DannyGeminiAnti\.gemini\antigravity\brain\13d289c7-8aca-4523-9e85-52f4f3632356\.system_generated\steps\869\
	                   1	C:\Users\DannyGeminiAnti\.gemini\antigravity\brain\13d289c7-8aca-4523-9e85-52f4f3632356\.system_generated\steps\871\
	                   1	C:\Users\DannyGeminiAnti\.gemini\antigravity\brain\13d289c7-8aca-4523-9e85-52f4f3632356\.system_generated\steps\873\
	                   1	C:\Users\DannyGeminiAnti\.gemini\antigravity\brain\13d289c7-8aca-4523-9e85-52f4f3632356\.system_generated\steps\875\
	                   1	C:\Users\DannyGeminiAnti\.gemini\antigravity\brain\13d289c7-8aca-4523-9e85-52f4f3632356\.system_generated\steps\877\
	                   1	C:\Users\DannyGeminiAnti\.gemini\antigravity\brain\13d289c7-8aca-4523-9e85-52f4f3632356\.system_generated\steps\879\
	                   1	C:\Users\DannyGeminiAnti\.gemini\antigravity\brain\13d289c7-8aca-4523-9e85-52f4f3632356\.system_generated\steps\881\
	                   1	C:\Users\DannyGeminiAnti\.gemini\antigravity\brain\13d289c7-8aca-4523-9e85-52f4f3632356\.system_generated\steps\884\
	                   1	C:\Users\DannyGeminiAnti\.gemini\antigravity\brain\13d289c7-8aca-4523-9e85-52f4f3632356\.system_generated\steps\886\
	                   1	C:\Users\DannyGeminiAnti\.gemini\antigravity\brain\13d289c7-8aca-4523-9e85-52f4f3632356\.system_generated\steps\89\
	                   1	C:\Users\DannyGeminiAnti\.gemini\antigravity\brain\13d289c7-8aca-4523-9e85-52f4f3632356\.system_generated\steps\895\
	                   1	C:\Users\DannyGeminiAnti\.gemini\antigravity\brain\13d289c7-8aca-4523-9e85-52f4f3632356\.system_generated\steps\897\
	                   1	C:\Users\DannyGeminiAnti\.gemini\antigravity\brain\13d289c7-8aca-4523-9e85-52f4f3632356\.system_generated\steps\899\
	                   1	C:\Users\DannyGeminiAnti\.gemini\antigravity\brain\13d289c7-8aca-4523-9e85-52f4f3632356\.system_generated\steps\901\
	                   1	C:\Users\DannyGeminiAnti\.gemini\antigravity\brain\13d289c7-8aca-4523-9e85-52f4f3632356\.system_generated\steps\903\
	                   1	C:\Users\DannyGeminiAnti\.gemini\antigravity\brain\13d289c7-8aca-4523-9e85-52f4f3632356\.system_generated\steps\905\
	                   1	C:\Users\DannyGeminiAnti\.gemini\antigravity\brain\13d289c7-8aca-4523-9e85-52f4f3632356\.system_generated\steps\908\
	                   1	C:\Users\DannyGeminiAnti\.gemini\antigravity\brain\13d289c7-8aca-4523-9e85-52f4f3632356\.system_generated\steps\910\
	                   1	C:\Users\DannyGeminiAnti\.gemini\antigravity\brain\13d289c7-8aca-4523-9e85-52f4f3632356\.system_generated\steps\916\
	                   1	C:\Users\DannyGeminiAnti\.gemini\antigravity\brain\13d289c7-8aca-4523-9e85-52f4f3632356\.system_generated\steps\918\
	                   1	C:\Users\DannyGeminiAnti\.gemini\antigravity\brain\13d289c7-8aca-4523-9e85-52f4f3632356\.system_generated\steps\920\
	                   1	C:\Users\DannyGeminiAnti\.gemini\antigravity\brain\13d289c7-8aca-4523-9e85-52f4f3632356\.system_generated\steps\922\
	                   1	C:\Users\DannyGeminiAnti\.gemini\antigravity\brain\13d289c7-8aca-4523-9e85-52f4f3632356\.system_generated\steps\924\
	                   1	C:\Users\DannyGeminiAnti\.gemini\antigravity\brain\13d289c7-8aca-4523-9e85-52f4f3632356\.system_generated\steps\926\
	                   1	C:\Users\DannyGeminiAnti\.gemini\antigravity\brain\13d289c7-8aca-4523-9e85-52f4f3632356\.system_generated\steps\929\
	                   1	C:\Users\DannyGeminiAnti\.gemini\antigravity\brain\13d289c7-8aca-4523-9e85-52f4f3632356\.system_generated\steps\931\
	                   1	C:\Users\DannyGeminiAnti\.gemini\antigravity\brain\13d289c7-8aca-4523-9e85-52f4f3632356\.system_generated\steps\937\
	                   1	C:\Users\DannyGeminiAnti\.gemini\antigravity\brain\13d289c7-8aca-4523-9e85-52f4f3632356\.system_generated\steps\939\
	                   1	C:\Users\DannyGeminiAnti\.gemini\antigravity\brain\13d289c7-8aca-4523-9e85-52f4f3632356\.system_generated\steps\941\
	                   1	C:\Users\DannyGeminiAnti\.gemini\antigravity\brain\13d289c7-8aca-4523-9e85-52f4f3632356\.system_generated\steps\943\
	                   1	C:\Users\DannyGeminiAnti\.gemini\antigravity\brain\13d289c7-8aca-4523-9e85-52f4f3632356\.system_generated\steps\945\
	                   1	C:\Users\DannyGeminiAnti\.gemini\antigravity\brain\13d289c7-8aca-4523-9e85-52f4f3632356\.system_generated\steps\947\
	                   1	C:\Users\DannyGeminiAnti\.gemini\antigravity\brain\13d289c7-8aca-4523-9e85-52f4f3632356\.system_generated\steps\949\
	                   1	C:\Users\DannyGeminiAnti\.gemini\antigravity\brain\13d289c7-8aca-4523-9e85-52f4f3632356\.system_generated\steps\95\
	                   1	C:\Users\DannyGeminiAnti\.gemini\antigravity\brain\13d289c7-8aca-4523-9e85-52f4f3632356\.system_generated\steps\951\
	                   1	C:\Users\DannyGeminiAnti\.gemini\antigravity\brain\13d289c7-8aca-4523-9e85-52f4f3632356\.system_generated\steps\954\
	                   1	C:\Users\DannyGeminiAnti\.gemini\antigravity\brain\13d289c7-8aca-4523-9e85-52f4f3632356\.system_generated\steps\956\
	                   1	C:\Users\DannyGeminiAnti\.gemini\antigravity\brain\13d289c7-8aca-4523-9e85-52f4f3632356\.system_generated\steps\966\
	                   1	C:\Users\DannyGeminiAnti\.gemini\antigravity\brain\13d289c7-8aca-4523-9e85-52f4f3632356\.system_generated\steps\968\
	                   1	C:\Users\DannyGeminiAnti\.gemini\antigravity\brain\13d289c7-8aca-4523-9e85-52f4f3632356\.system_generated\steps\970\
	                   1	C:\Users\DannyGeminiAnti\.gemini\antigravity\brain\13d289c7-8aca-4523-9e85-52f4f3632356\.system_generated\steps\972\
	                   1	C:\Users\DannyGeminiAnti\.gemini\antigravity\brain\13d289c7-8aca-4523-9e85-52f4f3632356\.system_generated\steps\974\
	                   1	C:\Users\DannyGeminiAnti\.gemini\antigravity\brain\13d289c7-8aca-4523-9e85-52f4f3632356\.system_generated\steps\976\
	                   1	C:\Users\DannyGeminiAnti\.gemini\antigravity\brain\13d289c7-8aca-4523-9e85-52f4f3632356\.system_generated\steps\978\
	                   1	C:\Users\DannyGeminiAnti\.gemini\antigravity\brain\13d289c7-8aca-4523-9e85-52f4f3632356\.system_generated\steps\980\
	                   1	C:\Users\DannyGeminiAnti\.gemini\antigravity\brain\13d289c7-8aca-4523-9e85-52f4f3632356\.system_generated\steps\983\
	                   1	C:\Users\DannyGeminiAnti\.gemini\antigravity\brain\13d289c7-8aca-4523-9e85-52f4f3632356\.system_generated\steps\985\
	                   1	C:\Users\DannyGeminiAnti\.gemini\antigravity\brain\13d289c7-8aca-4523-9e85-52f4f3632356\.system_generated\steps\989\
	                   1	C:\Users\DannyGeminiAnti\.gemini\antigravity\brain\13d289c7-8aca-4523-9e85-52f4f3632356\.system_generated\steps\992\
	                   4	C:\Users\DannyGeminiAnti\.gemini\antigravity\brain\13d289c7-8aca-4523-9e85-52f4f3632356\.tempmediaStorage\
	                  97	C:\Users\DannyGeminiAnti\.gemini\antigravity\brain\13d289c7-8aca-4523-9e85-52f4f3632356\.user_uploaded\
	    New File  		  407726	media_1791152626007.png
	    New File  		  112242	media_1791161832794.png
	                   0	C:\Users\DannyGeminiAnti\.gemini\antigravity\brain\13d289c7-8aca-4523-9e85-52f4f3632356\task-91\
	                   0	C:\Users\DannyGeminiAnti\.gemini\antigravity\brain\13d289c7-8aca-4523-9e85-52f4f3632356\task-91\.system_generated\
	                   1	C:\Users\DannyGeminiAnti\.gemini\antigravity\brain\13d289c7-8aca-4523-9e85-52f4f3632356\task-91\.system_generated\messages\
	                   0	C:\Users\DannyGeminiAnti\.gemini\antigravity\brain\13d289c7-8aca-4523-9e85-52f4f3632356\task-91\.system_generated\messages\undelivered\
	                   4	C:\Users\DannyGeminiAnti\.gemini\antigravity\brain\2795bdec-f30e-4d2e-a455-fe1cc2c3c534\
	                   0	C:\Users\DannyGeminiAnti\.gemini\antigravity\brain\2795bdec-f30e-4d2e-a455-fe1cc2c3c534\.system_generated\
	                   2	C:\Users\DannyGeminiAnti\.gemini\antigravity\brain\2795bdec-f30e-4d2e-a455-fe1cc2c3c534\.system_generated\logs\
	                   0	C:\Users\DannyGeminiAnti\.gemini\antigravity\brain\2795bdec-f30e-4d2e-a455-fe1cc2c3c534\.system_generated\logs\chunks\
	                   1	C:\Users\DannyGeminiAnti\.gemini\antigravity\brain\2795bdec-f30e-4d2e-a455-fe1cc2c3c534\.system_generated\logs\chunks\transcript\
	                   1	C:\Users\DannyGeminiAnti\.gemini\antigravity\brain\2795bdec-f30e-4d2e-a455-fe1cc2c3c534\.system_generated\logs\chunks\transcript_full\
	                   0	C:\Users\DannyGeminiAnti\.gemini\antigravity\brain\2795bdec-f30e-4d2e-a455-fe1cc2c3c534\.system_generated\steps\
	                   1	C:\Users\DannyGeminiAnti\.gemini\antigravity\brain\2795bdec-f30e-4d2e-a455-fe1cc2c3c534\.system_generated\steps\12\
	                   1	C:\Users\DannyGeminiAnti\.gemini\antigravity\brain\2795bdec-f30e-4d2e-a455-fe1cc2c3c534\.system_generated\steps\14\
	                   1	C:\Users\DannyGeminiAnti\.gemini\antigravity\brain\2795bdec-f30e-4d2e-a455-fe1cc2c3c534\.system_generated\steps\16\
	                   1	C:\Users\DannyGeminiAnti\.gemini\antigravity\brain\2795bdec-f30e-4d2e-a455-fe1cc2c3c534\.system_generated\steps\18\
	                   1	C:\Users\DannyGeminiAnti\.gemini\antigravity\brain\2795bdec-f30e-4d2e-a455-fe1cc2c3c534\.system_generated\steps\20\
	                   1	C:\Users\DannyGeminiAnti\.gemini\antigravity\brain\2795bdec-f30e-4d2e-a455-fe1cc2c3c534\.system_generated\steps\22\
	                   1	C:\Users\DannyGeminiAnti\.gemini\antigravity\brain\2795bdec-f30e-4d2e-a455-fe1cc2c3c534\.system_generated\steps\24\
	                   1	C:\Users\DannyGeminiAnti\.gemini\antigravity\brain\2795bdec-f30e-4d2e-a455-fe1cc2c3c534\.system_generated\steps\26\
	                   1	C:\Users\DannyGeminiAnti\.gemini\antigravity\brain\2795bdec-f30e-4d2e-a455-fe1cc2c3c534\.system_generated\steps\28\
	                   1	C:\Users\DannyGeminiAnti\.gemini\antigravity\brain\2795bdec-f30e-4d2e-a455-fe1cc2c3c534\.system_generated\steps\30\
	                   1	C:\Users\DannyGeminiAnti\.gemini\antigravity\brain\2795bdec-f30e-4d2e-a455-fe1cc2c3c534\.system_generated\steps\32\
	                   1	C:\Users\DannyGeminiAnti\.gemini\antigravity\brain\2795bdec-f30e-4d2e-a455-fe1cc2c3c534\.system_generated\steps\34\
	                   1	C:\Users\DannyGeminiAnti\.gemini\antigravity\brain\2795bdec-f30e-4d2e-a455-fe1cc2c3c534\.system_generated\steps\36\
	                   1	C:\Users\DannyGeminiAnti\.gemini\antigravity\brain\2795bdec-f30e-4d2e-a455-fe1cc2c3c534\.system_generated\steps\38\
	                   1	C:\Users\DannyGeminiAnti\.gemini\antigravity\brain\2795bdec-f30e-4d2e-a455-fe1cc2c3c534\.system_generated\steps\4\
	                   1	C:\Users\DannyGeminiAnti\.gemini\antigravity\brain\2795bdec-f30e-4d2e-a455-fe1cc2c3c534\.system_generated\steps\40\
	                   1	C:\Users\DannyGeminiAnti\.gemini\antigravity\brain\2795bdec-f30e-4d2e-a455-fe1cc2c3c534\.system_generated\steps\42\
	                   1	C:\Users\DannyGeminiAnti\.gemini\antigravity\brain\2795bdec-f30e-4d2e-a455-fe1cc2c3c534\.system_generated\steps\44\
	                   1	C:\Users\DannyGeminiAnti\.gemini\antigravity\brain\2795bdec-f30e-4d2e-a455-fe1cc2c3c534\.system_generated\steps\46\
	                   1	C:\Users\DannyGeminiAnti\.gemini\antigravity\brain\2795bdec-f30e-4d2e-a455-fe1cc2c3c534\.system_generated\steps\6\
	                   1	C:\Users\DannyGeminiAnti\.gemini\antigravity\brain\2795bdec-f30e-4d2e-a455-fe1cc2c3c534\.system_generated\steps\8\
	                   0	C:\Users\DannyGeminiAnti\.gemini\antigravity\brain\2795bdec-f30e-4d2e-a455-fe1cc2c3c534\.user_uploaded\
	                   0	C:\Users\DannyGeminiAnti\.gemini\antigravity\brain\71c573db-dbc4-4e3a-bb68-6e94dabf9325\
	                   0	C:\Users\DannyGeminiAnti\.gemini\antigravity\brain\71c573db-dbc4-4e3a-bb68-6e94dabf9325\.system_generated\
	                   2	C:\Users\DannyGeminiAnti\.gemini\antigravity\brain\71c573db-dbc4-4e3a-bb68-6e94dabf9325\.system_generated\logs\
	                   0	C:\Users\DannyGeminiAnti\.gemini\antigravity\brain\71c573db-dbc4-4e3a-bb68-6e94dabf9325\.system_generated\logs\chunks\
	                   1	C:\Users\DannyGeminiAnti\.gemini\antigravity\brain\71c573db-dbc4-4e3a-bb68-6e94dabf9325\.system_generated\logs\chunks\transcript\
	                   1	C:\Users\DannyGeminiAnti\.gemini\antigravity\brain\71c573db-dbc4-4e3a-bb68-6e94dabf9325\.system_generated\logs\chunks\transcript_full\
	                   0	C:\Users\DannyGeminiAnti\.gemini\antigravity\brain\71c573db-dbc4-4e3a-bb68-6e94dabf9325\.user_uploaded\
	                   0	C:\Users\DannyGeminiAnti\.gemini\antigravity\brain\753c20e3-1745-493c-bcd8-35aed02e031b\
	                   0	C:\Users\DannyGeminiAnti\.gemini\antigravity\brain\753c20e3-1745-493c-bcd8-35aed02e031b\.system_generated\
	                   2	C:\Users\DannyGeminiAnti\.gemini\antigravity\brain\753c20e3-1745-493c-bcd8-35aed02e031b\.system_generated\logs\
	    Newer     		   39891	transcript.jsonl
	    Newer     		   51536	transcript_full.jsonl
	                   0	C:\Users\DannyGeminiAnti\.gemini\antigravity\brain\753c20e3-1745-493c-bcd8-35aed02e031b\.system_generated\logs\chunks\
	                   1	C:\Users\DannyGeminiAnti\.gemini\antigravity\brain\753c20e3-1745-493c-bcd8-35aed02e031b\.system_generated\logs\chunks\transcript\
	    Newer     		   39891	00000000.jsonl
	                   1	C:\Users\DannyGeminiAnti\.gemini\antigravity\brain\753c20e3-1745-493c-bcd8-35aed02e031b\.system_generated\logs\chunks\transcript_full\
	    Newer     		   51536	00000000.jsonl
	                   4	C:\Users\DannyGeminiAnti\.gemini\antigravity\brain\753c20e3-1745-493c-bcd8-35aed02e031b\.system_generated\messages\
	    New File  		   10444	f0475c32-cfc3-4971-b11c-fac18c255b3f.json
	    Newer     		     133	read.json
	                   0	C:\Users\DannyGeminiAnti\.gemini\antigravity\brain\753c20e3-1745-493c-bcd8-35aed02e031b\.system_generated\messages\undelivered\
	  *EXTRA File 		       0	4c295e79-abb6-4033-81a1-15576001d9ab
	                   0	C:\Users\DannyGeminiAnti\.gemini\antigravity\brain\753c20e3-1745-493c-bcd8-35aed02e031b\.system_generated\steps\
	                   1	C:\Users\DannyGeminiAnti\.gemini\antigravity\brain\753c20e3-1745-493c-bcd8-35aed02e031b\.system_generated\steps\11\
	                   1	C:\Users\DannyGeminiAnti\.gemini\antigravity\brain\753c20e3-1745-493c-bcd8-35aed02e031b\.system_generated\steps\13\
	                   1	C:\Users\DannyGeminiAnti\.gemini\antigravity\brain\753c20e3-1745-493c-bcd8-35aed02e031b\.system_generated\steps\15\
	                   1	C:\Users\DannyGeminiAnti\.gemini\antigravity\brain\753c20e3-1745-493c-bcd8-35aed02e031b\.system_generated\steps\2\
	                   1	C:\Users\DannyGeminiAnti\.gemini\antigravity\brain\753c20e3-1745-493c-bcd8-35aed02e031b\.system_generated\steps\20\
	                   1	C:\Users\DannyGeminiAnti\.gemini\antigravity\brain\753c20e3-1745-493c-bcd8-35aed02e031b\.system_generated\steps\22\
	  New Dir          1	C:\Users\DannyGeminiAnti\.gemini\antigravity\brain\753c20e3-1745-493c-bcd8-35aed02e031b\.system_generated\steps\24\
	    New File  		    8171	output.txt
	  New Dir          1	C:\Users\DannyGeminiAnti\.gemini\antigravity\brain\753c20e3-1745-493c-bcd8-35aed02e031b\.system_generated\steps\32\
	    New File  		      51	output.txt
	                   1	C:\Users\DannyGeminiAnti\.gemini\antigravity\brain\753c20e3-1745-493c-bcd8-35aed02e031b\.system_generated\steps\5\
	                   1	C:\Users\DannyGeminiAnti\.gemini\antigravity\brain\753c20e3-1745-493c-bcd8-35aed02e031b\.system_generated\steps\7\
	                   1	C:\Users\DannyGeminiAnti\.gemini\antigravity\brain\753c20e3-1745-493c-bcd8-35aed02e031b\.system_generated\steps\9\
	                   0	C:\Users\DannyGeminiAnti\.gemini\antigravity\brain\753c20e3-1745-493c-bcd8-35aed02e031b\.user_uploaded\
	                   6	C:\Users\DannyGeminiAnti\.gemini\antigravity\brain\9540f47a-f97c-4f56-9d0d-91213f6c365a\
	                   0	C:\Users\DannyGeminiAnti\.gemini\antigravity\brain\9540f47a-f97c-4f56-9d0d-91213f6c365a\.system_generated\
	                   2	C:\Users\DannyGeminiAnti\.gemini\antigravity\brain\9540f47a-f97c-4f56-9d0d-91213f6c365a\.system_generated\logs\
	                   0	C:\Users\DannyGeminiAnti\.gemini\antigravity\brain\9540f47a-f97c-4f56-9d0d-91213f6c365a\.system_generated\logs\chunks\
	                  15	C:\Users\DannyGeminiAnti\.gemini\antigravity\brain\9540f47a-f97c-4f56-9d0d-91213f6c365a\.system_generated\logs\chunks\transcript\
	                  20	C:\Users\DannyGeminiAnti\.gemini\antigravity\brain\9540f47a-f97c-4f56-9d0d-91213f6c365a\.system_generated\logs\chunks\transcript_full\
	                 207	C:\Users\DannyGeminiAnti\.gemini\antigravity\brain\9540f47a-f97c-4f56-9d0d-91213f6c365a\.system_generated\messages\
	                   0	C:\Users\DannyGeminiAnti\.gemini\antigravity\brain\9540f47a-f97c-4f56-9d0d-91213f6c365a\.system_generated\messages\undelivered\
	  *EXTRA File 		       0	802ca2c0-6a34-4fb2-b2b7-7cc9fa7e7bb6
	                   0	C:\Users\DannyGeminiAnti\.gemini\antigravity\brain\9540f47a-f97c-4f56-9d0d-91213f6c365a\.system_generated\steps\
	                   1	C:\Users\DannyGeminiAnti\.gemini\antigravity\brain\9540f47a-f97c-4f56-9d0d-91213f6c365a\.system_generated\steps\1000\
	                   1	C:\Users\DannyGeminiAnti\.gemini\antigravity\brain\9540f47a-f97c-4f56-9d0d-91213f6c365a\.system_generated\steps\1002\
	                   1	C:\Users\DannyGeminiAnti\.gemini\antigravity\brain\9540f47a-f97c-4f56-9d0d-91213f6c365a\.system_generated\steps\1005\
	                   1	C:\Users\DannyGeminiAnti\.gemini\antigravity\brain\9540f47a-f97c-4f56-9d0d-91213f6c365a\.system_generated\steps\1009\
	                   1	C:\Users\DannyGeminiAnti\.gemini\antigravity\brain\9540f47a-f97c-4f56-9d0d-91213f6c365a\.system_generated\steps\1011\
	                   1	C:\Users\DannyGeminiAnti\.gemini\antigravity\brain\9540f47a-f97c-4f56-9d0d-91213f6c365a\.system_generated\steps\1013\
	                   1	C:\Users\DannyGeminiAnti\.gemini\antigravity\brain\9540f47a-f97c-4f56-9d0d-91213f6c365a\.system_generated\steps\1016\
	                   1	C:\Users\DannyGeminiAnti\.gemini\antigravity\brain\9540f47a-f97c-4f56-9d0d-91213f6c365a\.system_generated\steps\102\
	                   1	C:\Users\DannyGeminiAnti\.gemini\antigravity\brain\9540f47a-f97c-4f56-9d0d-91213f6c365a\.system_generated\steps\1020\
	                   1	C:\Users\DannyGeminiAnti\.gemini\antigravity\brain\9540f47a-f97c-4f56-9d0d-91213f6c365a\.system_generated\steps\1022\
	                   1	C:\Users\DannyGeminiAnti\.gemini\antigravity\brain\9540f47a-f97c-4f56-9d0d-91213f6c365a\.system_generated\steps\1025\
	                   1	C:\Users\DannyGeminiAnti\.gemini\antigravity\brain\9540f47a-f97c-4f56-9d0d-91213f6c365a\.system_generated\steps\1029\
	                   1	C:\Users\DannyGeminiAnti\.gemini\antigravity\brain\9540f47a-f97c-4f56-9d0d-91213f6c365a\.system_generated\steps\1031\
	                   1	C:\Users\DannyGeminiAnti\.gemini\antigravity\brain\9540f47a-f97c-4f56-9d0d-91213f6c365a\.system_generated\steps\1033\
	                   1	C:\Users\DannyGeminiAnti\.gemini\antigravity\brain\9540f47a-f97c-4f56-9d0d-91213f6c365a\.system_generated\steps\1036\
	                   1	C:\Users\DannyGeminiAnti\.gemini\antigravity\brain\9540f47a-f97c-4f56-9d0d-91213f6c365a\.system_generated\steps\1040\
	                   1	C:\Users\DannyGeminiAnti\.gemini\antigravity\brain\9540f47a-f97c-4f56-9d0d-91213f6c365a\.system_generated\steps\1044\
	                   1	C:\Users\DannyGeminiAnti\.gemini\antigravity\brain\9540f47a-f97c-4f56-9d0d-91213f6c365a\.system_generated\steps\1046\
	                   1	C:\Users\DannyGeminiAnti\.gemini\antigravity\brain\9540f47a-f97c-4f56-9d0d-91213f6c365a\.system_generated\steps\1048\
	                   1	C:\Users\DannyGeminiAnti\.gemini\antigravity\brain\9540f47a-f97c-4f56-9d0d-91213f6c365a\.system_generated\steps\1052\
	                   1	C:\Users\DannyGeminiAnti\.gemini\antigravity\brain\9540f47a-f97c-4f56-9d0d-91213f6c365a\.system_generated\steps\1054\
	                   1	C:\Users\DannyGeminiAnti\.gemini\antigravity\brain\9540f47a-f97c-4f56-9d0d-91213f6c365a\.system_generated\steps\1056\
	                   1	C:\Users\DannyGeminiAnti\.gemini\antigravity\brain\9540f47a-f97c-4f56-9d0d-91213f6c365a\.system_generated\steps\106\
	                   1	C:\Users\DannyGeminiAnti\.gemini\antigravity\brain\9540f47a-f97c-4f56-9d0d-91213f6c365a\.system_generated\steps\1060\
	                   1	C:\Users\DannyGeminiAnti\.gemini\antigravity\brain\9540f47a-f97c-4f56-9d0d-91213f6c365a\.system_generated\steps\1064\
	                   1	C:\Users\DannyGeminiAnti\.gemini\antigravity\brain\9540f47a-f97c-4f56-9d0d-91213f6c365a\.system_generated\steps\1066\
	                   1	C:\Users\DannyGeminiAnti\.gemini\antigravity\brain\9540f47a-f97c-4f56-9d0d-91213f6c365a\.system_generated\steps\1068\
	                   1	C:\Users\DannyGeminiAnti\.gemini\antigravity\brain\9540f47a-f97c-4f56-9d0d-91213f6c365a\.system_generated\steps\1073\
	                   1	C:\Users\DannyGeminiAnti\.gemini\antigravity\brain\9540f47a-f97c-4f56-9d0d-91213f6c365a\.system_generated\steps\1075\
	                   1	C:\Users\DannyGeminiAnti\.gemini\antigravity\brain\9540f47a-f97c-4f56-9d0d-91213f6c365a\.system_generated\steps\1078\
	                   1	C:\Users\DannyGeminiAnti\.gemini\antigravity\brain\9540f47a-f97c-4f56-9d0d-91213f6c365a\.system_generated\steps\1082\
	                   1	C:\Users\DannyGeminiAnti\.gemini\antigravity\brain\9540f47a-f97c-4f56-9d0d-91213f6c365a\.system_generated\steps\1084\
	                   1	C:\Users\DannyGeminiAnti\.gemini\antigravity\brain\9540f47a-f97c-4f56-9d0d-91213f6c365a\.system_generated\steps\1087\
	                   1	C:\Users\DannyGeminiAnti\.gemini\antigravity\brain\9540f47a-f97c-4f56-9d0d-91213f6c365a\.system_generated\steps\1091\
	                   1	C:\Users\DannyGeminiAnti\.gemini\antigravity\brain\9540f47a-f97c-4f56-9d0d-91213f6c365a\.system_generated\steps\1095\
	                   1	C:\Users\DannyGeminiAnti\.gemini\antigravity\brain\9540f47a-f97c-4f56-9d0d-91213f6c365a\.system_generated\steps\1097\
	                   1	C:\Users\DannyGeminiAnti\.gemini\antigravity\brain\9540f47a-f97c-4f56-9d0d-91213f6c365a\.system_generated\steps\1099\
	                   1	C:\Users\DannyGeminiAnti\.gemini\antigravity\brain\9540f47a-f97c-4f56-9d0d-91213f6c365a\.system_generated\steps\1103\
	                   1	C:\Users\DannyGeminiAnti\.gemini\antigravity\brain\9540f47a-f97c-4f56-9d0d-91213f6c365a\.system_generated\steps\1107\
	                   1	C:\Users\DannyGeminiAnti\.gemini\antigravity\brain\9540f47a-f97c-4f56-9d0d-91213f6c365a\.system_generated\steps\1109\
	                   1	C:\Users\DannyGeminiAnti\.gemini\antigravity\brain\9540f47a-f97c-4f56-9d0d-91213f6c365a\.system_generated\steps\1118\
	                   1	C:\Users\DannyGeminiAnti\.gemini\antigravity\brain\9540f47a-f97c-4f56-9d0d-91213f6c365a\.system_generated\steps\112\
	                   1	C:\Users\DannyGeminiAnti\.gemini\antigravity\brain\9540f47a-f97c-4f56-9d0d-91213f6c365a\.system_generated\steps\1120\
	                   1	C:\Users\DannyGeminiAnti\.gemini\antigravity\brain\9540f47a-f97c-4f56-9d0d-91213f6c365a\.system_generated\steps\1122\
	                   1	C:\Users\DannyGeminiAnti\.gemini\antigravity\brain\9540f47a-f97c-4f56-9d0d-91213f6c365a\.system_generated\steps\1124\
	                   1	C:\Users\DannyGeminiAnti\.gemini\antigravity\brain\9540f47a-f97c-4f56-9d0d-91213f6c365a\.system_generated\steps\1128\
	                   1	C:\Users\DannyGeminiAnti\.gemini\antigravity\brain\9540f47a-f97c-4f56-9d0d-91213f6c365a\.system_generated\steps\1130\
	                   1	C:\Users\DannyGeminiAnti\.gemini\antigravity\brain\9540f47a-f97c-4f56-9d0d-91213f6c365a\.system_generated\steps\1134\
	                   1	C:\Users\DannyGeminiAnti\.gemini\antigravity\brain\9540f47a-f97c-4f56-9d0d-91213f6c365a\.system_generated\steps\1136\
	                   1	C:\Users\DannyGeminiAnti\.gemini\antigravity\brain\9540f47a-f97c-4f56-9d0d-91213f6c365a\.system_generated\steps\114\
	                   1	C:\Users\DannyGeminiAnti\.gemini\antigravity\brain\9540f47a-f97c-4f56-9d0d-91213f6c365a\.system_generated\steps\1140\
	                   1	C:\Users\DannyGeminiAnti\.gemini\antigravity\brain\9540f47a-f97c-4f56-9d0d-91213f6c365a\.system_generated\steps\1142\
	                   1	C:\Users\DannyGeminiAnti\.gemini\antigravity\brain\9540f47a-f97c-4f56-9d0d-91213f6c365a\.system_generated\steps\1146\
	                   1	C:\Users\DannyGeminiAnti\.gemini\antigravity\brain\9540f47a-f97c-4f56-9d0d-91213f6c365a\.system_generated\steps\1148\
	                   1	C:\Users\DannyGeminiAnti\.gemini\antigravity\brain\9540f47a-f97c-4f56-9d0d-91213f6c365a\.system_generated\steps\1156\
	                   1	C:\Users\DannyGeminiAnti\.gemini\antigravity\brain\9540f47a-f97c-4f56-9d0d-91213f6c365a\.system_generated\steps\1160\
	                   1	C:\Users\DannyGeminiAnti\.gemini\antigravity\brain\9540f47a-f97c-4f56-9d0d-91213f6c365a\.system_generated\steps\1162\
	                   1	C:\Users\DannyGeminiAnti\.gemini\antigravity\brain\9540f47a-f97c-4f56-9d0d-91213f6c365a\.system_generated\steps\1164\
	                   1	C:\Users\DannyGeminiAnti\.gemini\antigravity\brain\9540f47a-f97c-4f56-9d0d-91213f6c365a\.system_generated\steps\1166\
	                   1	C:\Users\DannyGeminiAnti\.gemini\antigravity\brain\9540f47a-f97c-4f56-9d0d-91213f6c365a\.system_generated\steps\1170\
	                   1	C:\Users\DannyGeminiAnti\.gemini\antigravity\brain\9540f47a-f97c-4f56-9d0d-91213f6c365a\.system_generated\steps\1172\
	                   1	C:\Users\DannyGeminiAnti\.gemini\antigravity\brain\9540f47a-f97c-4f56-9d0d-91213f6c365a\.system_generated\steps\1182\
	                   1	C:\Users\DannyGeminiAnti\.gemini\antigravity\brain\9540f47a-f97c-4f56-9d0d-91213f6c365a\.system_generated\steps\1184\
	                   1	C:\Users\DannyGeminiAnti\.gemini\antigravity\brain\9540f47a-f97c-4f56-9d0d-91213f6c365a\.system_generated\steps\1186\
	                   1	C:\Users\DannyGeminiAnti\.gemini\antigravity\brain\9540f47a-f97c-4f56-9d0d-91213f6c365a\.system_generated\steps\1188\
	                   1	C:\Users\DannyGeminiAnti\.gemini\antigravity\brain\9540f47a-f97c-4f56-9d0d-91213f6c365a\.system_generated\steps\1190\
	                   1	C:\Users\DannyGeminiAnti\.gemini\antigravity\brain\9540f47a-f97c-4f56-9d0d-91213f6c365a\.system_generated\steps\1194\
	                   1	C:\Users\DannyGeminiAnti\.gemini\antigravity\brain\9540f47a-f97c-4f56-9d0d-91213f6c365a\.system_generated\steps\1196\
	                   1	C:\Users\DannyGeminiAnti\.gemini\antigravity\brain\9540f47a-f97c-4f56-9d0d-91213f6c365a\.system_generated\steps\1206\
	                   1	C:\Users\DannyGeminiAnti\.gemini\antigravity\brain\9540f47a-f97c-4f56-9d0d-91213f6c365a\.system_generated\steps\1208\
	                   1	C:\Users\DannyGeminiAnti\.gemini\antigravity\brain\9540f47a-f97c-4f56-9d0d-91213f6c365a\.system_generated\steps\121\
	                   1	C:\Users\DannyGeminiAnti\.gemini\antigravity\brain\9540f47a-f97c-4f56-9d0d-91213f6c365a\.system_generated\steps\1210\
	                   1	C:\Users\DannyGeminiAnti\.gemini\antigravity\brain\9540f47a-f97c-4f56-9d0d-91213f6c365a\.system_generated\steps\1212\
	                   1	C:\Users\DannyGeminiAnti\.gemini\antigravity\brain\9540f47a-f97c-4f56-9d0d-91213f6c365a\.system_generated\steps\1214\
	                   1	C:\Users\DannyGeminiAnti\.gemini\antigravity\brain\9540f47a-f97c-4f56-9d0d-91213f6c365a\.system_generated\steps\1218\
	                   1	C:\Users\DannyGeminiAnti\.gemini\antigravity\brain\9540f47a-f97c-4f56-9d0d-91213f6c365a\.system_generated\steps\1220\
	                   1	C:\Users\DannyGeminiAnti\.gemini\antigravity\brain\9540f47a-f97c-4f56-9d0d-91213f6c365a\.system_generated\steps\1230\
	                   1	C:\Users\DannyGeminiAnti\.gemini\antigravity\brain\9540f47a-f97c-4f56-9d0d-91213f6c365a\.system_generated\steps\1232\
	                   1	C:\Users\DannyGeminiAnti\.gemini\antigravity\brain\9540f47a-f97c-4f56-9d0d-91213f6c365a\.system_generated\steps\1234\
	                   1	C:\Users\DannyGeminiAnti\.gemini\antigravity\brain\9540f47a-f97c-4f56-9d0d-91213f6c365a\.system_generated\steps\1236\
	                   1	C:\Users\DannyGeminiAnti\.gemini\antigravity\brain\9540f47a-f97c-4f56-9d0d-91213f6c365a\.system_generated\steps\1238\
	                   1	C:\Users\DannyGeminiAnti\.gemini\antigravity\brain\9540f47a-f97c-4f56-9d0d-91213f6c365a\.system_generated\steps\1242\
	                   1	C:\Users\DannyGeminiAnti\.gemini\antigravity\brain\9540f47a-f97c-4f56-9d0d-91213f6c365a\.system_generated\steps\1244\
	                   1	C:\Users\DannyGeminiAnti\.gemini\antigravity\brain\9540f47a-f97c-4f56-9d0d-91213f6c365a\.system_generated\steps\125\
	                   1	C:\Users\DannyGeminiAnti\.gemini\antigravity\brain\9540f47a-f97c-4f56-9d0d-91213f6c365a\.system_generated\steps\1254\
	                   1	C:\Users\DannyGeminiAnti\.gemini\antigravity\brain\9540f47a-f97c-4f56-9d0d-91213f6c365a\.system_generated\steps\1256\
	                   1	C:\Users\DannyGeminiAnti\.gemini\antigravity\brain\9540f47a-f97c-4f56-9d0d-91213f6c365a\.system_generated\steps\1261\
	                   1	C:\Users\DannyGeminiAnti\.gemini\antigravity\brain\9540f47a-f97c-4f56-9d0d-91213f6c365a\.system_generated\steps\1263\
	                   1	C:\Users\DannyGeminiAnti\.gemini\antigravity\brain\9540f47a-f97c-4f56-9d0d-91213f6c365a\.system_generated\steps\127\
	                   1	C:\Users\DannyGeminiAnti\.gemini\antigravity\brain\9540f47a-f97c-4f56-9d0d-91213f6c365a\.system_generated\steps\1271\
	                   1	C:\Users\DannyGeminiAnti\.gemini\antigravity\brain\9540f47a-f97c-4f56-9d0d-91213f6c365a\.system_generated\steps\1273\
	                   1	C:\Users\DannyGeminiAnti\.gemini\antigravity\brain\9540f47a-f97c-4f56-9d0d-91213f6c365a\.system_generated\steps\1275\
	                   1	C:\Users\DannyGeminiAnti\.gemini\antigravity\brain\9540f47a-f97c-4f56-9d0d-91213f6c365a\.system_generated\steps\1277\
	                   1	C:\Users\DannyGeminiAnti\.gemini\antigravity\brain\9540f47a-f97c-4f56-9d0d-91213f6c365a\.system_generated\steps\1279\
	                   1	C:\Users\DannyGeminiAnti\.gemini\antigravity\brain\9540f47a-f97c-4f56-9d0d-91213f6c365a\.system_generated\steps\1281\
	                   1	C:\Users\DannyGeminiAnti\.gemini\antigravity\brain\9540f47a-f97c-4f56-9d0d-91213f6c365a\.system_generated\steps\1284\
	                   1	C:\Users\DannyGeminiAnti\.gemini\antigravity\brain\9540f47a-f97c-4f56-9d0d-91213f6c365a\.system_generated\steps\1289\
	                   1	C:\Users\DannyGeminiAnti\.gemini\antigravity\brain\9540f47a-f97c-4f56-9d0d-91213f6c365a\.system_generated\steps\129\
	                   1	C:\Users\DannyGeminiAnti\.gemini\antigravity\brain\9540f47a-f97c-4f56-9d0d-91213f6c365a\.system_generated\steps\1296\
	                   1	C:\Users\DannyGeminiAnti\.gemini\antigravity\brain\9540f47a-f97c-4f56-9d0d-91213f6c365a\.system_generated\steps\1298\
	                   1	C:\Users\DannyGeminiAnti\.gemini\antigravity\brain\9540f47a-f97c-4f56-9d0d-91213f6c365a\.system_generated\steps\1300\
	                   1	C:\Users\DannyGeminiAnti\.gemini\antigravity\brain\9540f47a-f97c-4f56-9d0d-91213f6c365a\.system_generated\steps\1302\
	                   1	C:\Users\DannyGeminiAnti\.gemini\antigravity\brain\9540f47a-f97c-4f56-9d0d-91213f6c365a\.system_generated\steps\1304\
	                   1	C:\Users\DannyGeminiAnti\.gemini\antigravity\brain\9540f47a-f97c-4f56-9d0d-91213f6c365a\.system_generated\steps\1306\
	                   1	C:\Users\DannyGeminiAnti\.gemini\antigravity\brain\9540f47a-f97c-4f56-9d0d-91213f6c365a\.system_generated\steps\131\
	                   1	C:\Users\DannyGeminiAnti\.gemini\antigravity\brain\9540f47a-f97c-4f56-9d0d-91213f6c365a\.system_generated\steps\1310\
	                   1	C:\Users\DannyGeminiAnti\.gemini\antigravity\brain\9540f47a-f97c-4f56-9d0d-91213f6c365a\.system_generated\steps\1312\
	                   1	C:\Users\DannyGeminiAnti\.gemini\antigravity\brain\9540f47a-f97c-4f56-9d0d-91213f6c365a\.system_generated\steps\1323\
	                   1	C:\Users\DannyGeminiAnti\.gemini\antigravity\brain\9540f47a-f97c-4f56-9d0d-91213f6c365a\.system_generated\steps\1325\
	                   1	C:\Users\DannyGeminiAnti\.gemini\antigravity\brain\9540f47a-f97c-4f56-9d0d-91213f6c365a\.system_generated\steps\1327\
	                   1	C:\Users\DannyGeminiAnti\.gemini\antigravity\brain\9540f47a-f97c-4f56-9d0d-91213f6c365a\.system_generated\steps\133\
	                   1	C:\Users\DannyGeminiAnti\.gemini\antigravity\brain\9540f47a-f97c-4f56-9d0d-91213f6c365a\.system_generated\steps\1332\
	                   1	C:\Users\DannyGeminiAnti\.gemini\antigravity\brain\9540f47a-f97c-4f56-9d0d-91213f6c365a\.system_generated\steps\1339\
	                   1	C:\Users\DannyGeminiAnti\.gemini\antigravity\brain\9540f47a-f97c-4f56-9d0d-91213f6c365a\.system_generated\steps\1341\
	                   1	C:\Users\DannyGeminiAnti\.gemini\antigravity\brain\9540f47a-f97c-4f56-9d0d-91213f6c365a\.system_generated\steps\1343\
	                   1	C:\Users\DannyGeminiAnti\.gemini\antigravity\brain\9540f47a-f97c-4f56-9d0d-91213f6c365a\.system_generated\steps\1347\
	                   1	C:\Users\DannyGeminiAnti\.gemini\antigravity\brain\9540f47a-f97c-4f56-9d0d-91213f6c365a\.system_generated\steps\1349\
	                   1	C:\Users\DannyGeminiAnti\.gemini\antigravity\brain\9540f47a-f97c-4f56-9d0d-91213f6c365a\.system_generated\steps\135\
	                   1	C:\Users\DannyGeminiAnti\.gemini\antigravity\brain\9540f47a-f97c-4f56-9d0d-91213f6c365a\.system_generated\steps\1353\
	                   1	C:\Users\DannyGeminiAnti\.gemini\antigravity\brain\9540f47a-f97c-4f56-9d0d-91213f6c365a\.system_generated\steps\1364\
	                   1	C:\Users\DannyGeminiAnti\.gemini\antigravity\brain\9540f47a-f97c-4f56-9d0d-91213f6c365a\.system_generated\steps\1366\
	                   1	C:\Users\DannyGeminiAnti\.gemini\antigravity\brain\9540f47a-f97c-4f56-9d0d-91213f6c365a\.system_generated\steps\1368\
	                   1	C:\Users\DannyGeminiAnti\.gemini\antigravity\brain\9540f47a-f97c-4f56-9d0d-91213f6c365a\.system_generated\steps\137\
	                   1	C:\Users\DannyGeminiAnti\.gemini\antigravity\brain\9540f47a-f97c-4f56-9d0d-91213f6c365a\.system_generated\steps\1372\
	                   1	C:\Users\DannyGeminiAnti\.gemini\antigravity\brain\9540f47a-f97c-4f56-9d0d-91213f6c365a\.system_generated\steps\1380\
	                   1	C:\Users\DannyGeminiAnti\.gemini\antigravity\brain\9540f47a-f97c-4f56-9d0d-91213f6c365a\.system_generated\steps\1382\
	                   1	C:\Users\DannyGeminiAnti\.gemini\antigravity\brain\9540f47a-f97c-4f56-9d0d-91213f6c365a\.system_generated\steps\1384\
	                   1	C:\Users\DannyGeminiAnti\.gemini\antigravity\brain\9540f47a-f97c-4f56-9d0d-91213f6c365a\.system_generated\steps\1386\
	                   1	C:\Users\DannyGeminiAnti\.gemini\antigravity\brain\9540f47a-f97c-4f56-9d0d-91213f6c365a\.system_generated\steps\1388\
	                   1	C:\Users\DannyGeminiAnti\.gemini\antigravity\brain\9540f47a-f97c-4f56-9d0d-91213f6c365a\.system_generated\steps\139\
	                   1	C:\Users\DannyGeminiAnti\.gemini\antigravity\brain\9540f47a-f97c-4f56-9d0d-91213f6c365a\.system_generated\steps\1390\
	                   1	C:\Users\DannyGeminiAnti\.gemini\antigravity\brain\9540f47a-f97c-4f56-9d0d-91213f6c365a\.system_generated\steps\1392\
	                   1	C:\Users\DannyGeminiAnti\.gemini\antigravity\brain\9540f47a-f97c-4f56-9d0d-91213f6c365a\.system_generated\steps\1394\
	                   1	C:\Users\DannyGeminiAnti\.gemini\antigravity\brain\9540f47a-f97c-4f56-9d0d-91213f6c365a\.system_generated\steps\1398\
	                   1	C:\Users\DannyGeminiAnti\.gemini\antigravity\brain\9540f47a-f97c-4f56-9d0d-91213f6c365a\.system_generated\steps\1400\
	                   1	C:\Users\DannyGeminiAnti\.gemini\antigravity\brain\9540f47a-f97c-4f56-9d0d-91213f6c365a\.system_generated\steps\1404\
	                   1	C:\Users\DannyGeminiAnti\.gemini\antigravity\brain\9540f47a-f97c-4f56-9d0d-91213f6c365a\.system_generated\steps\1407\
	                   1	C:\Users\DannyGeminiAnti\.gemini\antigravity\brain\9540f47a-f97c-4f56-9d0d-91213f6c365a\.system_generated\steps\141\
	                   1	C:\Users\DannyGeminiAnti\.gemini\antigravity\brain\9540f47a-f97c-4f56-9d0d-91213f6c365a\.system_generated\steps\1411\
	                   1	C:\Users\DannyGeminiAnti\.gemini\antigravity\brain\9540f47a-f97c-4f56-9d0d-91213f6c365a\.system_generated\steps\1413\
	                   1	C:\Users\DannyGeminiAnti\.gemini\antigravity\brain\9540f47a-f97c-4f56-9d0d-91213f6c365a\.system_generated\steps\1416\
	                   1	C:\Users\DannyGeminiAnti\.gemini\antigravity\brain\9540f47a-f97c-4f56-9d0d-91213f6c365a\.system_generated\steps\142\
	                   1	C:\Users\DannyGeminiAnti\.gemini\antigravity\brain\9540f47a-f97c-4f56-9d0d-91213f6c365a\.system_generated\steps\1420\
	                   1	C:\Users\DannyGeminiAnti\.gemini\antigravity\brain\9540f47a-f97c-4f56-9d0d-91213f6c365a\.system_generated\steps\1423\
	                   1	C:\Users\DannyGeminiAnti\.gemini\antigravity\brain\9540f47a-f97c-4f56-9d0d-91213f6c365a\.system_generated\steps\1427\
	                   1	C:\Users\DannyGeminiAnti\.gemini\antigravity\brain\9540f47a-f97c-4f56-9d0d-91213f6c365a\.system_generated\steps\1429\
	                   1	C:\Users\DannyGeminiAnti\.gemini\antigravity\brain\9540f47a-f97c-4f56-9d0d-91213f6c365a\.system_generated\steps\1431\
	                   1	C:\Users\DannyGeminiAnti\.gemini\antigravity\brain\9540f47a-f97c-4f56-9d0d-91213f6c365a\.system_generated\steps\1433\
	                   1	C:\Users\DannyGeminiAnti\.gemini\antigravity\brain\9540f47a-f97c-4f56-9d0d-91213f6c365a\.system_generated\steps\1437\
	                   1	C:\Users\DannyGeminiAnti\.gemini\antigravity\brain\9540f47a-f97c-4f56-9d0d-91213f6c365a\.system_generated\steps\1439\
	                   1	C:\Users\DannyGeminiAnti\.gemini\antigravity\brain\9540f47a-f97c-4f56-9d0d-91213f6c365a\.system_generated\steps\144\
	                   1	C:\Users\DannyGeminiAnti\.gemini\antigravity\brain\9540f47a-f97c-4f56-9d0d-91213f6c365a\.system_generated\steps\1442\
	                   1	C:\Users\DannyGeminiAnti\.gemini\antigravity\brain\9540f47a-f97c-4f56-9d0d-91213f6c365a\.system_generated\steps\1446\
	                   1	C:\Users\DannyGeminiAnti\.gemini\antigravity\brain\9540f47a-f97c-4f56-9d0d-91213f6c365a\.system_generated\steps\1448\
	                   1	C:\Users\DannyGeminiAnti\.gemini\antigravity\brain\9540f47a-f97c-4f56-9d0d-91213f6c365a\.system_generated\steps\1451\
	                   1	C:\Users\DannyGeminiAnti\.gemini\antigravity\brain\9540f47a-f97c-4f56-9d0d-91213f6c365a\.system_generated\steps\1455\
	                   1	C:\Users\DannyGeminiAnti\.gemini\antigravity\brain\9540f47a-f97c-4f56-9d0d-91213f6c365a\.system_generated\steps\1457\
	                   1	C:\Users\DannyGeminiAnti\.gemini\antigravity\brain\9540f47a-f97c-4f56-9d0d-91213f6c365a\.system_generated\steps\1459\
	                   1	C:\Users\DannyGeminiAnti\.gemini\antigravity\brain\9540f47a-f97c-4f56-9d0d-91213f6c365a\.system_generated\steps\1461\
	                   1	C:\Users\DannyGeminiAnti\.gemini\antigravity\brain\9540f47a-f97c-4f56-9d0d-91213f6c365a\.system_generated\steps\1465\
	                   1	C:\Users\DannyGeminiAnti\.gemini\antigravity\brain\9540f47a-f97c-4f56-9d0d-91213f6c365a\.system_generated\steps\1467\
	                   1	C:\Users\DannyGeminiAnti\.gemini\antigravity\brain\9540f47a-f97c-4f56-9d0d-91213f6c365a\.system_generated\steps\1471\
	                   1	C:\Users\DannyGeminiAnti\.gemini\antigravity\brain\9540f47a-f97c-4f56-9d0d-91213f6c365a\.system_generated\steps\1474\
	                   1	C:\Users\DannyGeminiAnti\.gemini\antigravity\brain\9540f47a-f97c-4f56-9d0d-91213f6c365a\.system_generated\steps\1478\
	                   1	C:\Users\DannyGeminiAnti\.gemini\antigravity\brain\9540f47a-f97c-4f56-9d0d-91213f6c365a\.system_generated\steps\1480\
	                   1	C:\Users\DannyGeminiAnti\.gemini\antigravity\brain\9540f47a-f97c-4f56-9d0d-91213f6c365a\.system_generated\steps\1482\
	                   1	C:\Users\DannyGeminiAnti\.gemini\antigravity\brain\9540f47a-f97c-4f56-9d0d-91213f6c365a\.system_generated\steps\1485\
	                   1	C:\Users\DannyGeminiAnti\.gemini\antigravity\brain\9540f47a-f97c-4f56-9d0d-91213f6c365a\.system_generated\steps\1487\
	                   1	C:\Users\DannyGeminiAnti\.gemini\antigravity\brain\9540f47a-f97c-4f56-9d0d-91213f6c365a\.system_generated\steps\1491\
	                   1	C:\Users\DannyGeminiAnti\.gemini\antigravity\brain\9540f47a-f97c-4f56-9d0d-91213f6c365a\.system_generated\steps\1493\
	                   1	C:\Users\DannyGeminiAnti\.gemini\antigravity\brain\9540f47a-f97c-4f56-9d0d-91213f6c365a\.system_generated\steps\1496\
	                   1	C:\Users\DannyGeminiAnti\.gemini\antigravity\brain\9540f47a-f97c-4f56-9d0d-91213f6c365a\.system_generated\steps\1502\
	                   1	C:\Users\DannyGeminiAnti\.gemini\antigravity\brain\9540f47a-f97c-4f56-9d0d-91213f6c365a\.system_generated\steps\1510\
	                   1	C:\Users\DannyGeminiAnti\.gemini\antigravity\brain\9540f47a-f97c-4f56-9d0d-91213f6c365a\.system_generated\steps\1512\
	                   1	C:\Users\DannyGeminiAnti\.gemini\antigravity\brain\9540f47a-f97c-4f56-9d0d-91213f6c365a\.system_generated\steps\1514\
	                   1	C:\Users\DannyGeminiAnti\.gemini\antigravity\brain\9540f47a-f97c-4f56-9d0d-91213f6c365a\.system_generated\steps\1516\
	                   1	C:\Users\DannyGeminiAnti\.gemini\antigravity\brain\9540f47a-f97c-4f56-9d0d-91213f6c365a\.system_generated\steps\1518\
	                   1	C:\Users\DannyGeminiAnti\.gemini\antigravity\brain\9540f47a-f97c-4f56-9d0d-91213f6c365a\.system_generated\steps\152\
	                   1	C:\Users\DannyGeminiAnti\.gemini\antigravity\brain\9540f47a-f97c-4f56-9d0d-91213f6c365a\.system_generated\steps\1520\
	                   1	C:\Users\DannyGeminiAnti\.gemini\antigravity\brain\9540f47a-f97c-4f56-9d0d-91213f6c365a\.system_generated\steps\1522\
	                   1	C:\Users\DannyGeminiAnti\.gemini\antigravity\brain\9540f47a-f97c-4f56-9d0d-91213f6c365a\.system_generated\steps\1524\
	                   1	C:\Users\DannyGeminiAnti\.gemini\antigravity\brain\9540f47a-f97c-4f56-9d0d-91213f6c365a\.system_generated\steps\1526\
	                   1	C:\Users\DannyGeminiAnti\.gemini\antigravity\brain\9540f47a-f97c-4f56-9d0d-91213f6c365a\.system_generated\steps\1530\
	                   1	C:\Users\DannyGeminiAnti\.gemini\antigravity\brain\9540f47a-f97c-4f56-9d0d-91213f6c365a\.system_generated\steps\1532\
	                   1	C:\Users\DannyGeminiAnti\.gemini\antigravity\brain\9540f47a-f97c-4f56-9d0d-91213f6c365a\.system_generated\steps\1534\
	                   1	C:\Users\DannyGeminiAnti\.gemini\antigravity\brain\9540f47a-f97c-4f56-9d0d-91213f6c365a\.system_generated\steps\1536\
	                   1	C:\Users\DannyGeminiAnti\.gemini\antigravity\brain\9540f47a-f97c-4f56-9d0d-91213f6c365a\.system_generated\steps\154\
	                   1	C:\Users\DannyGeminiAnti\.gemini\antigravity\brain\9540f47a-f97c-4f56-9d0d-91213f6c365a\.system_generated\steps\1542\
	                   1	C:\Users\DannyGeminiAnti\.gemini\antigravity\brain\9540f47a-f97c-4f56-9d0d-91213f6c365a\.system_generated\steps\1544\
	                   1	C:\Users\DannyGeminiAnti\.gemini\antigravity\brain\9540f47a-f97c-4f56-9d0d-91213f6c365a\.system_generated\steps\1547\
	                   1	C:\Users\DannyGeminiAnti\.gemini\antigravity\brain\9540f47a-f97c-4f56-9d0d-91213f6c365a\.system_generated\steps\1551\
	                   1	C:\Users\DannyGeminiAnti\.gemini\antigravity\brain\9540f47a-f97c-4f56-9d0d-91213f6c365a\.system_generated\steps\1553\
	                   1	C:\Users\DannyGeminiAnti\.gemini\antigravity\brain\9540f47a-f97c-4f56-9d0d-91213f6c365a\.system_generated\steps\1557\
	                   1	C:\Users\DannyGeminiAnti\.gemini\antigravity\brain\9540f47a-f97c-4f56-9d0d-91213f6c365a\.system_generated\steps\1560\
	                   1	C:\Users\DannyGeminiAnti\.gemini\antigravity\brain\9540f47a-f97c-4f56-9d0d-91213f6c365a\.system_generated\steps\1563\
	                   1	C:\Users\DannyGeminiAnti\.gemini\antigravity\brain\9540f47a-f97c-4f56-9d0d-91213f6c365a\.system_generated\steps\1565\
	                   1	C:\Users\DannyGeminiAnti\.gemini\antigravity\brain\9540f47a-f97c-4f56-9d0d-91213f6c365a\.system_generated\steps\1567\
	                   1	C:\Users\DannyGeminiAnti\.gemini\antigravity\brain\9540f47a-f97c-4f56-9d0d-91213f6c365a\.system_generated\steps\1575\
	                   1	C:\Users\DannyGeminiAnti\.gemini\antigravity\brain\9540f47a-f97c-4f56-9d0d-91213f6c365a\.system_generated\steps\1577\
	                   1	C:\Users\DannyGeminiAnti\.gemini\antigravity\brain\9540f47a-f97c-4f56-9d0d-91213f6c365a\.system_generated\steps\1579\
	                   1	C:\Users\DannyGeminiAnti\.gemini\antigravity\brain\9540f47a-f97c-4f56-9d0d-91213f6c365a\.system_generated\steps\1581\
	                   1	C:\Users\DannyGeminiAnti\.gemini\antigravity\brain\9540f47a-f97c-4f56-9d0d-91213f6c365a\.system_generated\steps\1585\
	                   1	C:\Users\DannyGeminiAnti\.gemini\antigravity\brain\9540f47a-f97c-4f56-9d0d-91213f6c365a\.system_generated\steps\1587\
	                   1	C:\Users\DannyGeminiAnti\.gemini\antigravity\brain\9540f47a-f97c-4f56-9d0d-91213f6c365a\.system_generated\steps\159\
	                   1	C:\Users\DannyGeminiAnti\.gemini\antigravity\brain\9540f47a-f97c-4f56-9d0d-91213f6c365a\.system_generated\steps\1591\
	                   1	C:\Users\DannyGeminiAnti\.gemini\antigravity\brain\9540f47a-f97c-4f56-9d0d-91213f6c365a\.system_generated\steps\1593\
	                   1	C:\Users\DannyGeminiAnti\.gemini\antigravity\brain\9540f47a-f97c-4f56-9d0d-91213f6c365a\.system_generated\steps\1597\
	                   1	C:\Users\DannyGeminiAnti\.gemini\antigravity\brain\9540f47a-f97c-4f56-9d0d-91213f6c365a\.system_generated\steps\1599\
	                   1	C:\Users\DannyGeminiAnti\.gemini\antigravity\brain\9540f47a-f97c-4f56-9d0d-91213f6c365a\.system_generated\steps\1608\
	                   1	C:\Users\DannyGeminiAnti\.gemini\antigravity\brain\9540f47a-f97c-4f56-9d0d-91213f6c365a\.system_generated\steps\161\
	                   1	C:\Users\DannyGeminiAnti\.gemini\antigravity\brain\9540f47a-f97c-4f56-9d0d-91213f6c365a\.system_generated\steps\1610\
	                   1	C:\Users\DannyGeminiAnti\.gemini\antigravity\brain\9540f47a-f97c-4f56-9d0d-91213f6c365a\.system_generated\steps\1612\
	                   1	C:\Users\DannyGeminiAnti\.gemini\antigravity\brain\9540f47a-f97c-4f56-9d0d-91213f6c365a\.system_generated\steps\1614\
	                   1	C:\Users\DannyGeminiAnti\.gemini\antigravity\brain\9540f47a-f97c-4f56-9d0d-91213f6c365a\.system_generated\steps\1616\
	                   1	C:\Users\DannyGeminiAnti\.gemini\antigravity\brain\9540f47a-f97c-4f56-9d0d-91213f6c365a\.system_generated\steps\1618\
	                   1	C:\Users\DannyGeminiAnti\.gemini\antigravity\brain\9540f47a-f97c-4f56-9d0d-91213f6c365a\.system_generated\steps\1622\
	                   1	C:\Users\DannyGeminiAnti\.gemini\antigravity\brain\9540f47a-f97c-4f56-9d0d-91213f6c365a\.system_generated\steps\163\
	                   1	C:\Users\DannyGeminiAnti\.gemini\antigravity\brain\9540f47a-f97c-4f56-9d0d-91213f6c365a\.system_generated\steps\165\
	                   1	C:\Users\DannyGeminiAnti\.gemini\antigravity\brain\9540f47a-f97c-4f56-9d0d-91213f6c365a\.system_generated\steps\175\
	                   1	C:\Users\DannyGeminiAnti\.gemini\antigravity\brain\9540f47a-f97c-4f56-9d0d-91213f6c365a\.system_generated\steps\177\
	                   1	C:\Users\DannyGeminiAnti\.gemini\antigravity\brain\9540f47a-f97c-4f56-9d0d-91213f6c365a\.system_generated\steps\179\
	                   1	C:\Users\DannyGeminiAnti\.gemini\antigravity\brain\9540f47a-f97c-4f56-9d0d-91213f6c365a\.system_generated\steps\183\
	                   1	C:\Users\DannyGeminiAnti\.gemini\antigravity\brain\9540f47a-f97c-4f56-9d0d-91213f6c365a\.system_generated\steps\185\
	                   1	C:\Users\DannyGeminiAnti\.gemini\antigravity\brain\9540f47a-f97c-4f56-9d0d-91213f6c365a\.system_generated\steps\187\
	                   1	C:\Users\DannyGeminiAnti\.gemini\antigravity\brain\9540f47a-f97c-4f56-9d0d-91213f6c365a\.system_generated\steps\193\
	                   1	C:\Users\DannyGeminiAnti\.gemini\antigravity\brain\9540f47a-f97c-4f56-9d0d-91213f6c365a\.system_generated\steps\195\
	                   1	C:\Users\DannyGeminiAnti\.gemini\antigravity\brain\9540f47a-f97c-4f56-9d0d-91213f6c365a\.system_generated\steps\205\
	                   1	C:\Users\DannyGeminiAnti\.gemini\antigravity\brain\9540f47a-f97c-4f56-9d0d-91213f6c365a\.system_generated\steps\207\
	                   1	C:\Users\DannyGeminiAnti\.gemini\antigravity\brain\9540f47a-f97c-4f56-9d0d-91213f6c365a\.system_generated\steps\217\
	                   1	C:\Users\DannyGeminiAnti\.gemini\antigravity\brain\9540f47a-f97c-4f56-9d0d-91213f6c365a\.system_generated\steps\219\
	                   1	C:\Users\DannyGeminiAnti\.gemini\antigravity\brain\9540f47a-f97c-4f56-9d0d-91213f6c365a\.system_generated\steps\225\
	                   1	C:\Users\DannyGeminiAnti\.gemini\antigravity\brain\9540f47a-f97c-4f56-9d0d-91213f6c365a\.system_generated\steps\227\
	                   1	C:\Users\DannyGeminiAnti\.gemini\antigravity\brain\9540f47a-f97c-4f56-9d0d-91213f6c365a\.system_generated\steps\229\
	                   1	C:\Users\DannyGeminiAnti\.gemini\antigravity\brain\9540f47a-f97c-4f56-9d0d-91213f6c365a\.system_generated\steps\233\
	                   1	C:\Users\DannyGeminiAnti\.gemini\antigravity\brain\9540f47a-f97c-4f56-9d0d-91213f6c365a\.system_generated\steps\235\
	                   1	C:\Users\DannyGeminiAnti\.gemini\antigravity\brain\9540f47a-f97c-4f56-9d0d-91213f6c365a\.system_generated\steps\237\
	                   1	C:\Users\DannyGeminiAnti\.gemini\antigravity\brain\9540f47a-f97c-4f56-9d0d-91213f6c365a\.system_generated\steps\243\
	                   1	C:\Users\DannyGeminiAnti\.gemini\antigravity\brain\9540f47a-f97c-4f56-9d0d-91213f6c365a\.system_generated\steps\245\
	                   1	C:\Users\DannyGeminiAnti\.gemini\antigravity\brain\9540f47a-f97c-4f56-9d0d-91213f6c365a\.system_generated\steps\247\
	                   1	C:\Users\DannyGeminiAnti\.gemini\antigravity\brain\9540f47a-f97c-4f56-9d0d-91213f6c365a\.system_generated\steps\251\
	                   1	C:\Users\DannyGeminiAnti\.gemini\antigravity\brain\9540f47a-f97c-4f56-9d0d-91213f6c365a\.system_generated\steps\253\
	                   1	C:\Users\DannyGeminiAnti\.gemini\antigravity\brain\9540f47a-f97c-4f56-9d0d-91213f6c365a\.system_generated\steps\255\
	                   1	C:\Users\DannyGeminiAnti\.gemini\antigravity\brain\9540f47a-f97c-4f56-9d0d-91213f6c365a\.system_generated\steps\259\
	                   1	C:\Users\DannyGeminiAnti\.gemini\antigravity\brain\9540f47a-f97c-4f56-9d0d-91213f6c365a\.system_generated\steps\261\
	                   1	C:\Users\DannyGeminiAnti\.gemini\antigravity\brain\9540f47a-f97c-4f56-9d0d-91213f6c365a\.system_generated\steps\263\
	                   1	C:\Users\DannyGeminiAnti\.gemini\antigravity\brain\9540f47a-f97c-4f56-9d0d-91213f6c365a\.system_generated\steps\267\
	                   1	C:\Users\DannyGeminiAnti\.gemini\antigravity\brain\9540f47a-f97c-4f56-9d0d-91213f6c365a\.system_generated\steps\269\
	                   1	C:\Users\DannyGeminiAnti\.gemini\antigravity\brain\9540f47a-f97c-4f56-9d0d-91213f6c365a\.system_generated\steps\271\
	                   1	C:\Users\DannyGeminiAnti\.gemini\antigravity\brain\9540f47a-f97c-4f56-9d0d-91213f6c365a\.system_generated\steps\275\
	                   1	C:\Users\DannyGeminiAnti\.gemini\antigravity\brain\9540f47a-f97c-4f56-9d0d-91213f6c365a\.system_generated\steps\277\
	                   1	C:\Users\DannyGeminiAnti\.gemini\antigravity\brain\9540f47a-f97c-4f56-9d0d-91213f6c365a\.system_generated\steps\279\
	                   1	C:\Users\DannyGeminiAnti\.gemini\antigravity\brain\9540f47a-f97c-4f56-9d0d-91213f6c365a\.system_generated\steps\286\
	                   1	C:\Users\DannyGeminiAnti\.gemini\antigravity\brain\9540f47a-f97c-4f56-9d0d-91213f6c365a\.system_generated\steps\288\
	                   1	C:\Users\DannyGeminiAnti\.gemini\antigravity\brain\9540f47a-f97c-4f56-9d0d-91213f6c365a\.system_generated\steps\290\
	                   1	C:\Users\DannyGeminiAnti\.gemini\antigravity\brain\9540f47a-f97c-4f56-9d0d-91213f6c365a\.system_generated\steps\296\
	                   1	C:\Users\DannyGeminiAnti\.gemini\antigravity\brain\9540f47a-f97c-4f56-9d0d-91213f6c365a\.system_generated\steps\298\
	                   1	C:\Users\DannyGeminiAnti\.gemini\antigravity\brain\9540f47a-f97c-4f56-9d0d-91213f6c365a\.system_generated\steps\300\
	                   1	C:\Users\DannyGeminiAnti\.gemini\antigravity\brain\9540f47a-f97c-4f56-9d0d-91213f6c365a\.system_generated\steps\304\
	                   1	C:\Users\DannyGeminiAnti\.gemini\antigravity\brain\9540f47a-f97c-4f56-9d0d-91213f6c365a\.system_generated\steps\306\
	                   1	C:\Users\DannyGeminiAnti\.gemini\antigravity\brain\9540f47a-f97c-4f56-9d0d-91213f6c365a\.system_generated\steps\308\
	                   1	C:\Users\DannyGeminiAnti\.gemini\antigravity\brain\9540f47a-f97c-4f56-9d0d-91213f6c365a\.system_generated\steps\312\
	                   1	C:\Users\DannyGeminiAnti\.gemini\antigravity\brain\9540f47a-f97c-4f56-9d0d-91213f6c365a\.system_generated\steps\316\
	                   1	C:\Users\DannyGeminiAnti\.gemini\antigravity\brain\9540f47a-f97c-4f56-9d0d-91213f6c365a\.system_generated\steps\318\
	                   1	C:\Users\DannyGeminiAnti\.gemini\antigravity\brain\9540f47a-f97c-4f56-9d0d-91213f6c365a\.system_generated\steps\320\
	                   1	C:\Users\DannyGeminiAnti\.gemini\antigravity\brain\9540f47a-f97c-4f56-9d0d-91213f6c365a\.system_generated\steps\324\
	                   1	C:\Users\DannyGeminiAnti\.gemini\antigravity\brain\9540f47a-f97c-4f56-9d0d-91213f6c365a\.system_generated\steps\326\
	                   1	C:\Users\DannyGeminiAnti\.gemini\antigravity\brain\9540f47a-f97c-4f56-9d0d-91213f6c365a\.system_generated\steps\330\
	                   1	C:\Users\DannyGeminiAnti\.gemini\antigravity\brain\9540f47a-f97c-4f56-9d0d-91213f6c365a\.system_generated\steps\332\
	                   1	C:\Users\DannyGeminiAnti\.gemini\antigravity\brain\9540f47a-f97c-4f56-9d0d-91213f6c365a\.system_generated\steps\338\
	                   1	C:\Users\DannyGeminiAnti\.gemini\antigravity\brain\9540f47a-f97c-4f56-9d0d-91213f6c365a\.system_generated\steps\340\
	                   1	C:\Users\DannyGeminiAnti\.gemini\antigravity\brain\9540f47a-f97c-4f56-9d0d-91213f6c365a\.system_generated\steps\347\
	                   1	C:\Users\DannyGeminiAnti\.gemini\antigravity\brain\9540f47a-f97c-4f56-9d0d-91213f6c365a\.system_generated\steps\349\
	                   1	C:\Users\DannyGeminiAnti\.gemini\antigravity\brain\9540f47a-f97c-4f56-9d0d-91213f6c365a\.system_generated\steps\351\
	                   1	C:\Users\DannyGeminiAnti\.gemini\antigravity\brain\9540f47a-f97c-4f56-9d0d-91213f6c365a\.system_generated\steps\357\
	                   1	C:\Users\DannyGeminiAnti\.gemini\antigravity\brain\9540f47a-f97c-4f56-9d0d-91213f6c365a\.system_generated\steps\359\
	                   1	C:\Users\DannyGeminiAnti\.gemini\antigravity\brain\9540f47a-f97c-4f56-9d0d-91213f6c365a\.system_generated\steps\361\
	                   1	C:\Users\DannyGeminiAnti\.gemini\antigravity\brain\9540f47a-f97c-4f56-9d0d-91213f6c365a\.system_generated\steps\365\
	                   1	C:\Users\DannyGeminiAnti\.gemini\antigravity\brain\9540f47a-f97c-4f56-9d0d-91213f6c365a\.system_generated\steps\367\
	                   1	C:\Users\DannyGeminiAnti\.gemini\antigravity\brain\9540f47a-f97c-4f56-9d0d-91213f6c365a\.system_generated\steps\369\
	                   1	C:\Users\DannyGeminiAnti\.gemini\antigravity\brain\9540f47a-f97c-4f56-9d0d-91213f6c365a\.system_generated\steps\373\
	                   1	C:\Users\DannyGeminiAnti\.gemini\antigravity\brain\9540f47a-f97c-4f56-9d0d-91213f6c365a\.system_generated\steps\375\
	                   1	C:\Users\DannyGeminiAnti\.gemini\antigravity\brain\9540f47a-f97c-4f56-9d0d-91213f6c365a\.system_generated\steps\379\
	                   1	C:\Users\DannyGeminiAnti\.gemini\antigravity\brain\9540f47a-f97c-4f56-9d0d-91213f6c365a\.system_generated\steps\381\
	                   1	C:\Users\DannyGeminiAnti\.gemini\antigravity\brain\9540f47a-f97c-4f56-9d0d-91213f6c365a\.system_generated\steps\390\
	                   1	C:\Users\DannyGeminiAnti\.gemini\antigravity\brain\9540f47a-f97c-4f56-9d0d-91213f6c365a\.system_generated\steps\392\
	                   1	C:\Users\DannyGeminiAnti\.gemini\antigravity\brain\9540f47a-f97c-4f56-9d0d-91213f6c365a\.system_generated\steps\394\
	                   1	C:\Users\DannyGeminiAnti\.gemini\antigravity\brain\9540f47a-f97c-4f56-9d0d-91213f6c365a\.system_generated\steps\396\
	                   1	C:\Users\DannyGeminiAnti\.gemini\antigravity\brain\9540f47a-f97c-4f56-9d0d-91213f6c365a\.system_generated\steps\398\
	                   1	C:\Users\DannyGeminiAnti\.gemini\antigravity\brain\9540f47a-f97c-4f56-9d0d-91213f6c365a\.system_generated\steps\402\
	                   1	C:\Users\DannyGeminiAnti\.gemini\antigravity\brain\9540f47a-f97c-4f56-9d0d-91213f6c365a\.system_generated\steps\409\
	                   1	C:\Users\DannyGeminiAnti\.gemini\antigravity\brain\9540f47a-f97c-4f56-9d0d-91213f6c365a\.system_generated\steps\413\
	                   1	C:\Users\DannyGeminiAnti\.gemini\antigravity\brain\9540f47a-f97c-4f56-9d0d-91213f6c365a\.system_generated\steps\415\
	                   1	C:\Users\DannyGeminiAnti\.gemini\antigravity\brain\9540f47a-f97c-4f56-9d0d-91213f6c365a\.system_generated\steps\418\
	                   1	C:\Users\DannyGeminiAnti\.gemini\antigravity\brain\9540f47a-f97c-4f56-9d0d-91213f6c365a\.system_generated\steps\420\
	                   1	C:\Users\DannyGeminiAnti\.gemini\antigravity\brain\9540f47a-f97c-4f56-9d0d-91213f6c365a\.system_generated\steps\422\
	                   1	C:\Users\DannyGeminiAnti\.gemini\antigravity\brain\9540f47a-f97c-4f56-9d0d-91213f6c365a\.system_generated\steps\424\
	                   1	C:\Users\DannyGeminiAnti\.gemini\antigravity\brain\9540f47a-f97c-4f56-9d0d-91213f6c365a\.system_generated\steps\426\
	                   1	C:\Users\DannyGeminiAnti\.gemini\antigravity\brain\9540f47a-f97c-4f56-9d0d-91213f6c365a\.system_generated\steps\428\
	                   1	C:\Users\DannyGeminiAnti\.gemini\antigravity\brain\9540f47a-f97c-4f56-9d0d-91213f6c365a\.system_generated\steps\430\
	                   1	C:\Users\DannyGeminiAnti\.gemini\antigravity\brain\9540f47a-f97c-4f56-9d0d-91213f6c365a\.system_generated\steps\432\
	                   1	C:\Users\DannyGeminiAnti\.gemini\antigravity\brain\9540f47a-f97c-4f56-9d0d-91213f6c365a\.system_generated\steps\436\
	                   1	C:\Users\DannyGeminiAnti\.gemini\antigravity\brain\9540f47a-f97c-4f56-9d0d-91213f6c365a\.system_generated\steps\438\
	                   1	C:\Users\DannyGeminiAnti\.gemini\antigravity\brain\9540f47a-f97c-4f56-9d0d-91213f6c365a\.system_generated\steps\440\
	                   1	C:\Users\DannyGeminiAnti\.gemini\antigravity\brain\9540f47a-f97c-4f56-9d0d-91213f6c365a\.system_generated\steps\444\
	                   1	C:\Users\DannyGeminiAnti\.gemini\antigravity\brain\9540f47a-f97c-4f56-9d0d-91213f6c365a\.system_generated\steps\447\
	                   1	C:\Users\DannyGeminiAnti\.gemini\antigravity\brain\9540f47a-f97c-4f56-9d0d-91213f6c365a\.system_generated\steps\449\
	                   1	C:\Users\DannyGeminiAnti\.gemini\antigravity\brain\9540f47a-f97c-4f56-9d0d-91213f6c365a\.system_generated\steps\451\
	                   1	C:\Users\DannyGeminiAnti\.gemini\antigravity\brain\9540f47a-f97c-4f56-9d0d-91213f6c365a\.system_generated\steps\453\
	                   1	C:\Users\DannyGeminiAnti\.gemini\antigravity\brain\9540f47a-f97c-4f56-9d0d-91213f6c365a\.system_generated\steps\455\
	                   1	C:\Users\DannyGeminiAnti\.gemini\antigravity\brain\9540f47a-f97c-4f56-9d0d-91213f6c365a\.system_generated\steps\457\
	                   1	C:\Users\DannyGeminiAnti\.gemini\antigravity\brain\9540f47a-f97c-4f56-9d0d-91213f6c365a\.system_generated\steps\459\
	                   1	C:\Users\DannyGeminiAnti\.gemini\antigravity\brain\9540f47a-f97c-4f56-9d0d-91213f6c365a\.system_generated\steps\463\
	                   1	C:\Users\DannyGeminiAnti\.gemini\antigravity\brain\9540f47a-f97c-4f56-9d0d-91213f6c365a\.system_generated\steps\465\
	                   1	C:\Users\DannyGeminiAnti\.gemini\antigravity\brain\9540f47a-f97c-4f56-9d0d-91213f6c365a\.system_generated\steps\467\
	                   1	C:\Users\DannyGeminiAnti\.gemini\antigravity\brain\9540f47a-f97c-4f56-9d0d-91213f6c365a\.system_generated\steps\469\
	                   1	C:\Users\DannyGeminiAnti\.gemini\antigravity\brain\9540f47a-f97c-4f56-9d0d-91213f6c365a\.system_generated\steps\471\
	                   1	C:\Users\DannyGeminiAnti\.gemini\antigravity\brain\9540f47a-f97c-4f56-9d0d-91213f6c365a\.system_generated\steps\475\
	                   1	C:\Users\DannyGeminiAnti\.gemini\antigravity\brain\9540f47a-f97c-4f56-9d0d-91213f6c365a\.system_generated\steps\477\
	                   1	C:\Users\DannyGeminiAnti\.gemini\antigravity\brain\9540f47a-f97c-4f56-9d0d-91213f6c365a\.system_generated\steps\479\
	                   1	C:\Users\DannyGeminiAnti\.gemini\antigravity\brain\9540f47a-f97c-4f56-9d0d-91213f6c365a\.system_generated\steps\483\
	                   1	C:\Users\DannyGeminiAnti\.gemini\antigravity\brain\9540f47a-f97c-4f56-9d0d-91213f6c365a\.system_generated\steps\485\
	                   1	C:\Users\DannyGeminiAnti\.gemini\antigravity\brain\9540f47a-f97c-4f56-9d0d-91213f6c365a\.system_generated\steps\487\
	                   1	C:\Users\DannyGeminiAnti\.gemini\antigravity\brain\9540f47a-f97c-4f56-9d0d-91213f6c365a\.system_generated\steps\491\
	                   1	C:\Users\DannyGeminiAnti\.gemini\antigravity\brain\9540f47a-f97c-4f56-9d0d-91213f6c365a\.system_generated\steps\493\
	                   1	C:\Users\DannyGeminiAnti\.gemini\antigravity\brain\9540f47a-f97c-4f56-9d0d-91213f6c365a\.system_generated\steps\500\
	                   1	C:\Users\DannyGeminiAnti\.gemini\antigravity\brain\9540f47a-f97c-4f56-9d0d-91213f6c365a\.system_generated\steps\502\
	                   1	C:\Users\DannyGeminiAnti\.gemini\antigravity\brain\9540f47a-f97c-4f56-9d0d-91213f6c365a\.system_generated\steps\504\
	                   1	C:\Users\DannyGeminiAnti\.gemini\antigravity\brain\9540f47a-f97c-4f56-9d0d-91213f6c365a\.system_generated\steps\506\
	                   1	C:\Users\DannyGeminiAnti\.gemini\antigravity\brain\9540f47a-f97c-4f56-9d0d-91213f6c365a\.system_generated\steps\508\
	                   1	C:\Users\DannyGeminiAnti\.gemini\antigravity\brain\9540f47a-f97c-4f56-9d0d-91213f6c365a\.system_generated\steps\510\
	                   1	C:\Users\DannyGeminiAnti\.gemini\antigravity\brain\9540f47a-f97c-4f56-9d0d-91213f6c365a\.system_generated\steps\512\
	                   1	C:\Users\DannyGeminiAnti\.gemini\antigravity\brain\9540f47a-f97c-4f56-9d0d-91213f6c365a\.system_generated\steps\516\
	                   1	C:\Users\DannyGeminiAnti\.gemini\antigravity\brain\9540f47a-f97c-4f56-9d0d-91213f6c365a\.system_generated\steps\518\
	                   1	C:\Users\DannyGeminiAnti\.gemini\antigravity\brain\9540f47a-f97c-4f56-9d0d-91213f6c365a\.system_generated\steps\521\
	                   1	C:\Users\DannyGeminiAnti\.gemini\antigravity\brain\9540f47a-f97c-4f56-9d0d-91213f6c365a\.system_generated\steps\523\
	                   1	C:\Users\DannyGeminiAnti\.gemini\antigravity\brain\9540f47a-f97c-4f56-9d0d-91213f6c365a\.system_generated\steps\527\
	                   1	C:\Users\DannyGeminiAnti\.gemini\antigravity\brain\9540f47a-f97c-4f56-9d0d-91213f6c365a\.system_generated\steps\530\
	                   1	C:\Users\DannyGeminiAnti\.gemini\antigravity\brain\9540f47a-f97c-4f56-9d0d-91213f6c365a\.system_generated\steps\534\
	                   1	C:\Users\DannyGeminiAnti\.gemini\antigravity\brain\9540f47a-f97c-4f56-9d0d-91213f6c365a\.system_generated\steps\537\
	                   1	C:\Users\DannyGeminiAnti\.gemini\antigravity\brain\9540f47a-f97c-4f56-9d0d-91213f6c365a\.system_generated\steps\541\
	                   1	C:\Users\DannyGeminiAnti\.gemini\antigravity\brain\9540f47a-f97c-4f56-9d0d-91213f6c365a\.system_generated\steps\544\
	                   1	C:\Users\DannyGeminiAnti\.gemini\antigravity\brain\9540f47a-f97c-4f56-9d0d-91213f6c365a\.system_generated\steps\55\
	                   1	C:\Users\DannyGeminiAnti\.gemini\antigravity\brain\9540f47a-f97c-4f56-9d0d-91213f6c365a\.system_generated\steps\554\
	                   1	C:\Users\DannyGeminiAnti\.gemini\antigravity\brain\9540f47a-f97c-4f56-9d0d-91213f6c365a\.system_generated\steps\557\
	                   1	C:\Users\DannyGeminiAnti\.gemini\antigravity\brain\9540f47a-f97c-4f56-9d0d-91213f6c365a\.system_generated\steps\563\
	                   1	C:\Users\DannyGeminiAnti\.gemini\antigravity\brain\9540f47a-f97c-4f56-9d0d-91213f6c365a\.system_generated\steps\565\
	                   1	C:\Users\DannyGeminiAnti\.gemini\antigravity\brain\9540f47a-f97c-4f56-9d0d-91213f6c365a\.system_generated\steps\567\
	                   1	C:\Users\DannyGeminiAnti\.gemini\antigravity\brain\9540f47a-f97c-4f56-9d0d-91213f6c365a\.system_generated\steps\572\
	                   1	C:\Users\DannyGeminiAnti\.gemini\antigravity\brain\9540f47a-f97c-4f56-9d0d-91213f6c365a\.system_generated\steps\574\
	                   1	C:\Users\DannyGeminiAnti\.gemini\antigravity\brain\9540f47a-f97c-4f56-9d0d-91213f6c365a\.system_generated\steps\576\
	                   1	C:\Users\DannyGeminiAnti\.gemini\antigravity\brain\9540f47a-f97c-4f56-9d0d-91213f6c365a\.system_generated\steps\580\
	                   1	C:\Users\DannyGeminiAnti\.gemini\antigravity\brain\9540f47a-f97c-4f56-9d0d-91213f6c365a\.system_generated\steps\583\
	                   1	C:\Users\DannyGeminiAnti\.gemini\antigravity\brain\9540f47a-f97c-4f56-9d0d-91213f6c365a\.system_generated\steps\587\
	                   1	C:\Users\DannyGeminiAnti\.gemini\antigravity\brain\9540f47a-f97c-4f56-9d0d-91213f6c365a\.system_generated\steps\589\
	                   1	C:\Users\DannyGeminiAnti\.gemini\antigravity\brain\9540f47a-f97c-4f56-9d0d-91213f6c365a\.system_generated\steps\593\
	                   1	C:\Users\DannyGeminiAnti\.gemini\antigravity\brain\9540f47a-f97c-4f56-9d0d-91213f6c365a\.system_generated\steps\595\
	                   1	C:\Users\DannyGeminiAnti\.gemini\antigravity\brain\9540f47a-f97c-4f56-9d0d-91213f6c365a\.system_generated\steps\599\
	                   1	C:\Users\DannyGeminiAnti\.gemini\antigravity\brain\9540f47a-f97c-4f56-9d0d-91213f6c365a\.system_generated\steps\601\
	                   1	C:\Users\DannyGeminiAnti\.gemini\antigravity\brain\9540f47a-f97c-4f56-9d0d-91213f6c365a\.system_generated\steps\605\
	                   1	C:\Users\DannyGeminiAnti\.gemini\antigravity\brain\9540f47a-f97c-4f56-9d0d-91213f6c365a\.system_generated\steps\608\
	                   1	C:\Users\DannyGeminiAnti\.gemini\antigravity\brain\9540f47a-f97c-4f56-9d0d-91213f6c365a\.system_generated\steps\612\
	                   1	C:\Users\DannyGeminiAnti\.gemini\antigravity\brain\9540f47a-f97c-4f56-9d0d-91213f6c365a\.system_generated\steps\614\
	                   1	C:\Users\DannyGeminiAnti\.gemini\antigravity\brain\9540f47a-f97c-4f56-9d0d-91213f6c365a\.system_generated\steps\617\
	                   1	C:\Users\DannyGeminiAnti\.gemini\antigravity\brain\9540f47a-f97c-4f56-9d0d-91213f6c365a\.system_generated\steps\619\
	                   1	C:\Users\DannyGeminiAnti\.gemini\antigravity\brain\9540f47a-f97c-4f56-9d0d-91213f6c365a\.system_generated\steps\62\
	                   1	C:\Users\DannyGeminiAnti\.gemini\antigravity\brain\9540f47a-f97c-4f56-9d0d-91213f6c365a\.system_generated\steps\624\
	                   1	C:\Users\DannyGeminiAnti\.gemini\antigravity\brain\9540f47a-f97c-4f56-9d0d-91213f6c365a\.system_generated\steps\626\
	                   1	C:\Users\DannyGeminiAnti\.gemini\antigravity\brain\9540f47a-f97c-4f56-9d0d-91213f6c365a\.system_generated\steps\628\
	                   1	C:\Users\DannyGeminiAnti\.gemini\antigravity\brain\9540f47a-f97c-4f56-9d0d-91213f6c365a\.system_generated\steps\632\
	                   1	C:\Users\DannyGeminiAnti\.gemini\antigravity\brain\9540f47a-f97c-4f56-9d0d-91213f6c365a\.system_generated\steps\634\
	                   1	C:\Users\DannyGeminiAnti\.gemini\antigravity\brain\9540f47a-f97c-4f56-9d0d-91213f6c365a\.system_generated\steps\636\
	                   1	C:\Users\DannyGeminiAnti\.gemini\antigravity\brain\9540f47a-f97c-4f56-9d0d-91213f6c365a\.system_generated\steps\64\
	                   1	C:\Users\DannyGeminiAnti\.gemini\antigravity\brain\9540f47a-f97c-4f56-9d0d-91213f6c365a\.system_generated\steps\640\
	                   1	C:\Users\DannyGeminiAnti\.gemini\antigravity\brain\9540f47a-f97c-4f56-9d0d-91213f6c365a\.system_generated\steps\644\
	                   1	C:\Users\DannyGeminiAnti\.gemini\antigravity\brain\9540f47a-f97c-4f56-9d0d-91213f6c365a\.system_generated\steps\646\
	                   1	C:\Users\DannyGeminiAnti\.gemini\antigravity\brain\9540f47a-f97c-4f56-9d0d-91213f6c365a\.system_generated\steps\650\
	                   1	C:\Users\DannyGeminiAnti\.gemini\antigravity\brain\9540f47a-f97c-4f56-9d0d-91213f6c365a\.system_generated\steps\656\
	                   1	C:\Users\DannyGeminiAnti\.gemini\antigravity\brain\9540f47a-f97c-4f56-9d0d-91213f6c365a\.system_generated\steps\658\
	                   1	C:\Users\DannyGeminiAnti\.gemini\antigravity\brain\9540f47a-f97c-4f56-9d0d-91213f6c365a\.system_generated\steps\660\
	                   1	C:\Users\DannyGeminiAnti\.gemini\antigravity\brain\9540f47a-f97c-4f56-9d0d-91213f6c365a\.system_generated\steps\664\
	                   1	C:\Users\DannyGeminiAnti\.gemini\antigravity\brain\9540f47a-f97c-4f56-9d0d-91213f6c365a\.system_generated\steps\668\
	                   1	C:\Users\DannyGeminiAnti\.gemini\antigravity\brain\9540f47a-f97c-4f56-9d0d-91213f6c365a\.system_generated\steps\670\
	                   1	C:\Users\DannyGeminiAnti\.gemini\antigravity\brain\9540f47a-f97c-4f56-9d0d-91213f6c365a\.system_generated\steps\674\
	                   1	C:\Users\DannyGeminiAnti\.gemini\antigravity\brain\9540f47a-f97c-4f56-9d0d-91213f6c365a\.system_generated\steps\678\
	                   1	C:\Users\DannyGeminiAnti\.gemini\antigravity\brain\9540f47a-f97c-4f56-9d0d-91213f6c365a\.system_generated\steps\680\
	                   1	C:\Users\DannyGeminiAnti\.gemini\antigravity\brain\9540f47a-f97c-4f56-9d0d-91213f6c365a\.system_generated\steps\682\
	                   1	C:\Users\DannyGeminiAnti\.gemini\antigravity\brain\9540f47a-f97c-4f56-9d0d-91213f6c365a\.system_generated\steps\686\
	                   1	C:\Users\DannyGeminiAnti\.gemini\antigravity\brain\9540f47a-f97c-4f56-9d0d-91213f6c365a\.system_generated\steps\690\
	                   1	C:\Users\DannyGeminiAnti\.gemini\antigravity\brain\9540f47a-f97c-4f56-9d0d-91213f6c365a\.system_generated\steps\692\
	                   1	C:\Users\DannyGeminiAnti\.gemini\antigravity\brain\9540f47a-f97c-4f56-9d0d-91213f6c365a\.system_generated\steps\694\
	                   1	C:\Users\DannyGeminiAnti\.gemini\antigravity\brain\9540f47a-f97c-4f56-9d0d-91213f6c365a\.system_generated\steps\696\
	                   1	C:\Users\DannyGeminiAnti\.gemini\antigravity\brain\9540f47a-f97c-4f56-9d0d-91213f6c365a\.system_generated\steps\700\
	                   1	C:\Users\DannyGeminiAnti\.gemini\antigravity\brain\9540f47a-f97c-4f56-9d0d-91213f6c365a\.system_generated\steps\704\
	                   1	C:\Users\DannyGeminiAnti\.gemini\antigravity\brain\9540f47a-f97c-4f56-9d0d-91213f6c365a\.system_generated\steps\706\
	                   1	C:\Users\DannyGeminiAnti\.gemini\antigravity\brain\9540f47a-f97c-4f56-9d0d-91213f6c365a\.system_generated\steps\710\
	                   1	C:\Users\DannyGeminiAnti\.gemini\antigravity\brain\9540f47a-f97c-4f56-9d0d-91213f6c365a\.system_generated\steps\714\
	                   1	C:\Users\DannyGeminiAnti\.gemini\antigravity\brain\9540f47a-f97c-4f56-9d0d-91213f6c365a\.system_generated\steps\716\
	                   1	C:\Users\DannyGeminiAnti\.gemini\antigravity\brain\9540f47a-f97c-4f56-9d0d-91213f6c365a\.system_generated\steps\718\
	                   1	C:\Users\DannyGeminiAnti\.gemini\antigravity\brain\9540f47a-f97c-4f56-9d0d-91213f6c365a\.system_generated\steps\720\
	                   1	C:\Users\DannyGeminiAnti\.gemini\antigravity\brain\9540f47a-f97c-4f56-9d0d-91213f6c365a\.system_generated\steps\724\
	                   1	C:\Users\DannyGeminiAnti\.gemini\antigravity\brain\9540f47a-f97c-4f56-9d0d-91213f6c365a\.system_generated\steps\728\
	                   1	C:\Users\DannyGeminiAnti\.gemini\antigravity\brain\9540f47a-f97c-4f56-9d0d-91213f6c365a\.system_generated\steps\73\
	                   1	C:\Users\DannyGeminiAnti\.gemini\antigravity\brain\9540f47a-f97c-4f56-9d0d-91213f6c365a\.system_generated\steps\730\
	                   1	C:\Users\DannyGeminiAnti\.gemini\antigravity\brain\9540f47a-f97c-4f56-9d0d-91213f6c365a\.system_generated\steps\732\
	                   1	C:\Users\DannyGeminiAnti\.gemini\antigravity\brain\9540f47a-f97c-4f56-9d0d-91213f6c365a\.system_generated\steps\737\
	                   1	C:\Users\DannyGeminiAnti\.gemini\antigravity\brain\9540f47a-f97c-4f56-9d0d-91213f6c365a\.system_generated\steps\739\
	                   1	C:\Users\DannyGeminiAnti\.gemini\antigravity\brain\9540f47a-f97c-4f56-9d0d-91213f6c365a\.system_generated\steps\742\
	                   1	C:\Users\DannyGeminiAnti\.gemini\antigravity\brain\9540f47a-f97c-4f56-9d0d-91213f6c365a\.system_generated\steps\746\
	                   1	C:\Users\DannyGeminiAnti\.gemini\antigravity\brain\9540f47a-f97c-4f56-9d0d-91213f6c365a\.system_generated\steps\748\
	                   1	C:\Users\DannyGeminiAnti\.gemini\antigravity\brain\9540f47a-f97c-4f56-9d0d-91213f6c365a\.system_generated\steps\75\
	                   1	C:\Users\DannyGeminiAnti\.gemini\antigravity\brain\9540f47a-f97c-4f56-9d0d-91213f6c365a\.system_generated\steps\752\
	                   1	C:\Users\DannyGeminiAnti\.gemini\antigravity\brain\9540f47a-f97c-4f56-9d0d-91213f6c365a\.system_generated\steps\757\
	                   1	C:\Users\DannyGeminiAnti\.gemini\antigravity\brain\9540f47a-f97c-4f56-9d0d-91213f6c365a\.system_generated\steps\761\
	                   1	C:\Users\DannyGeminiAnti\.gemini\antigravity\brain\9540f47a-f97c-4f56-9d0d-91213f6c365a\.system_generated\steps\764\
	                   1	C:\Users\DannyGeminiAnti\.gemini\antigravity\brain\9540f47a-f97c-4f56-9d0d-91213f6c365a\.system_generated\steps\768\
	                   1	C:\Users\DannyGeminiAnti\.gemini\antigravity\brain\9540f47a-f97c-4f56-9d0d-91213f6c365a\.system_generated\steps\77\
	                   1	C:\Users\DannyGeminiAnti\.gemini\antigravity\brain\9540f47a-f97c-4f56-9d0d-91213f6c365a\.system_generated\steps\770\
	                   1	C:\Users\DannyGeminiAnti\.gemini\antigravity\brain\9540f47a-f97c-4f56-9d0d-91213f6c365a\.system_generated\steps\772\
	                   1	C:\Users\DannyGeminiAnti\.gemini\antigravity\brain\9540f47a-f97c-4f56-9d0d-91213f6c365a\.system_generated\steps\775\
	                   1	C:\Users\DannyGeminiAnti\.gemini\antigravity\brain\9540f47a-f97c-4f56-9d0d-91213f6c365a\.system_generated\steps\779\
	                   1	C:\Users\DannyGeminiAnti\.gemini\antigravity\brain\9540f47a-f97c-4f56-9d0d-91213f6c365a\.system_generated\steps\781\
	                   1	C:\Users\DannyGeminiAnti\.gemini\antigravity\brain\9540f47a-f97c-4f56-9d0d-91213f6c365a\.system_generated\steps\783\
	                   1	C:\Users\DannyGeminiAnti\.gemini\antigravity\brain\9540f47a-f97c-4f56-9d0d-91213f6c365a\.system_generated\steps\786\
	                   1	C:\Users\DannyGeminiAnti\.gemini\antigravity\brain\9540f47a-f97c-4f56-9d0d-91213f6c365a\.system_generated\steps\788\
	                   1	C:\Users\DannyGeminiAnti\.gemini\antigravity\brain\9540f47a-f97c-4f56-9d0d-91213f6c365a\.system_generated\steps\79\
	                   1	C:\Users\DannyGeminiAnti\.gemini\antigravity\brain\9540f47a-f97c-4f56-9d0d-91213f6c365a\.system_generated\steps\790\
	                   1	C:\Users\DannyGeminiAnti\.gemini\antigravity\brain\9540f47a-f97c-4f56-9d0d-91213f6c365a\.system_generated\steps\792\
	                   1	C:\Users\DannyGeminiAnti\.gemini\antigravity\brain\9540f47a-f97c-4f56-9d0d-91213f6c365a\.system_generated\steps\796\
	                   1	C:\Users\DannyGeminiAnti\.gemini\antigravity\brain\9540f47a-f97c-4f56-9d0d-91213f6c365a\.system_generated\steps\798\
	                   1	C:\Users\DannyGeminiAnti\.gemini\antigravity\brain\9540f47a-f97c-4f56-9d0d-91213f6c365a\.system_generated\steps\800\
	                   1	C:\Users\DannyGeminiAnti\.gemini\antigravity\brain\9540f47a-f97c-4f56-9d0d-91213f6c365a\.system_generated\steps\802\
	                   1	C:\Users\DannyGeminiAnti\.gemini\antigravity\brain\9540f47a-f97c-4f56-9d0d-91213f6c365a\.system_generated\steps\809\
	                   1	C:\Users\DannyGeminiAnti\.gemini\antigravity\brain\9540f47a-f97c-4f56-9d0d-91213f6c365a\.system_generated\steps\811\
	                   1	C:\Users\DannyGeminiAnti\.gemini\antigravity\brain\9540f47a-f97c-4f56-9d0d-91213f6c365a\.system_generated\steps\813\
	                   1	C:\Users\DannyGeminiAnti\.gemini\antigravity\brain\9540f47a-f97c-4f56-9d0d-91213f6c365a\.system_generated\steps\815\
	                   1	C:\Users\DannyGeminiAnti\.gemini\antigravity\brain\9540f47a-f97c-4f56-9d0d-91213f6c365a\.system_generated\steps\821\
	                   1	C:\Users\DannyGeminiAnti\.gemini\antigravity\brain\9540f47a-f97c-4f56-9d0d-91213f6c365a\.system_generated\steps\823\
	                   1	C:\Users\DannyGeminiAnti\.gemini\antigravity\brain\9540f47a-f97c-4f56-9d0d-91213f6c365a\.system_generated\steps\825\
	                   1	C:\Users\DannyGeminiAnti\.gemini\antigravity\brain\9540f47a-f97c-4f56-9d0d-91213f6c365a\.system_generated\steps\83\
	                   1	C:\Users\DannyGeminiAnti\.gemini\antigravity\brain\9540f47a-f97c-4f56-9d0d-91213f6c365a\.system_generated\steps\830\
	                   1	C:\Users\DannyGeminiAnti\.gemini\antigravity\brain\9540f47a-f97c-4f56-9d0d-91213f6c365a\.system_generated\steps\832\
	                   1	C:\Users\DannyGeminiAnti\.gemini\antigravity\brain\9540f47a-f97c-4f56-9d0d-91213f6c365a\.system_generated\steps\834\
	                   1	C:\Users\DannyGeminiAnti\.gemini\antigravity\brain\9540f47a-f97c-4f56-9d0d-91213f6c365a\.system_generated\steps\836\
	                   1	C:\Users\DannyGeminiAnti\.gemini\antigravity\brain\9540f47a-f97c-4f56-9d0d-91213f6c365a\.system_generated\steps\840\
	                   1	C:\Users\DannyGeminiAnti\.gemini\antigravity\brain\9540f47a-f97c-4f56-9d0d-91213f6c365a\.system_generated\steps\85\
	                   1	C:\Users\DannyGeminiAnti\.gemini\antigravity\brain\9540f47a-f97c-4f56-9d0d-91213f6c365a\.system_generated\steps\851\
	                   1	C:\Users\DannyGeminiAnti\.gemini\antigravity\brain\9540f47a-f97c-4f56-9d0d-91213f6c365a\.system_generated\steps\853\
	                   1	C:\Users\DannyGeminiAnti\.gemini\antigravity\brain\9540f47a-f97c-4f56-9d0d-91213f6c365a\.system_generated\steps\856\
	                   1	C:\Users\DannyGeminiAnti\.gemini\antigravity\brain\9540f47a-f97c-4f56-9d0d-91213f6c365a\.system_generated\steps\864\
	                   1	C:\Users\DannyGeminiAnti\.gemini\antigravity\brain\9540f47a-f97c-4f56-9d0d-91213f6c365a\.system_generated\steps\866\
	                   1	C:\Users\DannyGeminiAnti\.gemini\antigravity\brain\9540f47a-f97c-4f56-9d0d-91213f6c365a\.system_generated\steps\868\
	                   1	C:\Users\DannyGeminiAnti\.gemini\antigravity\brain\9540f47a-f97c-4f56-9d0d-91213f6c365a\.system_generated\steps\872\
	                   1	C:\Users\DannyGeminiAnti\.gemini\antigravity\brain\9540f47a-f97c-4f56-9d0d-91213f6c365a\.system_generated\steps\876\
	                   1	C:\Users\DannyGeminiAnti\.gemini\antigravity\brain\9540f47a-f97c-4f56-9d0d-91213f6c365a\.system_generated\steps\878\
	                   1	C:\Users\DannyGeminiAnti\.gemini\antigravity\brain\9540f47a-f97c-4f56-9d0d-91213f6c365a\.system_generated\steps\880\
	                   1	C:\Users\DannyGeminiAnti\.gemini\antigravity\brain\9540f47a-f97c-4f56-9d0d-91213f6c365a\.system_generated\steps\884\
	                   1	C:\Users\DannyGeminiAnti\.gemini\antigravity\brain\9540f47a-f97c-4f56-9d0d-91213f6c365a\.system_generated\steps\898\
	                   1	C:\Users\DannyGeminiAnti\.gemini\antigravity\brain\9540f47a-f97c-4f56-9d0d-91213f6c365a\.system_generated\steps\900\
	                   1	C:\Users\DannyGeminiAnti\.gemini\antigravity\brain\9540f47a-f97c-4f56-9d0d-91213f6c365a\.system_generated\steps\902\
	                   1	C:\Users\DannyGeminiAnti\.gemini\antigravity\brain\9540f47a-f97c-4f56-9d0d-91213f6c365a\.system_generated\steps\906\
	                   1	C:\Users\DannyGeminiAnti\.gemini\antigravity\brain\9540f47a-f97c-4f56-9d0d-91213f6c365a\.system_generated\steps\908\
	                   1	C:\Users\DannyGeminiAnti\.gemini\antigravity\brain\9540f47a-f97c-4f56-9d0d-91213f6c365a\.system_generated\steps\917\
	                   1	C:\Users\DannyGeminiAnti\.gemini\antigravity\brain\9540f47a-f97c-4f56-9d0d-91213f6c365a\.system_generated\steps\919\
	                   1	C:\Users\DannyGeminiAnti\.gemini\antigravity\brain\9540f47a-f97c-4f56-9d0d-91213f6c365a\.system_generated\steps\92\
	                   1	C:\Users\DannyGeminiAnti\.gemini\antigravity\brain\9540f47a-f97c-4f56-9d0d-91213f6c365a\.system_generated\steps\921\
	                   1	C:\Users\DannyGeminiAnti\.gemini\antigravity\brain\9540f47a-f97c-4f56-9d0d-91213f6c365a\.system_generated\steps\923\
	                   1	C:\Users\DannyGeminiAnti\.gemini\antigravity\brain\9540f47a-f97c-4f56-9d0d-91213f6c365a\.system_generated\steps\932\
	                   1	C:\Users\DannyGeminiAnti\.gemini\antigravity\brain\9540f47a-f97c-4f56-9d0d-91213f6c365a\.system_generated\steps\934\
	                   1	C:\Users\DannyGeminiAnti\.gemini\antigravity\brain\9540f47a-f97c-4f56-9d0d-91213f6c365a\.system_generated\steps\936\
	                   1	C:\Users\DannyGeminiAnti\.gemini\antigravity\brain\9540f47a-f97c-4f56-9d0d-91213f6c365a\.system_generated\steps\938\
	                   1	C:\Users\DannyGeminiAnti\.gemini\antigravity\brain\9540f47a-f97c-4f56-9d0d-91213f6c365a\.system_generated\steps\94\
	                   1	C:\Users\DannyGeminiAnti\.gemini\antigravity\brain\9540f47a-f97c-4f56-9d0d-91213f6c365a\.system_generated\steps\942\
	                   1	C:\Users\DannyGeminiAnti\.gemini\antigravity\brain\9540f47a-f97c-4f56-9d0d-91213f6c365a\.system_generated\steps\944\
	                   1	C:\Users\DannyGeminiAnti\.gemini\antigravity\brain\9540f47a-f97c-4f56-9d0d-91213f6c365a\.system_generated\steps\946\
	                   1	C:\Users\DannyGeminiAnti\.gemini\antigravity\brain\9540f47a-f97c-4f56-9d0d-91213f6c365a\.system_generated\steps\948\
	                   1	C:\Users\DannyGeminiAnti\.gemini\antigravity\brain\9540f47a-f97c-4f56-9d0d-91213f6c365a\.system_generated\steps\953\
	                   1	C:\Users\DannyGeminiAnti\.gemini\antigravity\brain\9540f47a-f97c-4f56-9d0d-91213f6c365a\.system_generated\steps\955\
	                   1	C:\Users\DannyGeminiAnti\.gemini\antigravity\brain\9540f47a-f97c-4f56-9d0d-91213f6c365a\.system_generated\steps\957\
	                   1	C:\Users\DannyGeminiAnti\.gemini\antigravity\brain\9540f47a-f97c-4f56-9d0d-91213f6c365a\.system_generated\steps\960\
	                   1	C:\Users\DannyGeminiAnti\.gemini\antigravity\brain\9540f47a-f97c-4f56-9d0d-91213f6c365a\.system_generated\steps\964\
	                   1	C:\Users\DannyGeminiAnti\.gemini\antigravity\brain\9540f47a-f97c-4f56-9d0d-91213f6c365a\.system_generated\steps\968\
	                   1	C:\Users\DannyGeminiAnti\.gemini\antigravity\brain\9540f47a-f97c-4f56-9d0d-91213f6c365a\.system_generated\steps\970\
	                   1	C:\Users\DannyGeminiAnti\.gemini\antigravity\brain\9540f47a-f97c-4f56-9d0d-91213f6c365a\.system_generated\steps\972\
	                   1	C:\Users\DannyGeminiAnti\.gemini\antigravity\brain\9540f47a-f97c-4f56-9d0d-91213f6c365a\.system_generated\steps\977\
	                   1	C:\Users\DannyGeminiAnti\.gemini\antigravity\brain\9540f47a-f97c-4f56-9d0d-91213f6c365a\.system_generated\steps\979\
	                   1	C:\Users\DannyGeminiAnti\.gemini\antigravity\brain\9540f47a-f97c-4f56-9d0d-91213f6c365a\.system_generated\steps\98\
	                   1	C:\Users\DannyGeminiAnti\.gemini\antigravity\brain\9540f47a-f97c-4f56-9d0d-91213f6c365a\.system_generated\steps\981\
	                   1	C:\Users\DannyGeminiAnti\.gemini\antigravity\brain\9540f47a-f97c-4f56-9d0d-91213f6c365a\.system_generated\steps\985\
	                   1	C:\Users\DannyGeminiAnti\.gemini\antigravity\brain\9540f47a-f97c-4f56-9d0d-91213f6c365a\.system_generated\steps\989\
	                   1	C:\Users\DannyGeminiAnti\.gemini\antigravity\brain\9540f47a-f97c-4f56-9d0d-91213f6c365a\.system_generated\steps\991\
	                   1	C:\Users\DannyGeminiAnti\.gemini\antigravity\brain\9540f47a-f97c-4f56-9d0d-91213f6c365a\.system_generated\steps\993\
	                   1	C:\Users\DannyGeminiAnti\.gemini\antigravity\brain\9540f47a-f97c-4f56-9d0d-91213f6c365a\.system_generated\steps\996\
	                  15	C:\Users\DannyGeminiAnti\.gemini\antigravity\brain\9540f47a-f97c-4f56-9d0d-91213f6c365a\.user_uploaded\
	  New Dir          1	C:\Users\DannyGeminiAnti\.gemini\antigravity\brain\9596722f-af4b-477c-8b63-1fb43e7607e3\
	    New File  		  379251	dashcam_app_icon_1791153226954.jpg
	  New Dir          0	C:\Users\DannyGeminiAnti\.gemini\antigravity\brain\9596722f-af4b-477c-8b63-1fb43e7607e3\.system_generated\
	  New Dir          2	C:\Users\DannyGeminiAnti\.gemini\antigravity\brain\9596722f-af4b-477c-8b63-1fb43e7607e3\.system_generated\logs\
	    New File  		  775034	transcript.jsonl
	    New File  		  997111	transcript_full.jsonl
	  New Dir          0	C:\Users\DannyGeminiAnti\.gemini\antigravity\brain\9596722f-af4b-477c-8b63-1fb43e7607e3\.system_generated\logs\chunks\
	  New Dir          8	C:\Users\DannyGeminiAnti\.gemini\antigravity\brain\9596722f-af4b-477c-8b63-1fb43e7607e3\.system_generated\logs\chunks\transcript\
	    New File  		  102400	00000000.jsonl
	    New File  		  102400	00000001.jsonl
	    New File  		  102400	00000002.jsonl
	    New File  		  102400	00000003.jsonl
	    New File  		  102400	00000004.jsonl
	    New File  		  102400	00000005.jsonl
	    New File  		  102400	00000006.jsonl
	    New File  		   58234	00000007.jsonl
	  New Dir         10	C:\Users\DannyGeminiAnti\.gemini\antigravity\brain\9596722f-af4b-477c-8b63-1fb43e7607e3\.system_generated\logs\chunks\transcript_full\
	    New File  		  102400	00000000.jsonl
	    New File  		  102400	00000001.jsonl
	    New File  		  102400	00000002.jsonl
	    New File  		  102400	00000003.jsonl
	    New File  		  102400	00000004.jsonl
	    New File  		  102400	00000005.jsonl
	    New File  		  102400	00000006.jsonl
	    New File  		  102400	00000007.jsonl
	    New File  		  102400	00000008.jsonl
	    New File  		   75511	00000009.jsonl
	  New Dir         35	C:\Users\DannyGeminiAnti\.gemini\antigravity\brain\9596722f-af4b-477c-8b63-1fb43e7607e3\.system_generated\messages\
	    New File  		   10725	09e62a10-605c-4bc7-a941-e3b957f4f320.json
	    New File  		    1191	0be40daf-fc51-4a74-80c2-a8f45ad02dff.json
	    New File  		   11047	0f15aa75-c8ea-46f7-86bb-7a67e761a7fa.json
	    New File  		    1254	124f6964-ae56-4f9b-beb5-0d3de0079d09.json
	    New File  		   10898	15f196da-9ed5-42a2-aec6-daf0a2cd24fe.json
	    New File  		    1211	1d08fe27-1687-4f05-9b9d-229d4b4ba15e.json
	    New File  		   10375	2844162b-6ab8-43a7-82fc-8200c6e38a63.json
	    New File  		   14452	2a5a9e57-666f-4773-93a9-00b2a3a1acd4.json
	    New File  		    1211	2cfb4525-2ee4-4189-bee4-cf09ba3f9d3a.json
	    New File  		   10827	300bad62-4084-47be-86f4-2d9f50fe3889.json
	    New File  		    4092	36e622be-5077-419b-a1c6-43dc47a0f04a.json
	    New File  		   11162	3fc890cd-b456-40df-ab9e-84ad4947e0fb.json
	    New File  		   11151	449a192e-883f-4e9b-91a0-60b940cdb27d.json
	    New File  		    3904	47524ebb-a1b2-4910-b9db-09192847d1e9.json
	    New File  		    9236	4c785bb4-7cae-4a37-beb0-756c00238c47.json
	    New File  		    3460	4ea05631-b76b-4878-8b8b-7928fd0a522e.json
	    New File  		    3507	64ec6624-7af6-4e7b-b036-b62326978c62.json
	    New File  		    3101	66d255d3-35e1-4034-994b-74c181dd48f3.json
	    New File  		    1166	8cb4c0aa-54a4-4305-b495-7cd50d16aba3.json
	    New File  		    1231	8d25416a-1f1d-4069-8f1e-364bdaaf40fe.json
	    New File  		   11153	92c7c7e0-f6ac-4bc1-b77e-fce5a4a54e05.json
	    New File  		   10829	9864202a-e4ad-4abd-9d4c-c74fff8c7045.json
	    New File  		    2932	a5e701b3-6986-4931-b9fc-e424f1a98e91.json
	    New File  		    1813	b7bb25e1-8b90-4e45-bd43-a815d3e4b405.json
	    New File  		    4232	b87f9e99-831e-4bb8-80d3-414294fc2cee.json
	    New File  		   10381	c85d08f6-9e39-4824-8358-6306f30ba76f.json
	    New File  		    1231	cbabd8da-b777-45f6-931f-36c7c68cb585.json
	    New File  		   11030	d1052154-7a29-473b-900c-1b01fde97710.json
	    New File  		    1208	e074c1bb-44be-42ea-928c-0c8a33786069.json
	    New File  		    3744	e937da28-cc93-4246-8f26-40232522ac17.json
	    New File  		   10375	eae0c08c-a7ba-4840-829d-dd4d94f163d9.json
	    New File  		   11202	f2fa7bfd-9462-48ee-af2a-e4ed0d505135.json
	    New File  		   10333	fa2e8079-c54e-415b-856b-41c2c4b9bf91.json
	    New File  		    3109	fc10932b-fc6f-4ac1-b7c0-cf886cb658a9.json
	    New File  		    1497	read.json
	  New Dir          0	C:\Users\DannyGeminiAnti\.gemini\antigravity\brain\9596722f-af4b-477c-8b63-1fb43e7607e3\.system_generated\messages\undelivered\
	  New Dir          0	C:\Users\DannyGeminiAnti\.gemini\antigravity\brain\9596722f-af4b-477c-8b63-1fb43e7607e3\.system_generated\steps\
	  New Dir          1	C:\Users\DannyGeminiAnti\.gemini\antigravity\brain\9596722f-af4b-477c-8b63-1fb43e7607e3\.system_generated\steps\10\
	    New File  		     230	output.txt
	  New Dir          1	C:\Users\DannyGeminiAnti\.gemini\antigravity\brain\9596722f-af4b-477c-8b63-1fb43e7607e3\.system_generated\steps\101\
	    New File  		     222	output.txt
	  New Dir          1	C:\Users\DannyGeminiAnti\.gemini\antigravity\brain\9596722f-af4b-477c-8b63-1fb43e7607e3\.system_generated\steps\103\
	    New File  		      51	output.txt
	  New Dir          1	C:\Users\DannyGeminiAnti\.gemini\antigravity\brain\9596722f-af4b-477c-8b63-1fb43e7607e3\.system_generated\steps\109\
	    New File  		     148	output.txt
	  New Dir          1	C:\Users\DannyGeminiAnti\.gemini\antigravity\brain\9596722f-af4b-477c-8b63-1fb43e7607e3\.system_generated\steps\111\
	    New File  		      99	output.txt
	  New Dir          1	C:\Users\DannyGeminiAnti\.gemini\antigravity\brain\9596722f-af4b-477c-8b63-1fb43e7607e3\.system_generated\steps\113\
	    New File  		      51	output.txt
	  New Dir          1	C:\Users\DannyGeminiAnti\.gemini\antigravity\brain\9596722f-af4b-477c-8b63-1fb43e7607e3\.system_generated\steps\121\
	    New File  		     279	output.txt
	  New Dir          1	C:\Users\DannyGeminiAnti\.gemini\antigravity\brain\9596722f-af4b-477c-8b63-1fb43e7607e3\.system_generated\steps\123\
	    New File  		     128	output.txt
	  New Dir          1	C:\Users\DannyGeminiAnti\.gemini\antigravity\brain\9596722f-af4b-477c-8b63-1fb43e7607e3\.system_generated\steps\125\
	    New File  		     630	output.txt
	  New Dir          1	C:\Users\DannyGeminiAnti\.gemini\antigravity\brain\9596722f-af4b-477c-8b63-1fb43e7607e3\.system_generated\steps\131\
	    New File  		      50	output.txt
	  New Dir          1	C:\Users\DannyGeminiAnti\.gemini\antigravity\brain\9596722f-af4b-477c-8b63-1fb43e7607e3\.system_generated\steps\133\
	    New File  		     233	output.txt
	  New Dir          1	C:\Users\DannyGeminiAnti\.gemini\antigravity\brain\9596722f-af4b-477c-8b63-1fb43e7607e3\.system_generated\steps\135\
	    New File  		      66	output.txt
	  New Dir          1	C:\Users\DannyGeminiAnti\.gemini\antigravity\brain\9596722f-af4b-477c-8b63-1fb43e7607e3\.system_generated\steps\137\
	    New File  		    8235	output.txt
	  New Dir          1	C:\Users\DannyGeminiAnti\.gemini\antigravity\brain\9596722f-af4b-477c-8b63-1fb43e7607e3\.system_generated\steps\14\
	    New File  		    3977	output.txt
	  New Dir          1	C:\Users\DannyGeminiAnti\.gemini\antigravity\brain\9596722f-af4b-477c-8b63-1fb43e7607e3\.system_generated\steps\141\
	    New File  		     399	output.txt
	  New Dir          1	C:\Users\DannyGeminiAnti\.gemini\antigravity\brain\9596722f-af4b-477c-8b63-1fb43e7607e3\.system_generated\steps\143\
	    New File  		     222	output.txt
	  New Dir          1	C:\Users\DannyGeminiAnti\.gemini\antigravity\brain\9596722f-af4b-477c-8b63-1fb43e7607e3\.system_generated\steps\145\
	    New File  		      51	output.txt
	  New Dir          1	C:\Users\DannyGeminiAnti\.gemini\antigravity\brain\9596722f-af4b-477c-8b63-1fb43e7607e3\.system_generated\steps\155\
	    New File  		    1381	output.txt
	  New Dir          1	C:\Users\DannyGeminiAnti\.gemini\antigravity\brain\9596722f-af4b-477c-8b63-1fb43e7607e3\.system_generated\steps\159\
	    New File  		     199	output.txt
	  New Dir          1	C:\Users\DannyGeminiAnti\.gemini\antigravity\brain\9596722f-af4b-477c-8b63-1fb43e7607e3\.system_generated\steps\16\
	    New File  		    1237	output.txt
	  New Dir          1	C:\Users\DannyGeminiAnti\.gemini\antigravity\brain\9596722f-af4b-477c-8b63-1fb43e7607e3\.system_generated\steps\163\
	    New File  		    2336	output.txt
	  New Dir          1	C:\Users\DannyGeminiAnti\.gemini\antigravity\brain\9596722f-af4b-477c-8b63-1fb43e7607e3\.system_generated\steps\175\
	    New File  		     354	output.txt
	  New Dir          1	C:\Users\DannyGeminiAnti\.gemini\antigravity\brain\9596722f-af4b-477c-8b63-1fb43e7607e3\.system_generated\steps\177\
	    New File  		     384	output.txt
	  New Dir          1	C:\Users\DannyGeminiAnti\.gemini\antigravity\brain\9596722f-af4b-477c-8b63-1fb43e7607e3\.system_generated\steps\18\
	    New File  		      51	output.txt
	  New Dir          1	C:\Users\DannyGeminiAnti\.gemini\antigravity\brain\9596722f-af4b-477c-8b63-1fb43e7607e3\.system_generated\steps\181\
	    New File  		     509	output.txt
	  New Dir          1	C:\Users\DannyGeminiAnti\.gemini\antigravity\brain\9596722f-af4b-477c-8b63-1fb43e7607e3\.system_generated\steps\185\
	    New File  		     630	output.txt
	  New Dir          1	C:\Users\DannyGeminiAnti\.gemini\antigravity\brain\9596722f-af4b-477c-8b63-1fb43e7607e3\.system_generated\steps\191\
	    New File  		     154	output.txt
	  New Dir          1	C:\Users\DannyGeminiAnti\.gemini\antigravity\brain\9596722f-af4b-477c-8b63-1fb43e7607e3\.system_generated\steps\193\
	    New File  		    2147	output.txt
	  New Dir          1	C:\Users\DannyGeminiAnti\.gemini\antigravity\brain\9596722f-af4b-477c-8b63-1fb43e7607e3\.system_generated\steps\196\
	    New File  		     771	output.txt
	  New Dir          1	C:\Users\DannyGeminiAnti\.gemini\antigravity\brain\9596722f-af4b-477c-8b63-1fb43e7607e3\.system_generated\steps\198\
	    New File  		      66	output.txt
	  New Dir          1	C:\Users\DannyGeminiAnti\.gemini\antigravity\brain\9596722f-af4b-477c-8b63-1fb43e7607e3\.system_generated\steps\2\
	    New File  		    8230	output.txt
	  New Dir          1	C:\Users\DannyGeminiAnti\.gemini\antigravity\brain\9596722f-af4b-477c-8b63-1fb43e7607e3\.system_generated\steps\200\
	    New File  		    8233	output.txt
	  New Dir          1	C:\Users\DannyGeminiAnti\.gemini\antigravity\brain\9596722f-af4b-477c-8b63-1fb43e7607e3\.system_generated\steps\204\
	    New File  		     399	output.txt
	  New Dir          1	C:\Users\DannyGeminiAnti\.gemini\antigravity\brain\9596722f-af4b-477c-8b63-1fb43e7607e3\.system_generated\steps\208\
	    New File  		     222	output.txt
	  New Dir          1	C:\Users\DannyGeminiAnti\.gemini\antigravity\brain\9596722f-af4b-477c-8b63-1fb43e7607e3\.system_generated\steps\210\
	    New File  		      51	output.txt
	  New Dir          1	C:\Users\DannyGeminiAnti\.gemini\antigravity\brain\9596722f-af4b-477c-8b63-1fb43e7607e3\.system_generated\steps\216\
	    New File  		     408	output.txt
	  New Dir          1	C:\Users\DannyGeminiAnti\.gemini\antigravity\brain\9596722f-af4b-477c-8b63-1fb43e7607e3\.system_generated\steps\218\
	    New File  		    2310	output.txt
	  New Dir          1	C:\Users\DannyGeminiAnti\.gemini\antigravity\brain\9596722f-af4b-477c-8b63-1fb43e7607e3\.system_generated\steps\22\
	    New File  		     786	output.txt
	  New Dir          1	C:\Users\DannyGeminiAnti\.gemini\antigravity\brain\9596722f-af4b-477c-8b63-1fb43e7607e3\.system_generated\steps\220\
	    New File  		     747	output.txt
	  New Dir          1	C:\Users\DannyGeminiAnti\.gemini\antigravity\brain\9596722f-af4b-477c-8b63-1fb43e7607e3\.system_generated\steps\222\
	    New File  		     219	output.txt
	  New Dir          1	C:\Users\DannyGeminiAnti\.gemini\antigravity\brain\9596722f-af4b-477c-8b63-1fb43e7607e3\.system_generated\steps\226\
	    New File  		     630	output.txt
	  New Dir          1	C:\Users\DannyGeminiAnti\.gemini\antigravity\brain\9596722f-af4b-477c-8b63-1fb43e7607e3\.system_generated\steps\236\
	    New File  		     771	output.txt
	  New Dir          1	C:\Users\DannyGeminiAnti\.gemini\antigravity\brain\9596722f-af4b-477c-8b63-1fb43e7607e3\.system_generated\steps\238\
	    New File  		    2123	output.txt
	  New Dir          1	C:\Users\DannyGeminiAnti\.gemini\antigravity\brain\9596722f-af4b-477c-8b63-1fb43e7607e3\.system_generated\steps\24\
	    New File  		      51	output.txt
	  New Dir          1	C:\Users\DannyGeminiAnti\.gemini\antigravity\brain\9596722f-af4b-477c-8b63-1fb43e7607e3\.system_generated\steps\240\
	    New File  		     872	output.txt
	  New Dir          1	C:\Users\DannyGeminiAnti\.gemini\antigravity\brain\9596722f-af4b-477c-8b63-1fb43e7607e3\.system_generated\steps\242\
	    New File  		    2948	output.txt
	  New Dir          1	C:\Users\DannyGeminiAnti\.gemini\antigravity\brain\9596722f-af4b-477c-8b63-1fb43e7607e3\.system_generated\steps\244\
	    New File  		    1006	output.txt
	  New Dir          1	C:\Users\DannyGeminiAnti\.gemini\antigravity\brain\9596722f-af4b-477c-8b63-1fb43e7607e3\.system_generated\steps\246\
	    New File  		      66	output.txt
	  New Dir          1	C:\Users\DannyGeminiAnti\.gemini\antigravity\brain\9596722f-af4b-477c-8b63-1fb43e7607e3\.system_generated\steps\248\
	    New File  		     118	output.txt
	  New Dir          1	C:\Users\DannyGeminiAnti\.gemini\antigravity\brain\9596722f-af4b-477c-8b63-1fb43e7607e3\.system_generated\steps\250\
	    New File  		     219	output.txt
	  New Dir          1	C:\Users\DannyGeminiAnti\.gemini\antigravity\brain\9596722f-af4b-477c-8b63-1fb43e7607e3\.system_generated\steps\254\
	    New File  		    8233	output.txt
	  New Dir          1	C:\Users\DannyGeminiAnti\.gemini\antigravity\brain\9596722f-af4b-477c-8b63-1fb43e7607e3\.system_generated\steps\258\
	    New File  		     399	output.txt
	  New Dir          1	C:\Users\DannyGeminiAnti\.gemini\antigravity\brain\9596722f-af4b-477c-8b63-1fb43e7607e3\.system_generated\steps\260\
	    New File  		     222	output.txt
	  New Dir          1	C:\Users\DannyGeminiAnti\.gemini\antigravity\brain\9596722f-af4b-477c-8b63-1fb43e7607e3\.system_generated\steps\262\
	    New File  		      51	output.txt
	  New Dir          1	C:\Users\DannyGeminiAnti\.gemini\antigravity\brain\9596722f-af4b-477c-8b63-1fb43e7607e3\.system_generated\steps\269\
	    New File  		     127	output.txt
	  New Dir          1	C:\Users\DannyGeminiAnti\.gemini\antigravity\brain\9596722f-af4b-477c-8b63-1fb43e7607e3\.system_generated\steps\271\
	    New File  		      48	output.txt
	  New Dir          1	C:\Users\DannyGeminiAnti\.gemini\antigravity\brain\9596722f-af4b-477c-8b63-1fb43e7607e3\.system_generated\steps\273\
	    New File  		    1455	output.txt
	  New Dir          1	C:\Users\DannyGeminiAnti\.gemini\antigravity\brain\9596722f-af4b-477c-8b63-1fb43e7607e3\.system_generated\steps\275\
	    New File  		     575	output.txt
	  New Dir          1	C:\Users\DannyGeminiAnti\.gemini\antigravity\brain\9596722f-af4b-477c-8b63-1fb43e7607e3\.system_generated\steps\277\
	    New File  		     502	output.txt
	  New Dir          1	C:\Users\DannyGeminiAnti\.gemini\antigravity\brain\9596722f-af4b-477c-8b63-1fb43e7607e3\.system_generated\steps\279\
	    New File  		    8147	output.txt
	  New Dir          1	C:\Users\DannyGeminiAnti\.gemini\antigravity\brain\9596722f-af4b-477c-8b63-1fb43e7607e3\.system_generated\steps\281\
	    New File  		      63	output.txt
	  New Dir          1	C:\Users\DannyGeminiAnti\.gemini\antigravity\brain\9596722f-af4b-477c-8b63-1fb43e7607e3\.system_generated\steps\283\
	    New File  		    1254	output.txt
	  New Dir          1	C:\Users\DannyGeminiAnti\.gemini\antigravity\brain\9596722f-af4b-477c-8b63-1fb43e7607e3\.system_generated\steps\287\
	    New File  		      48	output.txt
	  New Dir          1	C:\Users\DannyGeminiAnti\.gemini\antigravity\brain\9596722f-af4b-477c-8b63-1fb43e7607e3\.system_generated\steps\289\
	    New File  		      51	output.txt
	  New Dir          1	C:\Users\DannyGeminiAnti\.gemini\antigravity\brain\9596722f-af4b-477c-8b63-1fb43e7607e3\.system_generated\steps\293\
	    New File  		    6142	output.txt
	  New Dir          1	C:\Users\DannyGeminiAnti\.gemini\antigravity\brain\9596722f-af4b-477c-8b63-1fb43e7607e3\.system_generated\steps\295\
	    New File  		     210	output.txt
	  New Dir          1	C:\Users\DannyGeminiAnti\.gemini\antigravity\brain\9596722f-af4b-477c-8b63-1fb43e7607e3\.system_generated\steps\297\
	    New File  		    1450	output.txt
	  New Dir          1	C:\Users\DannyGeminiAnti\.gemini\antigravity\brain\9596722f-af4b-477c-8b63-1fb43e7607e3\.system_generated\steps\299\
	    New File  		     512	output.txt
	  New Dir          1	C:\Users\DannyGeminiAnti\.gemini\antigravity\brain\9596722f-af4b-477c-8b63-1fb43e7607e3\.system_generated\steps\30\
	    New File  		     233	output.txt
	  New Dir          1	C:\Users\DannyGeminiAnti\.gemini\antigravity\brain\9596722f-af4b-477c-8b63-1fb43e7607e3\.system_generated\steps\301\
	    New File  		      51	output.txt
	  New Dir          1	C:\Users\DannyGeminiAnti\.gemini\antigravity\brain\9596722f-af4b-477c-8b63-1fb43e7607e3\.system_generated\steps\305\
	    New File  		     849	output.txt
	  New Dir          1	C:\Users\DannyGeminiAnti\.gemini\antigravity\brain\9596722f-af4b-477c-8b63-1fb43e7607e3\.system_generated\steps\307\
	    New File  		      51	output.txt
	  New Dir          1	C:\Users\DannyGeminiAnti\.gemini\antigravity\brain\9596722f-af4b-477c-8b63-1fb43e7607e3\.system_generated\steps\309\
	    New File  		     607	output.txt
	  New Dir          1	C:\Users\DannyGeminiAnti\.gemini\antigravity\brain\9596722f-af4b-477c-8b63-1fb43e7607e3\.system_generated\steps\311\
	    New File  		      51	output.txt
	  New Dir          1	C:\Users\DannyGeminiAnti\.gemini\antigravity\brain\9596722f-af4b-477c-8b63-1fb43e7607e3\.system_generated\steps\313\
	    New File  		    8246	output.txt
	  New Dir          1	C:\Users\DannyGeminiAnti\.gemini\antigravity\brain\9596722f-af4b-477c-8b63-1fb43e7607e3\.system_generated\steps\315\
	    New File  		     502	output.txt
	  New Dir          1	C:\Users\DannyGeminiAnti\.gemini\antigravity\brain\9596722f-af4b-477c-8b63-1fb43e7607e3\.system_generated\steps\319\
	    New File  		      48	output.txt
	  New Dir          1	C:\Users\DannyGeminiAnti\.gemini\antigravity\brain\9596722f-af4b-477c-8b63-1fb43e7607e3\.system_generated\steps\32\
	    New File  		      51	output.txt
	  New Dir          1	C:\Users\DannyGeminiAnti\.gemini\antigravity\brain\9596722f-af4b-477c-8b63-1fb43e7607e3\.system_generated\steps\321\
	    New File  		    1430	output.txt
	  New Dir          1	C:\Users\DannyGeminiAnti\.gemini\antigravity\brain\9596722f-af4b-477c-8b63-1fb43e7607e3\.system_generated\steps\323\
	    New File  		      51	output.txt
	  New Dir          1	C:\Users\DannyGeminiAnti\.gemini\antigravity\brain\9596722f-af4b-477c-8b63-1fb43e7607e3\.system_generated\steps\327\
	    New File  		      51	output.txt
	  New Dir          1	C:\Users\DannyGeminiAnti\.gemini\antigravity\brain\9596722f-af4b-477c-8b63-1fb43e7607e3\.system_generated\steps\331\
	    New File  		    5513	output.txt
	  New Dir          1	C:\Users\DannyGeminiAnti\.gemini\antigravity\brain\9596722f-af4b-477c-8b63-1fb43e7607e3\.system_generated\steps\333\
	    New File  		    1395	output.txt
	  New Dir          1	C:\Users\DannyGeminiAnti\.gemini\antigravity\brain\9596722f-af4b-477c-8b63-1fb43e7607e3\.system_generated\steps\335\
	    New File  		     514	output.txt
	  New Dir          1	C:\Users\DannyGeminiAnti\.gemini\antigravity\brain\9596722f-af4b-477c-8b63-1fb43e7607e3\.system_generated\steps\337\
	    New File  		    1091	output.txt
	  New Dir          1	C:\Users\DannyGeminiAnti\.gemini\antigravity\brain\9596722f-af4b-477c-8b63-1fb43e7607e3\.system_generated\steps\339\
	    New File  		     199	output.txt
	  New Dir          1	C:\Users\DannyGeminiAnti\.gemini\antigravity\brain\9596722f-af4b-477c-8b63-1fb43e7607e3\.system_generated\steps\341\
	    New File  		    3235	output.txt
	  New Dir          1	C:\Users\DannyGeminiAnti\.gemini\antigravity\brain\9596722f-af4b-477c-8b63-1fb43e7607e3\.system_generated\steps\343\
	    New File  		     908	output.txt
	  New Dir          1	C:\Users\DannyGeminiAnti\.gemini\antigravity\brain\9596722f-af4b-477c-8b63-1fb43e7607e3\.system_generated\steps\345\
	    New File  		     923	output.txt
	  New Dir          1	C:\Users\DannyGeminiAnti\.gemini\antigravity\brain\9596722f-af4b-477c-8b63-1fb43e7607e3\.system_generated\steps\347\
	    New File  		    1144	output.txt
	  New Dir          1	C:\Users\DannyGeminiAnti\.gemini\antigravity\brain\9596722f-af4b-477c-8b63-1fb43e7607e3\.system_generated\steps\349\
	    New File  		    1162	output.txt
	  New Dir          1	C:\Users\DannyGeminiAnti\.gemini\antigravity\brain\9596722f-af4b-477c-8b63-1fb43e7607e3\.system_generated\steps\351\
	    New File  		    2698	output.txt
	  New Dir          1	C:\Users\DannyGeminiAnti\.gemini\antigravity\brain\9596722f-af4b-477c-8b63-1fb43e7607e3\.system_generated\steps\353\
	    New File  		    1043	output.txt
	  New Dir          1	C:\Users\DannyGeminiAnti\.gemini\antigravity\brain\9596722f-af4b-477c-8b63-1fb43e7607e3\.system_generated\steps\355\
	    New File  		     972	output.txt
	  New Dir          1	C:\Users\DannyGeminiAnti\.gemini\antigravity\brain\9596722f-af4b-477c-8b63-1fb43e7607e3\.system_generated\steps\357\
	    New File  		    1219	output.txt
	  New Dir          1	C:\Users\DannyGeminiAnti\.gemini\antigravity\brain\9596722f-af4b-477c-8b63-1fb43e7607e3\.system_generated\steps\359\
	    New File  		    8245	output.txt
	  New Dir          1	C:\Users\DannyGeminiAnti\.gemini\antigravity\brain\9596722f-af4b-477c-8b63-1fb43e7607e3\.system_generated\steps\36\
	    New File  		     558	output.txt
	  New Dir          1	C:\Users\DannyGeminiAnti\.gemini\antigravity\brain\9596722f-af4b-477c-8b63-1fb43e7607e3\.system_generated\steps\361\
	    New File  		     502	output.txt
	  New Dir          1	C:\Users\DannyGeminiAnti\.gemini\antigravity\brain\9596722f-af4b-477c-8b63-1fb43e7607e3\.system_generated\steps\363\
	    New File  		      51	output.txt
	  New Dir          1	C:\Users\DannyGeminiAnti\.gemini\antigravity\brain\9596722f-af4b-477c-8b63-1fb43e7607e3\.system_generated\steps\367\
	    New File  		      48	output.txt
	  New Dir          1	C:\Users\DannyGeminiAnti\.gemini\antigravity\brain\9596722f-af4b-477c-8b63-1fb43e7607e3\.system_generated\steps\371\
	    New File  		    2930	output.txt
	  New Dir          1	C:\Users\DannyGeminiAnti\.gemini\antigravity\brain\9596722f-af4b-477c-8b63-1fb43e7607e3\.system_generated\steps\373\
	    New File  		    1727	output.txt
	  New Dir          1	C:\Users\DannyGeminiAnti\.gemini\antigravity\brain\9596722f-af4b-477c-8b63-1fb43e7607e3\.system_generated\steps\375\
	    New File  		    2604	output.txt
	  New Dir          1	C:\Users\DannyGeminiAnti\.gemini\antigravity\brain\9596722f-af4b-477c-8b63-1fb43e7607e3\.system_generated\steps\377\
	    New File  		     199	output.txt
	  New Dir          1	C:\Users\DannyGeminiAnti\.gemini\antigravity\brain\9596722f-af4b-477c-8b63-1fb43e7607e3\.system_generated\steps\379\
	    New File  		     607	output.txt
	  New Dir          1	C:\Users\DannyGeminiAnti\.gemini\antigravity\brain\9596722f-af4b-477c-8b63-1fb43e7607e3\.system_generated\steps\38\
	    New File  		    1123	output.txt
	  New Dir          1	C:\Users\DannyGeminiAnti\.gemini\antigravity\brain\9596722f-af4b-477c-8b63-1fb43e7607e3\.system_generated\steps\382\
	    New File  		     763	output.txt
	  New Dir          1	C:\Users\DannyGeminiAnti\.gemini\antigravity\brain\9596722f-af4b-477c-8b63-1fb43e7607e3\.system_generated\steps\384\
	    New File  		     199	output.txt
	  New Dir          1	C:\Users\DannyGeminiAnti\.gemini\antigravity\brain\9596722f-af4b-477c-8b63-1fb43e7607e3\.system_generated\steps\386\
	    New File  		     594	output.txt
	  New Dir          1	C:\Users\DannyGeminiAnti\.gemini\antigravity\brain\9596722f-af4b-477c-8b63-1fb43e7607e3\.system_generated\steps\388\
	    New File  		      51	output.txt
	  New Dir          1	C:\Users\DannyGeminiAnti\.gemini\antigravity\brain\9596722f-af4b-477c-8b63-1fb43e7607e3\.system_generated\steps\390\
	    New File  		    1415	output.txt
	  New Dir          1	C:\Users\DannyGeminiAnti\.gemini\antigravity\brain\9596722f-af4b-477c-8b63-1fb43e7607e3\.system_generated\steps\392\
	    New File  		      51	output.txt
	  New Dir          1	C:\Users\DannyGeminiAnti\.gemini\antigravity\brain\9596722f-af4b-477c-8b63-1fb43e7607e3\.system_generated\steps\394\
	    New File  		      51	output.txt
	  New Dir          1	C:\Users\DannyGeminiAnti\.gemini\antigravity\brain\9596722f-af4b-477c-8b63-1fb43e7607e3\.system_generated\steps\396\
	    New File  		    1836	output.txt
	  New Dir          1	C:\Users\DannyGeminiAnti\.gemini\antigravity\brain\9596722f-af4b-477c-8b63-1fb43e7607e3\.system_generated\steps\398\
	    New File  		      51	output.txt
	  New Dir          1	C:\Users\DannyGeminiAnti\.gemini\antigravity\brain\9596722f-af4b-477c-8b63-1fb43e7607e3\.system_generated\steps\40\
	    New File  		      51	output.txt
	  New Dir          1	C:\Users\DannyGeminiAnti\.gemini\antigravity\brain\9596722f-af4b-477c-8b63-1fb43e7607e3\.system_generated\steps\400\
	    New File  		      51	output.txt
	  New Dir          1	C:\Users\DannyGeminiAnti\.gemini\antigravity\brain\9596722f-af4b-477c-8b63-1fb43e7607e3\.system_generated\steps\402\
	    New File  		      51	output.txt
	  New Dir          1	C:\Users\DannyGeminiAnti\.gemini\antigravity\brain\9596722f-af4b-477c-8b63-1fb43e7607e3\.system_generated\steps\404\
	    New File  		    1055	output.txt
	  New Dir          1	C:\Users\DannyGeminiAnti\.gemini\antigravity\brain\9596722f-af4b-477c-8b63-1fb43e7607e3\.system_generated\steps\406\
	    New File  		      51	output.txt
	  New Dir          1	C:\Users\DannyGeminiAnti\.gemini\antigravity\brain\9596722f-af4b-477c-8b63-1fb43e7607e3\.system_generated\steps\408\
	    New File  		    8250	output.txt
	  New Dir          1	C:\Users\DannyGeminiAnti\.gemini\antigravity\brain\9596722f-af4b-477c-8b63-1fb43e7607e3\.system_generated\steps\410\
	    New File  		     260	output.txt
	  New Dir          1	C:\Users\DannyGeminiAnti\.gemini\antigravity\brain\9596722f-af4b-477c-8b63-1fb43e7607e3\.system_generated\steps\412\
	    New File  		     763	output.txt
	  New Dir          1	C:\Users\DannyGeminiAnti\.gemini\antigravity\brain\9596722f-af4b-477c-8b63-1fb43e7607e3\.system_generated\steps\414\
	    New File  		      51	output.txt
	  New Dir          1	C:\Users\DannyGeminiAnti\.gemini\antigravity\brain\9596722f-af4b-477c-8b63-1fb43e7607e3\.system_generated\steps\416\
	    New File  		     797	output.txt
	  New Dir          1	C:\Users\DannyGeminiAnti\.gemini\antigravity\brain\9596722f-af4b-477c-8b63-1fb43e7607e3\.system_generated\steps\418\
	    New File  		      51	output.txt
	  New Dir          1	C:\Users\DannyGeminiAnti\.gemini\antigravity\brain\9596722f-af4b-477c-8b63-1fb43e7607e3\.system_generated\steps\420\
	    New File  		      51	output.txt
	  New Dir          1	C:\Users\DannyGeminiAnti\.gemini\antigravity\brain\9596722f-af4b-477c-8b63-1fb43e7607e3\.system_generated\steps\424\
	    New File  		      51	output.txt
	  New Dir          1	C:\Users\DannyGeminiAnti\.gemini\antigravity\brain\9596722f-af4b-477c-8b63-1fb43e7607e3\.system_generated\steps\428\
	    New File  		    1877	output.txt
	  New Dir          1	C:\Users\DannyGeminiAnti\.gemini\antigravity\brain\9596722f-af4b-477c-8b63-1fb43e7607e3\.system_generated\steps\430\
	    New File  		      51	output.txt
	  New Dir          1	C:\Users\DannyGeminiAnti\.gemini\antigravity\brain\9596722f-af4b-477c-8b63-1fb43e7607e3\.system_generated\steps\432\
	    New File  		    2138	output.txt
	  New Dir          1	C:\Users\DannyGeminiAnti\.gemini\antigravity\brain\9596722f-af4b-477c-8b63-1fb43e7607e3\.system_generated\steps\434\
	    New File  		    8249	output.txt
	  New Dir          1	C:\Users\DannyGeminiAnti\.gemini\antigravity\brain\9596722f-af4b-477c-8b63-1fb43e7607e3\.system_generated\steps\436\
	    New File  		      51	output.txt
	  New Dir          1	C:\Users\DannyGeminiAnti\.gemini\antigravity\brain\9596722f-af4b-477c-8b63-1fb43e7607e3\.system_generated\steps\440\
	    New File  		      48	output.txt
	  New Dir          1	C:\Users\DannyGeminiAnti\.gemini\antigravity\brain\9596722f-af4b-477c-8b63-1fb43e7607e3\.system_generated\steps\442\
	    New File  		      51	output.txt
	  New Dir          1	C:\Users\DannyGeminiAnti\.gemini\antigravity\brain\9596722f-af4b-477c-8b63-1fb43e7607e3\.system_generated\steps\446\
	    New File  		     851	output.txt
	  New Dir          1	C:\Users\DannyGeminiAnti\.gemini\antigravity\brain\9596722f-af4b-477c-8b63-1fb43e7607e3\.system_generated\steps\448\
	    New File  		     449	output.txt
	  New Dir          1	C:\Users\DannyGeminiAnti\.gemini\antigravity\brain\9596722f-af4b-477c-8b63-1fb43e7607e3\.system_generated\steps\45\
	    New File  		      51	output.txt
	  New Dir          1	C:\Users\DannyGeminiAnti\.gemini\antigravity\brain\9596722f-af4b-477c-8b63-1fb43e7607e3\.system_generated\steps\450\
	    New File  		    3297	output.txt
	  New Dir          1	C:\Users\DannyGeminiAnti\.gemini\antigravity\brain\9596722f-af4b-477c-8b63-1fb43e7607e3\.system_generated\steps\452\
	    New File  		      51	output.txt
	  New Dir          1	C:\Users\DannyGeminiAnti\.gemini\antigravity\brain\9596722f-af4b-477c-8b63-1fb43e7607e3\.system_generated\steps\454\
	    New File  		     317	output.txt
	  New Dir          1	C:\Users\DannyGeminiAnti\.gemini\antigravity\brain\9596722f-af4b-477c-8b63-1fb43e7607e3\.system_generated\steps\456\
	    New File  		    8250	output.txt
	  New Dir          1	C:\Users\DannyGeminiAnti\.gemini\antigravity\brain\9596722f-af4b-477c-8b63-1fb43e7607e3\.system_generated\steps\458\
	    New File  		      51	output.txt
	  New Dir          1	C:\Users\DannyGeminiAnti\.gemini\antigravity\brain\9596722f-af4b-477c-8b63-1fb43e7607e3\.system_generated\steps\462\
	    New File  		      51	output.txt
	  New Dir          1	C:\Users\DannyGeminiAnti\.gemini\antigravity\brain\9596722f-af4b-477c-8b63-1fb43e7607e3\.system_generated\steps\468\
	    New File  		     497	output.txt
	  New Dir          1	C:\Users\DannyGeminiAnti\.gemini\antigravity\brain\9596722f-af4b-477c-8b63-1fb43e7607e3\.system_generated\steps\470\
	    New File  		      51	output.txt
	  New Dir          1	C:\Users\DannyGeminiAnti\.gemini\antigravity\brain\9596722f-af4b-477c-8b63-1fb43e7607e3\.system_generated\steps\472\
	    New File  		      51	output.txt
	  New Dir          1	C:\Users\DannyGeminiAnti\.gemini\antigravity\brain\9596722f-af4b-477c-8b63-1fb43e7607e3\.system_generated\steps\474\
	    New File  		      51	output.txt
	  New Dir          1	C:\Users\DannyGeminiAnti\.gemini\antigravity\brain\9596722f-af4b-477c-8b63-1fb43e7607e3\.system_generated\steps\476\
	    New File  		    8076	output.txt
	  New Dir          1	C:\Users\DannyGeminiAnti\.gemini\antigravity\brain\9596722f-af4b-477c-8b63-1fb43e7607e3\.system_generated\steps\478\
	    New File  		      51	output.txt
	  New Dir          1	C:\Users\DannyGeminiAnti\.gemini\antigravity\brain\9596722f-af4b-477c-8b63-1fb43e7607e3\.system_generated\steps\482\
	    New File  		      51	output.txt
	  New Dir          1	C:\Users\DannyGeminiAnti\.gemini\antigravity\brain\9596722f-af4b-477c-8b63-1fb43e7607e3\.system_generated\steps\486\
	    New File  		      51	output.txt
	  New Dir          1	C:\Users\DannyGeminiAnti\.gemini\antigravity\brain\9596722f-af4b-477c-8b63-1fb43e7607e3\.system_generated\steps\49\
	    New File  		    8223	output.txt
	  New Dir          1	C:\Users\DannyGeminiAnti\.gemini\antigravity\brain\9596722f-af4b-477c-8b63-1fb43e7607e3\.system_generated\steps\492\
	    New File  		      51	output.txt
	  New Dir          1	C:\Users\DannyGeminiAnti\.gemini\antigravity\brain\9596722f-af4b-477c-8b63-1fb43e7607e3\.system_generated\steps\494\
	    New File  		    1454	output.txt
	  New Dir          1	C:\Users\DannyGeminiAnti\.gemini\antigravity\brain\9596722f-af4b-477c-8b63-1fb43e7607e3\.system_generated\steps\496\
	    New File  		      51	output.txt
	  New Dir          1	C:\Users\DannyGeminiAnti\.gemini\antigravity\brain\9596722f-af4b-477c-8b63-1fb43e7607e3\.system_generated\steps\498\
	    New File  		     630	output.txt
	  New Dir          1	C:\Users\DannyGeminiAnti\.gemini\antigravity\brain\9596722f-af4b-477c-8b63-1fb43e7607e3\.system_generated\steps\500\
	    New File  		     898	output.txt
	  New Dir          1	C:\Users\DannyGeminiAnti\.gemini\antigravity\brain\9596722f-af4b-477c-8b63-1fb43e7607e3\.system_generated\steps\502\
	    New File  		      51	output.txt
	  New Dir          1	C:\Users\DannyGeminiAnti\.gemini\antigravity\brain\9596722f-af4b-477c-8b63-1fb43e7607e3\.system_generated\steps\504\
	    New File  		    8249	output.txt
	  New Dir          1	C:\Users\DannyGeminiAnti\.gemini\antigravity\brain\9596722f-af4b-477c-8b63-1fb43e7607e3\.system_generated\steps\507\
	    New File  		      51	output.txt
	  New Dir          1	C:\Users\DannyGeminiAnti\.gemini\antigravity\brain\9596722f-af4b-477c-8b63-1fb43e7607e3\.system_generated\steps\511\
	    New File  		      51	output.txt
	  New Dir          1	C:\Users\DannyGeminiAnti\.gemini\antigravity\brain\9596722f-af4b-477c-8b63-1fb43e7607e3\.system_generated\steps\515\
	    New File  		      51	output.txt
	  New Dir          1	C:\Users\DannyGeminiAnti\.gemini\antigravity\brain\9596722f-af4b-477c-8b63-1fb43e7607e3\.system_generated\steps\519\
	    New File  		    2485	output.txt
	  New Dir          1	C:\Users\DannyGeminiAnti\.gemini\antigravity\brain\9596722f-af4b-477c-8b63-1fb43e7607e3\.system_generated\steps\521\
	    New File  		    4998	output.txt
	  New Dir          1	C:\Users\DannyGeminiAnti\.gemini\antigravity\brain\9596722f-af4b-477c-8b63-1fb43e7607e3\.system_generated\steps\523\
	    New File  		    1880	output.txt
	  New Dir          1	C:\Users\DannyGeminiAnti\.gemini\antigravity\brain\9596722f-af4b-477c-8b63-1fb43e7607e3\.system_generated\steps\525\
	    New File  		      51	output.txt
	  New Dir          1	C:\Users\DannyGeminiAnti\.gemini\antigravity\brain\9596722f-af4b-477c-8b63-1fb43e7607e3\.system_generated\steps\527\
	    New File  		    2717	output.txt
	  New Dir          1	C:\Users\DannyGeminiAnti\.gemini\antigravity\brain\9596722f-af4b-477c-8b63-1fb43e7607e3\.system_generated\steps\529\
	    New File  		     811	output.txt
	  New Dir          1	C:\Users\DannyGeminiAnti\.gemini\antigravity\brain\9596722f-af4b-477c-8b63-1fb43e7607e3\.system_generated\steps\53\
	    New File  		      51	output.txt
	  New Dir          1	C:\Users\DannyGeminiAnti\.gemini\antigravity\brain\9596722f-af4b-477c-8b63-1fb43e7607e3\.system_generated\steps\531\
	    New File  		    8080	output.txt
	  New Dir          1	C:\Users\DannyGeminiAnti\.gemini\antigravity\brain\9596722f-af4b-477c-8b63-1fb43e7607e3\.system_generated\steps\533\
	    New File  		      51	output.txt
	  New Dir          1	C:\Users\DannyGeminiAnti\.gemini\antigravity\brain\9596722f-af4b-477c-8b63-1fb43e7607e3\.system_generated\steps\537\
	    New File  		      51	output.txt
	  New Dir          1	C:\Users\DannyGeminiAnti\.gemini\antigravity\brain\9596722f-af4b-477c-8b63-1fb43e7607e3\.system_generated\steps\539\
	    New File  		      51	output.txt
	  New Dir          1	C:\Users\DannyGeminiAnti\.gemini\antigravity\brain\9596722f-af4b-477c-8b63-1fb43e7607e3\.system_generated\steps\544\
	    New File  		    1057	output.txt
	  New Dir          1	C:\Users\DannyGeminiAnti\.gemini\antigravity\brain\9596722f-af4b-477c-8b63-1fb43e7607e3\.system_generated\steps\550\
	    New File  		    3241	output.txt
	  New Dir          1	C:\Users\DannyGeminiAnti\.gemini\antigravity\brain\9596722f-af4b-477c-8b63-1fb43e7607e3\.system_generated\steps\552\
	    New File  		     763	output.txt
	  New Dir          1	C:\Users\DannyGeminiAnti\.gemini\antigravity\brain\9596722f-af4b-477c-8b63-1fb43e7607e3\.system_generated\steps\554\
	    New File  		    8250	output.txt
	  New Dir          1	C:\Users\DannyGeminiAnti\.gemini\antigravity\brain\9596722f-af4b-477c-8b63-1fb43e7607e3\.system_generated\steps\556\
	    New File  		      51	output.txt
	  New Dir          1	C:\Users\DannyGeminiAnti\.gemini\antigravity\brain\9596722f-af4b-477c-8b63-1fb43e7607e3\.system_generated\steps\558\
	    New File  		      51	output.txt
	  New Dir          1	C:\Users\DannyGeminiAnti\.gemini\antigravity\brain\9596722f-af4b-477c-8b63-1fb43e7607e3\.system_generated\steps\562\
	    New File  		      51	output.txt
	  New Dir          1	C:\Users\DannyGeminiAnti\.gemini\antigravity\brain\9596722f-af4b-477c-8b63-1fb43e7607e3\.system_generated\steps\568\
	    New File  		    2310	output.txt
	  New Dir          1	C:\Users\DannyGeminiAnti\.gemini\antigravity\brain\9596722f-af4b-477c-8b63-1fb43e7607e3\.system_generated\steps\570\
	    New File  		    1237	output.txt
	  New Dir          1	C:\Users\DannyGeminiAnti\.gemini\antigravity\brain\9596722f-af4b-477c-8b63-1fb43e7607e3\.system_generated\steps\572\
	    New File  		      51	output.txt
	  New Dir          1	C:\Users\DannyGeminiAnti\.gemini\antigravity\brain\9596722f-af4b-477c-8b63-1fb43e7607e3\.system_generated\steps\574\
	    New File  		      51	output.txt
	  New Dir          1	C:\Users\DannyGeminiAnti\.gemini\antigravity\brain\9596722f-af4b-477c-8b63-1fb43e7607e3\.system_generated\steps\59\
	    New File  		      51	output.txt
	  New Dir          1	C:\Users\DannyGeminiAnti\.gemini\antigravity\brain\9596722f-af4b-477c-8b63-1fb43e7607e3\.system_generated\steps\69\
	    New File  		     630	output.txt
	  New Dir          1	C:\Users\DannyGeminiAnti\.gemini\antigravity\brain\9596722f-af4b-477c-8b63-1fb43e7607e3\.system_generated\steps\7\
	    New File  		     970	output.txt
	  New Dir          1	C:\Users\DannyGeminiAnti\.gemini\antigravity\brain\9596722f-af4b-477c-8b63-1fb43e7607e3\.system_generated\steps\73\
	    New File  		    1493	output.txt
	  New Dir          1	C:\Users\DannyGeminiAnti\.gemini\antigravity\brain\9596722f-af4b-477c-8b63-1fb43e7607e3\.system_generated\steps\77\
	    New File  		    3653	output.txt
	  New Dir          1	C:\Users\DannyGeminiAnti\.gemini\antigravity\brain\9596722f-af4b-477c-8b63-1fb43e7607e3\.system_generated\steps\79\
	    New File  		      53	output.txt
	  New Dir          1	C:\Users\DannyGeminiAnti\.gemini\antigravity\brain\9596722f-af4b-477c-8b63-1fb43e7607e3\.system_generated\steps\85\
	    New File  		     192	output.txt
	  New Dir          1	C:\Users\DannyGeminiAnti\.gemini\antigravity\brain\9596722f-af4b-477c-8b63-1fb43e7607e3\.system_generated\steps\89\
	    New File  		     771	output.txt
	  New Dir          1	C:\Users\DannyGeminiAnti\.gemini\antigravity\brain\9596722f-af4b-477c-8b63-1fb43e7607e3\.system_generated\steps\9\
	    New File  		     232	output.txt
	  New Dir          1	C:\Users\DannyGeminiAnti\.gemini\antigravity\brain\9596722f-af4b-477c-8b63-1fb43e7607e3\.system_generated\steps\91\
	    New File  		      58	output.txt
	  New Dir          1	C:\Users\DannyGeminiAnti\.gemini\antigravity\brain\9596722f-af4b-477c-8b63-1fb43e7607e3\.system_generated\steps\93\
	    New File  		    8214	output.txt
	  New Dir          1	C:\Users\DannyGeminiAnti\.gemini\antigravity\brain\9596722f-af4b-477c-8b63-1fb43e7607e3\.system_generated\steps\97\
	    New File  		     399	output.txt
	  New Dir          8	C:\Users\DannyGeminiAnti\.gemini\antigravity\brain\9596722f-af4b-477c-8b63-1fb43e7607e3\.user_uploaded\
	    New File  		   67487	media_1791136175109.png
	    New File  		   22531	media_1791139272922.png
	    New File  		  169383	media_1791142712746.png
	    New File  		   30570	media_1791150454925.png
	    New File  		   11243	media_1791151107940.png
	    New File  		    8778	media_1791153197380.png
	    New File  		  157131	media_1791153564069.png
	    New File  		  216901	media_1791154528777.png
	                   0	C:\Users\DannyGeminiAnti\.gemini\antigravity\brain\9ff1d45c-daae-4c11-bb31-285f913f0825\
	                   0	C:\Users\DannyGeminiAnti\.gemini\antigravity\brain\9ff1d45c-daae-4c11-bb31-285f913f0825\.system_generated\
	                   2	C:\Users\DannyGeminiAnti\.gemini\antigravity\brain\9ff1d45c-daae-4c11-bb31-285f913f0825\.system_generated\logs\
	                   0	C:\Users\DannyGeminiAnti\.gemini\antigravity\brain\9ff1d45c-daae-4c11-bb31-285f913f0825\.system_generated\logs\chunks\
	                   2	C:\Users\DannyGeminiAnti\.gemini\antigravity\brain\9ff1d45c-daae-4c11-bb31-285f913f0825\.system_generated\logs\chunks\transcript\
	                   2	C:\Users\DannyGeminiAnti\.gemini\antigravity\brain\9ff1d45c-daae-4c11-bb31-285f913f0825\.system_generated\logs\chunks\transcript_full\
	                   4	C:\Users\DannyGeminiAnti\.gemini\antigravity\brain\9ff1d45c-daae-4c11-bb31-285f913f0825\.system_generated\messages\
	                   0	C:\Users\DannyGeminiAnti\.gemini\antigravity\brain\9ff1d45c-daae-4c11-bb31-285f913f0825\.system_generated\messages\undelivered\
	                   2	C:\Users\DannyGeminiAnti\.gemini\antigravity\brain\9ff1d45c-daae-4c11-bb31-285f913f0825\.user_uploaded\
	                   0	C:\Users\DannyGeminiAnti\.gemini\antigravity\brain\a1430475-85df-48ef-9c24-56a26de27150\
	                   0	C:\Users\DannyGeminiAnti\.gemini\antigravity\brain\a1430475-85df-48ef-9c24-56a26de27150\.system_generated\
	                   2	C:\Users\DannyGeminiAnti\.gemini\antigravity\brain\a1430475-85df-48ef-9c24-56a26de27150\.system_generated\logs\
	                   0	C:\Users\DannyGeminiAnti\.gemini\antigravity\brain\a1430475-85df-48ef-9c24-56a26de27150\.system_generated\logs\chunks\
	                   7	C:\Users\DannyGeminiAnti\.gemini\antigravity\brain\a1430475-85df-48ef-9c24-56a26de27150\.system_generated\logs\chunks\transcript\
	                   9	C:\Users\DannyGeminiAnti\.gemini\antigravity\brain\a1430475-85df-48ef-9c24-56a26de27150\.system_generated\logs\chunks\transcript_full\
	                  41	C:\Users\DannyGeminiAnti\.gemini\antigravity\brain\a1430475-85df-48ef-9c24-56a26de27150\.system_generated\messages\
	                   0	C:\Users\DannyGeminiAnti\.gemini\antigravity\brain\a1430475-85df-48ef-9c24-56a26de27150\.system_generated\messages\undelivered\
	                   0	C:\Users\DannyGeminiAnti\.gemini\antigravity\brain\a1430475-85df-48ef-9c24-56a26de27150\.system_generated\steps\
	                   1	C:\Users\DannyGeminiAnti\.gemini\antigravity\brain\a1430475-85df-48ef-9c24-56a26de27150\.system_generated\steps\10\
	                   1	C:\Users\DannyGeminiAnti\.gemini\antigravity\brain\a1430475-85df-48ef-9c24-56a26de27150\.system_generated\steps\101\
	                   1	C:\Users\DannyGeminiAnti\.gemini\antigravity\brain\a1430475-85df-48ef-9c24-56a26de27150\.system_generated\steps\103\
	                   1	C:\Users\DannyGeminiAnti\.gemini\antigravity\brain\a1430475-85df-48ef-9c24-56a26de27150\.system_generated\steps\106\
	                   1	C:\Users\DannyGeminiAnti\.gemini\antigravity\brain\a1430475-85df-48ef-9c24-56a26de27150\.system_generated\steps\109\
	                   1	C:\Users\DannyGeminiAnti\.gemini\antigravity\brain\a1430475-85df-48ef-9c24-56a26de27150\.system_generated\steps\111\
	                   1	C:\Users\DannyGeminiAnti\.gemini\antigravity\brain\a1430475-85df-48ef-9c24-56a26de27150\.system_generated\steps\113\
	                   1	C:\Users\DannyGeminiAnti\.gemini\antigravity\brain\a1430475-85df-48ef-9c24-56a26de27150\.system_generated\steps\116\
	                   1	C:\Users\DannyGeminiAnti\.gemini\antigravity\brain\a1430475-85df-48ef-9c24-56a26de27150\.system_generated\steps\118\
	                   1	C:\Users\DannyGeminiAnti\.gemini\antigravity\brain\a1430475-85df-48ef-9c24-56a26de27150\.system_generated\steps\12\
	                   1	C:\Users\DannyGeminiAnti\.gemini\antigravity\brain\a1430475-85df-48ef-9c24-56a26de27150\.system_generated\steps\120\
	                   1	C:\Users\DannyGeminiAnti\.gemini\antigravity\brain\a1430475-85df-48ef-9c24-56a26de27150\.system_generated\steps\122\
	                   1	C:\Users\DannyGeminiAnti\.gemini\antigravity\brain\a1430475-85df-48ef-9c24-56a26de27150\.system_generated\steps\126\
	                   1	C:\Users\DannyGeminiAnti\.gemini\antigravity\brain\a1430475-85df-48ef-9c24-56a26de27150\.system_generated\steps\128\
	                   1	C:\Users\DannyGeminiAnti\.gemini\antigravity\brain\a1430475-85df-48ef-9c24-56a26de27150\.system_generated\steps\130\
	                   1	C:\Users\DannyGeminiAnti\.gemini\antigravity\brain\a1430475-85df-48ef-9c24-56a26de27150\.system_generated\steps\132\
	                   1	C:\Users\DannyGeminiAnti\.gemini\antigravity\brain\a1430475-85df-48ef-9c24-56a26de27150\.system_generated\steps\134\
	                   1	C:\Users\DannyGeminiAnti\.gemini\antigravity\brain\a1430475-85df-48ef-9c24-56a26de27150\.system_generated\steps\136\
	                   1	C:\Users\DannyGeminiAnti\.gemini\antigravity\brain\a1430475-85df-48ef-9c24-56a26de27150\.system_generated\steps\139\
	                   1	C:\Users\DannyGeminiAnti\.gemini\antigravity\brain\a1430475-85df-48ef-9c24-56a26de27150\.system_generated\steps\14\
	                   1	C:\Users\DannyGeminiAnti\.gemini\antigravity\brain\a1430475-85df-48ef-9c24-56a26de27150\.system_generated\steps\141\
	                   1	C:\Users\DannyGeminiAnti\.gemini\antigravity\brain\a1430475-85df-48ef-9c24-56a26de27150\.system_generated\steps\143\
	                   1	C:\Users\DannyGeminiAnti\.gemini\antigravity\brain\a1430475-85df-48ef-9c24-56a26de27150\.system_generated\steps\146\
	                   1	C:\Users\DannyGeminiAnti\.gemini\antigravity\brain\a1430475-85df-48ef-9c24-56a26de27150\.system_generated\steps\150\
	                   1	C:\Users\DannyGeminiAnti\.gemini\antigravity\brain\a1430475-85df-48ef-9c24-56a26de27150\.system_generated\steps\152\
	                   1	C:\Users\DannyGeminiAnti\.gemini\antigravity\brain\a1430475-85df-48ef-9c24-56a26de27150\.system_generated\steps\154\
	                   1	C:\Users\DannyGeminiAnti\.gemini\antigravity\brain\a1430475-85df-48ef-9c24-56a26de27150\.system_generated\steps\158\
	                   1	C:\Users\DannyGeminiAnti\.gemini\antigravity\brain\a1430475-85df-48ef-9c24-56a26de27150\.system_generated\steps\160\
	                   1	C:\Users\DannyGeminiAnti\.gemini\antigravity\brain\a1430475-85df-48ef-9c24-56a26de27150\.system_generated\steps\162\
	                   1	C:\Users\DannyGeminiAnti\.gemini\antigravity\brain\a1430475-85df-48ef-9c24-56a26de27150\.system_generated\steps\164\
	                   1	C:\Users\DannyGeminiAnti\.gemini\antigravity\brain\a1430475-85df-48ef-9c24-56a26de27150\.system_generated\steps\166\
	                   1	C:\Users\DannyGeminiAnti\.gemini\antigravity\brain\a1430475-85df-48ef-9c24-56a26de27150\.system_generated\steps\168\
	                   1	C:\Users\DannyGeminiAnti\.gemini\antigravity\brain\a1430475-85df-48ef-9c24-56a26de27150\.system_generated\steps\17\
	                   1	C:\Users\DannyGeminiAnti\.gemini\antigravity\brain\a1430475-85df-48ef-9c24-56a26de27150\.system_generated\steps\173\
	                   1	C:\Users\DannyGeminiAnti\.gemini\antigravity\brain\a1430475-85df-48ef-9c24-56a26de27150\.system_generated\steps\175\
	                   1	C:\Users\DannyGeminiAnti\.gemini\antigravity\brain\a1430475-85df-48ef-9c24-56a26de27150\.system_generated\steps\177\
	                   1	C:\Users\DannyGeminiAnti\.gemini\antigravity\brain\a1430475-85df-48ef-9c24-56a26de27150\.system_generated\steps\179\
	                   1	C:\Users\DannyGeminiAnti\.gemini\antigravity\brain\a1430475-85df-48ef-9c24-56a26de27150\.system_generated\steps\181\
	                   1	C:\Users\DannyGeminiAnti\.gemini\antigravity\brain\a1430475-85df-48ef-9c24-56a26de27150\.system_generated\steps\187\
	                   1	C:\Users\DannyGeminiAnti\.gemini\antigravity\brain\a1430475-85df-48ef-9c24-56a26de27150\.system_generated\steps\189\
	                   1	C:\Users\DannyGeminiAnti\.gemini\antigravity\brain\a1430475-85df-48ef-9c24-56a26de27150\.system_generated\steps\19\
	                   1	C:\Users\DannyGeminiAnti\.gemini\antigravity\brain\a1430475-85df-48ef-9c24-56a26de27150\.system_generated\steps\192\
	                   1	C:\Users\DannyGeminiAnti\.gemini\antigravity\brain\a1430475-85df-48ef-9c24-56a26de27150\.system_generated\steps\195\
	                   1	C:\Users\DannyGeminiAnti\.gemini\antigravity\brain\a1430475-85df-48ef-9c24-56a26de27150\.system_generated\steps\197\
	                   1	C:\Users\DannyGeminiAnti\.gemini\antigravity\brain\a1430475-85df-48ef-9c24-56a26de27150\.system_generated\steps\2\
	                   1	C:\Users\DannyGeminiAnti\.gemini\antigravity\brain\a1430475-85df-48ef-9c24-56a26de27150\.system_generated\steps\205\
	                   1	C:\Users\DannyGeminiAnti\.gemini\antigravity\brain\a1430475-85df-48ef-9c24-56a26de27150\.system_generated\steps\209\
	                   1	C:\Users\DannyGeminiAnti\.gemini\antigravity\brain\a1430475-85df-48ef-9c24-56a26de27150\.system_generated\steps\21\
	                   1	C:\Users\DannyGeminiAnti\.gemini\antigravity\brain\a1430475-85df-48ef-9c24-56a26de27150\.system_generated\steps\211\
	                   1	C:\Users\DannyGeminiAnti\.gemini\antigravity\brain\a1430475-85df-48ef-9c24-56a26de27150\.system_generated\steps\213\
	                   1	C:\Users\DannyGeminiAnti\.gemini\antigravity\brain\a1430475-85df-48ef-9c24-56a26de27150\.system_generated\steps\215\
	                   1	C:\Users\DannyGeminiAnti\.gemini\antigravity\brain\a1430475-85df-48ef-9c24-56a26de27150\.system_generated\steps\217\
	                   1	C:\Users\DannyGeminiAnti\.gemini\antigravity\brain\a1430475-85df-48ef-9c24-56a26de27150\.system_generated\steps\220\
	                   1	C:\Users\DannyGeminiAnti\.gemini\antigravity\brain\a1430475-85df-48ef-9c24-56a26de27150\.system_generated\steps\223\
	                   1	C:\Users\DannyGeminiAnti\.gemini\antigravity\brain\a1430475-85df-48ef-9c24-56a26de27150\.system_generated\steps\225\
	                   1	C:\Users\DannyGeminiAnti\.gemini\antigravity\brain\a1430475-85df-48ef-9c24-56a26de27150\.system_generated\steps\227\
	                   1	C:\Users\DannyGeminiAnti\.gemini\antigravity\brain\a1430475-85df-48ef-9c24-56a26de27150\.system_generated\steps\23\
	                   1	C:\Users\DannyGeminiAnti\.gemini\antigravity\brain\a1430475-85df-48ef-9c24-56a26de27150\.system_generated\steps\234\
	                   1	C:\Users\DannyGeminiAnti\.gemini\antigravity\brain\a1430475-85df-48ef-9c24-56a26de27150\.system_generated\steps\236\
	                   1	C:\Users\DannyGeminiAnti\.gemini\antigravity\brain\a1430475-85df-48ef-9c24-56a26de27150\.system_generated\steps\238\
	                   1	C:\Users\DannyGeminiAnti\.gemini\antigravity\brain\a1430475-85df-48ef-9c24-56a26de27150\.system_generated\steps\240\
	                   1	C:\Users\DannyGeminiAnti\.gemini\antigravity\brain\a1430475-85df-48ef-9c24-56a26de27150\.system_generated\steps\243\
	                   1	C:\Users\DannyGeminiAnti\.gemini\antigravity\brain\a1430475-85df-48ef-9c24-56a26de27150\.system_generated\steps\249\
	                   1	C:\Users\DannyGeminiAnti\.gemini\antigravity\brain\a1430475-85df-48ef-9c24-56a26de27150\.system_generated\steps\25\
	                   1	C:\Users\DannyGeminiAnti\.gemini\antigravity\brain\a1430475-85df-48ef-9c24-56a26de27150\.system_generated\steps\256\
	                   1	C:\Users\DannyGeminiAnti\.gemini\antigravity\brain\a1430475-85df-48ef-9c24-56a26de27150\.system_generated\steps\258\
	                   1	C:\Users\DannyGeminiAnti\.gemini\antigravity\brain\a1430475-85df-48ef-9c24-56a26de27150\.system_generated\steps\260\
	                   1	C:\Users\DannyGeminiAnti\.gemini\antigravity\brain\a1430475-85df-48ef-9c24-56a26de27150\.system_generated\steps\262\
	                   1	C:\Users\DannyGeminiAnti\.gemini\antigravity\brain\a1430475-85df-48ef-9c24-56a26de27150\.system_generated\steps\264\
	                   1	C:\Users\DannyGeminiAnti\.gemini\antigravity\brain\a1430475-85df-48ef-9c24-56a26de27150\.system_generated\steps\266\
	                   1	C:\Users\DannyGeminiAnti\.gemini\antigravity\brain\a1430475-85df-48ef-9c24-56a26de27150\.system_generated\steps\268\
	                   1	C:\Users\DannyGeminiAnti\.gemini\antigravity\brain\a1430475-85df-48ef-9c24-56a26de27150\.system_generated\steps\27\
	                   1	C:\Users\DannyGeminiAnti\.gemini\antigravity\brain\a1430475-85df-48ef-9c24-56a26de27150\.system_generated\steps\275\
	                   1	C:\Users\DannyGeminiAnti\.gemini\antigravity\brain\a1430475-85df-48ef-9c24-56a26de27150\.system_generated\steps\279\
	                   1	C:\Users\DannyGeminiAnti\.gemini\antigravity\brain\a1430475-85df-48ef-9c24-56a26de27150\.system_generated\steps\281\
	                   1	C:\Users\DannyGeminiAnti\.gemini\antigravity\brain\a1430475-85df-48ef-9c24-56a26de27150\.system_generated\steps\283\
	                   1	C:\Users\DannyGeminiAnti\.gemini\antigravity\brain\a1430475-85df-48ef-9c24-56a26de27150\.system_generated\steps\286\
	                   1	C:\Users\DannyGeminiAnti\.gemini\antigravity\brain\a1430475-85df-48ef-9c24-56a26de27150\.system_generated\steps\288\
	                   1	C:\Users\DannyGeminiAnti\.gemini\antigravity\brain\a1430475-85df-48ef-9c24-56a26de27150\.system_generated\steps\29\
	                   1	C:\Users\DannyGeminiAnti\.gemini\antigravity\brain\a1430475-85df-48ef-9c24-56a26de27150\.system_generated\steps\304\
	                   1	C:\Users\DannyGeminiAnti\.gemini\antigravity\brain\a1430475-85df-48ef-9c24-56a26de27150\.system_generated\steps\310\
	                   1	C:\Users\DannyGeminiAnti\.gemini\antigravity\brain\a1430475-85df-48ef-9c24-56a26de27150\.system_generated\steps\312\
	                   1	C:\Users\DannyGeminiAnti\.gemini\antigravity\brain\a1430475-85df-48ef-9c24-56a26de27150\.system_generated\steps\314\
	                   1	C:\Users\DannyGeminiAnti\.gemini\antigravity\brain\a1430475-85df-48ef-9c24-56a26de27150\.system_generated\steps\32\
	                   1	C:\Users\DannyGeminiAnti\.gemini\antigravity\brain\a1430475-85df-48ef-9c24-56a26de27150\.system_generated\steps\322\
	                   1	C:\Users\DannyGeminiAnti\.gemini\antigravity\brain\a1430475-85df-48ef-9c24-56a26de27150\.system_generated\steps\324\
	                   1	C:\Users\DannyGeminiAnti\.gemini\antigravity\brain\a1430475-85df-48ef-9c24-56a26de27150\.system_generated\steps\326\
	                   1	C:\Users\DannyGeminiAnti\.gemini\antigravity\brain\a1430475-85df-48ef-9c24-56a26de27150\.system_generated\steps\328\
	                   1	C:\Users\DannyGeminiAnti\.gemini\antigravity\brain\a1430475-85df-48ef-9c24-56a26de27150\.system_generated\steps\330\
	                   1	C:\Users\DannyGeminiAnti\.gemini\antigravity\brain\a1430475-85df-48ef-9c24-56a26de27150\.system_generated\steps\335\
	                   1	C:\Users\DannyGeminiAnti\.gemini\antigravity\brain\a1430475-85df-48ef-9c24-56a26de27150\.system_generated\steps\34\
	                   1	C:\Users\DannyGeminiAnti\.gemini\antigravity\brain\a1430475-85df-48ef-9c24-56a26de27150\.system_generated\steps\341\
	                   1	C:\Users\DannyGeminiAnti\.gemini\antigravity\brain\a1430475-85df-48ef-9c24-56a26de27150\.system_generated\steps\343\
	                   1	C:\Users\DannyGeminiAnti\.gemini\antigravity\brain\a1430475-85df-48ef-9c24-56a26de27150\.system_generated\steps\345\
	                   1	C:\Users\DannyGeminiAnti\.gemini\antigravity\brain\a1430475-85df-48ef-9c24-56a26de27150\.system_generated\steps\347\
	                   1	C:\Users\DannyGeminiAnti\.gemini\antigravity\brain\a1430475-85df-48ef-9c24-56a26de27150\.system_generated\steps\351\
	                   1	C:\Users\DannyGeminiAnti\.gemini\antigravity\brain\a1430475-85df-48ef-9c24-56a26de27150\.system_generated\steps\36\
	                   1	C:\Users\DannyGeminiAnti\.gemini\antigravity\brain\a1430475-85df-48ef-9c24-56a26de27150\.system_generated\steps\38\
	                   1	C:\Users\DannyGeminiAnti\.gemini\antigravity\brain\a1430475-85df-48ef-9c24-56a26de27150\.system_generated\steps\381\
	                   1	C:\Users\DannyGeminiAnti\.gemini\antigravity\brain\a1430475-85df-48ef-9c24-56a26de27150\.system_generated\steps\385\
	                   1	C:\Users\DannyGeminiAnti\.gemini\antigravity\brain\a1430475-85df-48ef-9c24-56a26de27150\.system_generated\steps\387\
	                   1	C:\Users\DannyGeminiAnti\.gemini\antigravity\brain\a1430475-85df-48ef-9c24-56a26de27150\.system_generated\steps\389\
	                   1	C:\Users\DannyGeminiAnti\.gemini\antigravity\brain\a1430475-85df-48ef-9c24-56a26de27150\.system_generated\steps\393\
	                   1	C:\Users\DannyGeminiAnti\.gemini\antigravity\brain\a1430475-85df-48ef-9c24-56a26de27150\.system_generated\steps\395\
	                   1	C:\Users\DannyGeminiAnti\.gemini\antigravity\brain\a1430475-85df-48ef-9c24-56a26de27150\.system_generated\steps\397\
	                   1	C:\Users\DannyGeminiAnti\.gemini\antigravity\brain\a1430475-85df-48ef-9c24-56a26de27150\.system_generated\steps\399\
	                   1	C:\Users\DannyGeminiAnti\.gemini\antigravity\brain\a1430475-85df-48ef-9c24-56a26de27150\.system_generated\steps\4\
	                   1	C:\Users\DannyGeminiAnti\.gemini\antigravity\brain\a1430475-85df-48ef-9c24-56a26de27150\.system_generated\steps\40\
	                   1	C:\Users\DannyGeminiAnti\.gemini\antigravity\brain\a1430475-85df-48ef-9c24-56a26de27150\.system_generated\steps\401\
	                   1	C:\Users\DannyGeminiAnti\.gemini\antigravity\brain\a1430475-85df-48ef-9c24-56a26de27150\.system_generated\steps\403\
	                   1	C:\Users\DannyGeminiAnti\.gemini\antigravity\brain\a1430475-85df-48ef-9c24-56a26de27150\.system_generated\steps\413\
	                   1	C:\Users\DannyGeminiAnti\.gemini\antigravity\brain\a1430475-85df-48ef-9c24-56a26de27150\.system_generated\steps\42\
	                   1	C:\Users\DannyGeminiAnti\.gemini\antigravity\brain\a1430475-85df-48ef-9c24-56a26de27150\.system_generated\steps\423\
	                   1	C:\Users\DannyGeminiAnti\.gemini\antigravity\brain\a1430475-85df-48ef-9c24-56a26de27150\.system_generated\steps\425\
	                   1	C:\Users\DannyGeminiAnti\.gemini\antigravity\brain\a1430475-85df-48ef-9c24-56a26de27150\.system_generated\steps\427\
	                   1	C:\Users\DannyGeminiAnti\.gemini\antigravity\brain\a1430475-85df-48ef-9c24-56a26de27150\.system_generated\steps\429\
	                   1	C:\Users\DannyGeminiAnti\.gemini\antigravity\brain\a1430475-85df-48ef-9c24-56a26de27150\.system_generated\steps\431\
	                   1	C:\Users\DannyGeminiAnti\.gemini\antigravity\brain\a1430475-85df-48ef-9c24-56a26de27150\.system_generated\steps\433\
	                   1	C:\Users\DannyGeminiAnti\.gemini\antigravity\brain\a1430475-85df-48ef-9c24-56a26de27150\.system_generated\steps\435\
	                   1	C:\Users\DannyGeminiAnti\.gemini\antigravity\brain\a1430475-85df-48ef-9c24-56a26de27150\.system_generated\steps\437\
	                   1	C:\Users\DannyGeminiAnti\.gemini\antigravity\brain\a1430475-85df-48ef-9c24-56a26de27150\.system_generated\steps\439\
	                   1	C:\Users\DannyGeminiAnti\.gemini\antigravity\brain\a1430475-85df-48ef-9c24-56a26de27150\.system_generated\steps\44\
	                   1	C:\Users\DannyGeminiAnti\.gemini\antigravity\brain\a1430475-85df-48ef-9c24-56a26de27150\.system_generated\steps\441\
	                   1	C:\Users\DannyGeminiAnti\.gemini\antigravity\brain\a1430475-85df-48ef-9c24-56a26de27150\.system_generated\steps\443\
	                   1	C:\Users\DannyGeminiAnti\.gemini\antigravity\brain\a1430475-85df-48ef-9c24-56a26de27150\.system_generated\steps\445\
	                   1	C:\Users\DannyGeminiAnti\.gemini\antigravity\brain\a1430475-85df-48ef-9c24-56a26de27150\.system_generated\steps\447\
	                   1	C:\Users\DannyGeminiAnti\.gemini\antigravity\brain\a1430475-85df-48ef-9c24-56a26de27150\.system_generated\steps\449\
	                   1	C:\Users\DannyGeminiAnti\.gemini\antigravity\brain\a1430475-85df-48ef-9c24-56a26de27150\.system_generated\steps\451\
	                   1	C:\Users\DannyGeminiAnti\.gemini\antigravity\brain\a1430475-85df-48ef-9c24-56a26de27150\.system_generated\steps\454\
	                   1	C:\Users\DannyGeminiAnti\.gemini\antigravity\brain\a1430475-85df-48ef-9c24-56a26de27150\.system_generated\steps\457\
	                   1	C:\Users\DannyGeminiAnti\.gemini\antigravity\brain\a1430475-85df-48ef-9c24-56a26de27150\.system_generated\steps\46\
	                   1	C:\Users\DannyGeminiAnti\.gemini\antigravity\brain\a1430475-85df-48ef-9c24-56a26de27150\.system_generated\steps\460\
	                   1	C:\Users\DannyGeminiAnti\.gemini\antigravity\brain\a1430475-85df-48ef-9c24-56a26de27150\.system_generated\steps\464\
	                   1	C:\Users\DannyGeminiAnti\.gemini\antigravity\brain\a1430475-85df-48ef-9c24-56a26de27150\.system_generated\steps\466\
	                   1	C:\Users\DannyGeminiAnti\.gemini\antigravity\brain\a1430475-85df-48ef-9c24-56a26de27150\.system_generated\steps\468\
	                   1	C:\Users\DannyGeminiAnti\.gemini\antigravity\brain\a1430475-85df-48ef-9c24-56a26de27150\.system_generated\steps\470\
	                   1	C:\Users\DannyGeminiAnti\.gemini\antigravity\brain\a1430475-85df-48ef-9c24-56a26de27150\.system_generated\steps\472\
	                   1	C:\Users\DannyGeminiAnti\.gemini\antigravity\brain\a1430475-85df-48ef-9c24-56a26de27150\.system_generated\steps\474\
	                   1	C:\Users\DannyGeminiAnti\.gemini\antigravity\brain\a1430475-85df-48ef-9c24-56a26de27150\.system_generated\steps\476\
	                   1	C:\Users\DannyGeminiAnti\.gemini\antigravity\brain\a1430475-85df-48ef-9c24-56a26de27150\.system_generated\steps\48\
	                   1	C:\Users\DannyGeminiAnti\.gemini\antigravity\brain\a1430475-85df-48ef-9c24-56a26de27150\.system_generated\steps\485\
	                   1	C:\Users\DannyGeminiAnti\.gemini\antigravity\brain\a1430475-85df-48ef-9c24-56a26de27150\.system_generated\steps\487\
	                   1	C:\Users\DannyGeminiAnti\.gemini\antigravity\brain\a1430475-85df-48ef-9c24-56a26de27150\.system_generated\steps\489\
	                   1	C:\Users\DannyGeminiAnti\.gemini\antigravity\brain\a1430475-85df-48ef-9c24-56a26de27150\.system_generated\steps\496\
	                   1	C:\Users\DannyGeminiAnti\.gemini\antigravity\brain\a1430475-85df-48ef-9c24-56a26de27150\.system_generated\steps\50\
	                   1	C:\Users\DannyGeminiAnti\.gemini\antigravity\brain\a1430475-85df-48ef-9c24-56a26de27150\.system_generated\steps\505\
	                   2	C:\Users\DannyGeminiAnti\.gemini\antigravity\brain\a1430475-85df-48ef-9c24-56a26de27150\.system_generated\steps\519\
	                   1	C:\Users\DannyGeminiAnti\.gemini\antigravity\brain\a1430475-85df-48ef-9c24-56a26de27150\.system_generated\steps\52\
	                   1	C:\Users\DannyGeminiAnti\.gemini\antigravity\brain\a1430475-85df-48ef-9c24-56a26de27150\.system_generated\steps\527\
	                   1	C:\Users\DannyGeminiAnti\.gemini\antigravity\brain\a1430475-85df-48ef-9c24-56a26de27150\.system_generated\steps\54\
	                   1	C:\Users\DannyGeminiAnti\.gemini\antigravity\brain\a1430475-85df-48ef-9c24-56a26de27150\.system_generated\steps\546\
	                   1	C:\Users\DannyGeminiAnti\.gemini\antigravity\brain\a1430475-85df-48ef-9c24-56a26de27150\.system_generated\steps\548\
	                   1	C:\Users\DannyGeminiAnti\.gemini\antigravity\brain\a1430475-85df-48ef-9c24-56a26de27150\.system_generated\steps\550\
	                   1	C:\Users\DannyGeminiAnti\.gemini\antigravity\brain\a1430475-85df-48ef-9c24-56a26de27150\.system_generated\steps\552\
	                   1	C:\Users\DannyGeminiAnti\.gemini\antigravity\brain\a1430475-85df-48ef-9c24-56a26de27150\.system_generated\steps\554\
	                   1	C:\Users\DannyGeminiAnti\.gemini\antigravity\brain\a1430475-85df-48ef-9c24-56a26de27150\.system_generated\steps\556\
	                   1	C:\Users\DannyGeminiAnti\.gemini\antigravity\brain\a1430475-85df-48ef-9c24-56a26de27150\.system_generated\steps\558\
	                   1	C:\Users\DannyGeminiAnti\.gemini\antigravity\brain\a1430475-85df-48ef-9c24-56a26de27150\.system_generated\steps\56\
	                   1	C:\Users\DannyGeminiAnti\.gemini\antigravity\brain\a1430475-85df-48ef-9c24-56a26de27150\.system_generated\steps\560\
	                   1	C:\Users\DannyGeminiAnti\.gemini\antigravity\brain\a1430475-85df-48ef-9c24-56a26de27150\.system_generated\steps\562\
	                   1	C:\Users\DannyGeminiAnti\.gemini\antigravity\brain\a1430475-85df-48ef-9c24-56a26de27150\.system_generated\steps\564\
	                   1	C:\Users\DannyGeminiAnti\.gemini\antigravity\brain\a1430475-85df-48ef-9c24-56a26de27150\.system_generated\steps\566\
	                   1	C:\Users\DannyGeminiAnti\.gemini\antigravity\brain\a1430475-85df-48ef-9c24-56a26de27150\.system_generated\steps\574\
	                   1	C:\Users\DannyGeminiAnti\.gemini\antigravity\brain\a1430475-85df-48ef-9c24-56a26de27150\.system_generated\steps\576\
	                   1	C:\Users\DannyGeminiAnti\.gemini\antigravity\brain\a1430475-85df-48ef-9c24-56a26de27150\.system_generated\steps\58\
	                   1	C:\Users\DannyGeminiAnti\.gemini\antigravity\brain\a1430475-85df-48ef-9c24-56a26de27150\.system_generated\steps\580\
	                   1	C:\Users\DannyGeminiAnti\.gemini\antigravity\brain\a1430475-85df-48ef-9c24-56a26de27150\.system_generated\steps\582\
	                   1	C:\Users\DannyGeminiAnti\.gemini\antigravity\brain\a1430475-85df-48ef-9c24-56a26de27150\.system_generated\steps\587\
	                   1	C:\Users\DannyGeminiAnti\.gemini\antigravity\brain\a1430475-85df-48ef-9c24-56a26de27150\.system_generated\steps\6\
	                   1	C:\Users\DannyGeminiAnti\.gemini\antigravity\brain\a1430475-85df-48ef-9c24-56a26de27150\.system_generated\steps\61\
	                   1	C:\Users\DannyGeminiAnti\.gemini\antigravity\brain\a1430475-85df-48ef-9c24-56a26de27150\.system_generated\steps\63\
	                   1	C:\Users\DannyGeminiAnti\.gemini\antigravity\brain\a1430475-85df-48ef-9c24-56a26de27150\.system_generated\steps\65\
	                   1	C:\Users\DannyGeminiAnti\.gemini\antigravity\brain\a1430475-85df-48ef-9c24-56a26de27150\.system_generated\steps\68\
	                   1	C:\Users\DannyGeminiAnti\.gemini\antigravity\brain\a1430475-85df-48ef-9c24-56a26de27150\.system_generated\steps\70\
	                   1	C:\Users\DannyGeminiAnti\.gemini\antigravity\brain\a1430475-85df-48ef-9c24-56a26de27150\.system_generated\steps\72\
	                   1	C:\Users\DannyGeminiAnti\.gemini\antigravity\brain\a1430475-85df-48ef-9c24-56a26de27150\.system_generated\steps\74\
	                   1	C:\Users\DannyGeminiAnti\.gemini\antigravity\brain\a1430475-85df-48ef-9c24-56a26de27150\.system_generated\steps\76\
	                   1	C:\Users\DannyGeminiAnti\.gemini\antigravity\brain\a1430475-85df-48ef-9c24-56a26de27150\.system_generated\steps\78\
	                   1	C:\Users\DannyGeminiAnti\.gemini\antigravity\brain\a1430475-85df-48ef-9c24-56a26de27150\.system_generated\steps\8\
	                   1	C:\Users\DannyGeminiAnti\.gemini\antigravity\brain\a1430475-85df-48ef-9c24-56a26de27150\.system_generated\steps\80\
	                   1	C:\Users\DannyGeminiAnti\.gemini\antigravity\brain\a1430475-85df-48ef-9c24-56a26de27150\.system_generated\steps\82\
	                   1	C:\Users\DannyGeminiAnti\.gemini\antigravity\brain\a1430475-85df-48ef-9c24-56a26de27150\.system_generated\steps\84\
	                   1	C:\Users\DannyGeminiAnti\.gemini\antigravity\brain\a1430475-85df-48ef-9c24-56a26de27150\.system_generated\steps\86\
	                   1	C:\Users\DannyGeminiAnti\.gemini\antigravity\brain\a1430475-85df-48ef-9c24-56a26de27150\.system_generated\steps\88\
	                   1	C:\Users\DannyGeminiAnti\.gemini\antigravity\brain\a1430475-85df-48ef-9c24-56a26de27150\.system_generated\steps\90\
	                   1	C:\Users\DannyGeminiAnti\.gemini\antigravity\brain\a1430475-85df-48ef-9c24-56a26de27150\.system_generated\steps\92\
	                   1	C:\Users\DannyGeminiAnti\.gemini\antigravity\brain\a1430475-85df-48ef-9c24-56a26de27150\.system_generated\steps\94\
	                   1	C:\Users\DannyGeminiAnti\.gemini\antigravity\brain\a1430475-85df-48ef-9c24-56a26de27150\.system_generated\steps\97\
	                   1	C:\Users\DannyGeminiAnti\.gemini\antigravity\brain\a1430475-85df-48ef-9c24-56a26de27150\.system_generated\steps\99\
	                   0	C:\Users\DannyGeminiAnti\.gemini\antigravity\brain\a1430475-85df-48ef-9c24-56a26de27150\.user_uploaded\
	                   6	C:\Users\DannyGeminiAnti\.gemini\antigravity\brain\a9e1a503-bcef-4103-9c94-ab351d543298\
	                   0	C:\Users\DannyGeminiAnti\.gemini\antigravity\brain\a9e1a503-bcef-4103-9c94-ab351d543298\.system_generated\
	                   2	C:\Users\DannyGeminiAnti\.gemini\antigravity\brain\a9e1a503-bcef-4103-9c94-ab351d543298\.system_generated\logs\
	                   0	C:\Users\DannyGeminiAnti\.gemini\antigravity\brain\a9e1a503-bcef-4103-9c94-ab351d543298\.system_generated\logs\chunks\
	                  43	C:\Users\DannyGeminiAnti\.gemini\antigravity\brain\a9e1a503-bcef-4103-9c94-ab351d543298\.system_generated\logs\chunks\transcript\
	                  55	C:\Users\DannyGeminiAnti\.gemini\antigravity\brain\a9e1a503-bcef-4103-9c94-ab351d543298\.system_generated\logs\chunks\transcript_full\
	                 142	C:\Users\DannyGeminiAnti\.gemini\antigravity\brain\a9e1a503-bcef-4103-9c94-ab351d543298\.system_generated\messages\
	                   0	C:\Users\DannyGeminiAnti\.gemini\antigravity\brain\a9e1a503-bcef-4103-9c94-ab351d543298\.system_generated\messages\undelivered\
	                   0	C:\Users\DannyGeminiAnti\.gemini\antigravity\brain\a9e1a503-bcef-4103-9c94-ab351d543298\.system_generated\steps\
	                   1	C:\Users\DannyGeminiAnti\.gemini\antigravity\brain\a9e1a503-bcef-4103-9c94-ab351d543298\.system_generated\steps\100\
	                   1	C:\Users\DannyGeminiAnti\.gemini\antigravity\brain\a9e1a503-bcef-4103-9c94-ab351d543298\.system_generated\steps\1000\
	                   1	C:\Users\DannyGeminiAnti\.gemini\antigravity\brain\a9e1a503-bcef-4103-9c94-ab351d543298\.system_generated\steps\1002\
	                   1	C:\Users\DannyGeminiAnti\.gemini\antigravity\brain\a9e1a503-bcef-4103-9c94-ab351d543298\.system_generated\steps\1004\
	                   1	C:\Users\DannyGeminiAnti\.gemini\antigravity\brain\a9e1a503-bcef-4103-9c94-ab351d543298\.system_generated\steps\1006\
	                   1	C:\Users\DannyGeminiAnti\.gemini\antigravity\brain\a9e1a503-bcef-4103-9c94-ab351d543298\.system_generated\steps\1008\
	                   1	C:\Users\DannyGeminiAnti\.gemini\antigravity\brain\a9e1a503-bcef-4103-9c94-ab351d543298\.system_generated\steps\1010\
	                   1	C:\Users\DannyGeminiAnti\.gemini\antigravity\brain\a9e1a503-bcef-4103-9c94-ab351d543298\.system_generated\steps\1012\
	                   1	C:\Users\DannyGeminiAnti\.gemini\antigravity\brain\a9e1a503-bcef-4103-9c94-ab351d543298\.system_generated\steps\1014\
	                   1	C:\Users\DannyGeminiAnti\.gemini\antigravity\brain\a9e1a503-bcef-4103-9c94-ab351d543298\.system_generated\steps\1016\
	                   1	C:\Users\DannyGeminiAnti\.gemini\antigravity\brain\a9e1a503-bcef-4103-9c94-ab351d543298\.system_generated\steps\1018\
	                   1	C:\Users\DannyGeminiAnti\.gemini\antigravity\brain\a9e1a503-bcef-4103-9c94-ab351d543298\.system_generated\steps\102\
	                   1	C:\Users\DannyGeminiAnti\.gemini\antigravity\brain\a9e1a503-bcef-4103-9c94-ab351d543298\.system_generated\steps\1020\
	                   1	C:\Users\DannyGeminiAnti\.gemini\antigravity\brain\a9e1a503-bcef-4103-9c94-ab351d543298\.system_generated\steps\1022\
	                   1	C:\Users\DannyGeminiAnti\.gemini\antigravity\brain\a9e1a503-bcef-4103-9c94-ab351d543298\.system_generated\steps\1024\
	                   1	C:\Users\DannyGeminiAnti\.gemini\antigravity\brain\a9e1a503-bcef-4103-9c94-ab351d543298\.system_generated\steps\1026\
	                   1	C:\Users\DannyGeminiAnti\.gemini\antigravity\brain\a9e1a503-bcef-4103-9c94-ab351d543298\.system_generated\steps\1028\
	                   1	C:\Users\DannyGeminiAnti\.gemini\antigravity\brain\a9e1a503-bcef-4103-9c94-ab351d543298\.system_generated\steps\1030\
	                   1	C:\Users\DannyGeminiAnti\.gemini\antigravity\brain\a9e1a503-bcef-4103-9c94-ab351d543298\.system_generated\steps\1035\
	                   1	C:\Users\DannyGeminiAnti\.gemini\antigravity\brain\a9e1a503-bcef-4103-9c94-ab351d543298\.system_generated\steps\1037\
	                   1	C:\Users\DannyGeminiAnti\.gemini\antigravity\brain\a9e1a503-bcef-4103-9c94-ab351d543298\.system_generated\steps\1039\
	                   1	C:\Users\DannyGeminiAnti\.gemini\antigravity\brain\a9e1a503-bcef-4103-9c94-ab351d543298\.system_generated\steps\104\
	                   1	C:\Users\DannyGeminiAnti\.gemini\antigravity\brain\a9e1a503-bcef-4103-9c94-ab351d543298\.system_generated\steps\1041\
	                   1	C:\Users\DannyGeminiAnti\.gemini\antigravity\brain\a9e1a503-bcef-4103-9c94-ab351d543298\.system_generated\steps\1043\
	                   1	C:\Users\DannyGeminiAnti\.gemini\antigravity\brain\a9e1a503-bcef-4103-9c94-ab351d543298\.system_generated\steps\1045\
	                   1	C:\Users\DannyGeminiAnti\.gemini\antigravity\brain\a9e1a503-bcef-4103-9c94-ab351d543298\.system_generated\steps\1047\
	                   1	C:\Users\DannyGeminiAnti\.gemini\antigravity\brain\a9e1a503-bcef-4103-9c94-ab351d543298\.system_generated\steps\1049\
	                   1	C:\Users\DannyGeminiAnti\.gemini\antigravity\brain\a9e1a503-bcef-4103-9c94-ab351d543298\.system_generated\steps\1051\
	                   1	C:\Users\DannyGeminiAnti\.gemini\antigravity\brain\a9e1a503-bcef-4103-9c94-ab351d543298\.system_generated\steps\1053\
	                   1	C:\Users\DannyGeminiAnti\.gemini\antigravity\brain\a9e1a503-bcef-4103-9c94-ab351d543298\.system_generated\steps\1055\
	                   1	C:\Users\DannyGeminiAnti\.gemini\antigravity\brain\a9e1a503-bcef-4103-9c94-ab351d543298\.system_generated\steps\1057\
	                   1	C:\Users\DannyGeminiAnti\.gemini\antigravity\brain\a9e1a503-bcef-4103-9c94-ab351d543298\.system_generated\steps\1059\
	                   1	C:\Users\DannyGeminiAnti\.gemini\antigravity\brain\a9e1a503-bcef-4103-9c94-ab351d543298\.system_generated\steps\1061\
	                   1	C:\Users\DannyGeminiAnti\.gemini\antigravity\brain\a9e1a503-bcef-4103-9c94-ab351d543298\.system_generated\steps\1063\
	                   1	C:\Users\DannyGeminiAnti\.gemini\antigravity\brain\a9e1a503-bcef-4103-9c94-ab351d543298\.system_generated\steps\1065\
	                   1	C:\Users\DannyGeminiAnti\.gemini\antigravity\brain\a9e1a503-bcef-4103-9c94-ab351d543298\.system_generated\steps\1067\
	                   1	C:\Users\DannyGeminiAnti\.gemini\antigravity\brain\a9e1a503-bcef-4103-9c94-ab351d543298\.system_generated\steps\1069\
	                   1	C:\Users\DannyGeminiAnti\.gemini\antigravity\brain\a9e1a503-bcef-4103-9c94-ab351d543298\.system_generated\steps\1071\
	                   1	C:\Users\DannyGeminiAnti\.gemini\antigravity\brain\a9e1a503-bcef-4103-9c94-ab351d543298\.system_generated\steps\1073\
	                   1	C:\Users\DannyGeminiAnti\.gemini\antigravity\brain\a9e1a503-bcef-4103-9c94-ab351d543298\.system_generated\steps\1075\
	                   1	C:\Users\DannyGeminiAnti\.gemini\antigravity\brain\a9e1a503-bcef-4103-9c94-ab351d543298\.system_generated\steps\1077\
	                   1	C:\Users\DannyGeminiAnti\.gemini\antigravity\brain\a9e1a503-bcef-4103-9c94-ab351d543298\.system_generated\steps\1080\
	                   1	C:\Users\DannyGeminiAnti\.gemini\antigravity\brain\a9e1a503-bcef-4103-9c94-ab351d543298\.system_generated\steps\1082\
	                   1	C:\Users\DannyGeminiAnti\.gemini\antigravity\brain\a9e1a503-bcef-4103-9c94-ab351d543298\.system_generated\steps\1084\
	                   1	C:\Users\DannyGeminiAnti\.gemini\antigravity\brain\a9e1a503-bcef-4103-9c94-ab351d543298\.system_generated\steps\1086\
	                   1	C:\Users\DannyGeminiAnti\.gemini\antigravity\brain\a9e1a503-bcef-4103-9c94-ab351d543298\.system_generated\steps\1088\
	                   1	C:\Users\DannyGeminiAnti\.gemini\antigravity\brain\a9e1a503-bcef-4103-9c94-ab351d543298\.system_generated\steps\1093\
	                   1	C:\Users\DannyGeminiAnti\.gemini\antigravity\brain\a9e1a503-bcef-4103-9c94-ab351d543298\.system_generated\steps\1095\
	                   1	C:\Users\DannyGeminiAnti\.gemini\antigravity\brain\a9e1a503-bcef-4103-9c94-ab351d543298\.system_generated\steps\1098\
	                   1	C:\Users\DannyGeminiAnti\.gemini\antigravity\brain\a9e1a503-bcef-4103-9c94-ab351d543298\.system_generated\steps\110\
	                   1	C:\Users\DannyGeminiAnti\.gemini\antigravity\brain\a9e1a503-bcef-4103-9c94-ab351d543298\.system_generated\steps\1100\
	                   1	C:\Users\DannyGeminiAnti\.gemini\antigravity\brain\a9e1a503-bcef-4103-9c94-ab351d543298\.system_generated\steps\1102\
	                   1	C:\Users\DannyGeminiAnti\.gemini\antigravity\brain\a9e1a503-bcef-4103-9c94-ab351d543298\.system_generated\steps\1104\
	                   1	C:\Users\DannyGeminiAnti\.gemini\antigravity\brain\a9e1a503-bcef-4103-9c94-ab351d543298\.system_generated\steps\1106\
	                   1	C:\Users\DannyGeminiAnti\.gemini\antigravity\brain\a9e1a503-bcef-4103-9c94-ab351d543298\.system_generated\steps\1110\
	                   1	C:\Users\DannyGeminiAnti\.gemini\antigravity\brain\a9e1a503-bcef-4103-9c94-ab351d543298\.system_generated\steps\1112\
	                   1	C:\Users\DannyGeminiAnti\.gemini\antigravity\brain\a9e1a503-bcef-4103-9c94-ab351d543298\.system_generated\steps\1114\
	                   1	C:\Users\DannyGeminiAnti\.gemini\antigravity\brain\a9e1a503-bcef-4103-9c94-ab351d543298\.system_generated\steps\1116\
	                   1	C:\Users\DannyGeminiAnti\.gemini\antigravity\brain\a9e1a503-bcef-4103-9c94-ab351d543298\.system_generated\steps\1118\
	                   1	C:\Users\DannyGeminiAnti\.gemini\antigravity\brain\a9e1a503-bcef-4103-9c94-ab351d543298\.system_generated\steps\112\
	                   1	C:\Users\DannyGeminiAnti\.gemini\antigravity\brain\a9e1a503-bcef-4103-9c94-ab351d543298\.system_generated\steps\1120\
	                   1	C:\Users\DannyGeminiAnti\.gemini\antigravity\brain\a9e1a503-bcef-4103-9c94-ab351d543298\.system_generated\steps\1122\
	                   1	C:\Users\DannyGeminiAnti\.gemini\antigravity\brain\a9e1a503-bcef-4103-9c94-ab351d543298\.system_generated\steps\1124\
	                   1	C:\Users\DannyGeminiAnti\.gemini\antigravity\brain\a9e1a503-bcef-4103-9c94-ab351d543298\.system_generated\steps\1126\
	                   1	C:\Users\DannyGeminiAnti\.gemini\antigravity\brain\a9e1a503-bcef-4103-9c94-ab351d543298\.system_generated\steps\1128\
	                   1	C:\Users\DannyGeminiAnti\.gemini\antigravity\brain\a9e1a503-bcef-4103-9c94-ab351d543298\.system_generated\steps\1130\
	                   1	C:\Users\DannyGeminiAnti\.gemini\antigravity\brain\a9e1a503-bcef-4103-9c94-ab351d543298\.system_generated\steps\1132\
	                   1	C:\Users\DannyGeminiAnti\.gemini\antigravity\brain\a9e1a503-bcef-4103-9c94-ab351d543298\.system_generated\steps\1134\
	                   1	C:\Users\DannyGeminiAnti\.gemini\antigravity\brain\a9e1a503-bcef-4103-9c94-ab351d543298\.system_generated\steps\1136\
	                   1	C:\Users\DannyGeminiAnti\.gemini\antigravity\brain\a9e1a503-bcef-4103-9c94-ab351d543298\.system_generated\steps\1139\
	                   1	C:\Users\DannyGeminiAnti\.gemini\antigravity\brain\a9e1a503-bcef-4103-9c94-ab351d543298\.system_generated\steps\114\
	                   1	C:\Users\DannyGeminiAnti\.gemini\antigravity\brain\a9e1a503-bcef-4103-9c94-ab351d543298\.system_generated\steps\1141\
	                   1	C:\Users\DannyGeminiAnti\.gemini\antigravity\brain\a9e1a503-bcef-4103-9c94-ab351d543298\.system_generated\steps\1143\
	                   1	C:\Users\DannyGeminiAnti\.gemini\antigravity\brain\a9e1a503-bcef-4103-9c94-ab351d543298\.system_generated\steps\1145\
	                   1	C:\Users\DannyGeminiAnti\.gemini\antigravity\brain\a9e1a503-bcef-4103-9c94-ab351d543298\.system_generated\steps\1147\
	                   1	C:\Users\DannyGeminiAnti\.gemini\antigravity\brain\a9e1a503-bcef-4103-9c94-ab351d543298\.system_generated\steps\1149\
	                   1	C:\Users\DannyGeminiAnti\.gemini\antigravity\brain\a9e1a503-bcef-4103-9c94-ab351d543298\.system_generated\steps\1154\
	                   1	C:\Users\DannyGeminiAnti\.gemini\antigravity\brain\a9e1a503-bcef-4103-9c94-ab351d543298\.system_generated\steps\1156\
	                   1	C:\Users\DannyGeminiAnti\.gemini\antigravity\brain\a9e1a503-bcef-4103-9c94-ab351d543298\.system_generated\steps\1158\
	                   1	C:\Users\DannyGeminiAnti\.gemini\antigravity\brain\a9e1a503-bcef-4103-9c94-ab351d543298\.system_generated\steps\116\
	                   1	C:\Users\DannyGeminiAnti\.gemini\antigravity\brain\a9e1a503-bcef-4103-9c94-ab351d543298\.system_generated\steps\1160\
	                   1	C:\Users\DannyGeminiAnti\.gemini\antigravity\brain\a9e1a503-bcef-4103-9c94-ab351d543298\.system_generated\steps\1162\
	                   1	C:\Users\DannyGeminiAnti\.gemini\antigravity\brain\a9e1a503-bcef-4103-9c94-ab351d543298\.system_generated\steps\1164\
	                   1	C:\Users\DannyGeminiAnti\.gemini\antigravity\brain\a9e1a503-bcef-4103-9c94-ab351d543298\.system_generated\steps\1166\
	                   1	C:\Users\DannyGeminiAnti\.gemini\antigravity\brain\a9e1a503-bcef-4103-9c94-ab351d543298\.system_generated\steps\1168\
	                   1	C:\Users\DannyGeminiAnti\.gemini\antigravity\brain\a9e1a503-bcef-4103-9c94-ab351d543298\.system_generated\steps\1170\
	                   1	C:\Users\DannyGeminiAnti\.gemini\antigravity\brain\a9e1a503-bcef-4103-9c94-ab351d543298\.system_generated\steps\1172\
	                   1	C:\Users\DannyGeminiAnti\.gemini\antigravity\brain\a9e1a503-bcef-4103-9c94-ab351d543298\.system_generated\steps\1174\
	                   1	C:\Users\DannyGeminiAnti\.gemini\antigravity\brain\a9e1a503-bcef-4103-9c94-ab351d543298\.system_generated\steps\1176\
	                   1	C:\Users\DannyGeminiAnti\.gemini\antigravity\brain\a9e1a503-bcef-4103-9c94-ab351d543298\.system_generated\steps\1178\
	                   1	C:\Users\DannyGeminiAnti\.gemini\antigravity\brain\a9e1a503-bcef-4103-9c94-ab351d543298\.system_generated\steps\1180\
	                   1	C:\Users\DannyGeminiAnti\.gemini\antigravity\brain\a9e1a503-bcef-4103-9c94-ab351d543298\.system_generated\steps\1182\
	                   1	C:\Users\DannyGeminiAnti\.gemini\antigravity\brain\a9e1a503-bcef-4103-9c94-ab351d543298\.system_generated\steps\1184\
	                   1	C:\Users\DannyGeminiAnti\.gemini\antigravity\brain\a9e1a503-bcef-4103-9c94-ab351d543298\.system_generated\steps\1186\
	                   1	C:\Users\DannyGeminiAnti\.gemini\antigravity\brain\a9e1a503-bcef-4103-9c94-ab351d543298\.system_generated\steps\1188\
	                   1	C:\Users\DannyGeminiAnti\.gemini\antigravity\brain\a9e1a503-bcef-4103-9c94-ab351d543298\.system_generated\steps\1190\
	                   1	C:\Users\DannyGeminiAnti\.gemini\antigravity\brain\a9e1a503-bcef-4103-9c94-ab351d543298\.system_generated\steps\1192\
	                   1	C:\Users\DannyGeminiAnti\.gemini\antigravity\brain\a9e1a503-bcef-4103-9c94-ab351d543298\.system_generated\steps\1194\
	                   1	C:\Users\DannyGeminiAnti\.gemini\antigravity\brain\a9e1a503-bcef-4103-9c94-ab351d543298\.system_generated\steps\1196\
	                   1	C:\Users\DannyGeminiAnti\.gemini\antigravity\brain\a9e1a503-bcef-4103-9c94-ab351d543298\.system_generated\steps\1198\
	                   1	C:\Users\DannyGeminiAnti\.gemini\antigravity\brain\a9e1a503-bcef-4103-9c94-ab351d543298\.system_generated\steps\120\
	                   1	C:\Users\DannyGeminiAnti\.gemini\antigravity\brain\a9e1a503-bcef-4103-9c94-ab351d543298\.system_generated\steps\1200\
	                   1	C:\Users\DannyGeminiAnti\.gemini\antigravity\brain\a9e1a503-bcef-4103-9c94-ab351d543298\.system_generated\steps\1202\
	                   1	C:\Users\DannyGeminiAnti\.gemini\antigravity\brain\a9e1a503-bcef-4103-9c94-ab351d543298\.system_generated\steps\1204\
	                   1	C:\Users\DannyGeminiAnti\.gemini\antigravity\brain\a9e1a503-bcef-4103-9c94-ab351d543298\.system_generated\steps\1206\
	                   1	C:\Users\DannyGeminiAnti\.gemini\antigravity\brain\a9e1a503-bcef-4103-9c94-ab351d543298\.system_generated\steps\1208\
	                   1	C:\Users\DannyGeminiAnti\.gemini\antigravity\brain\a9e1a503-bcef-4103-9c94-ab351d543298\.system_generated\steps\1210\
	                   1	C:\Users\DannyGeminiAnti\.gemini\antigravity\brain\a9e1a503-bcef-4103-9c94-ab351d543298\.system_generated\steps\1212\
	                   1	C:\Users\DannyGeminiAnti\.gemini\antigravity\brain\a9e1a503-bcef-4103-9c94-ab351d543298\.system_generated\steps\1214\
	                   1	C:\Users\DannyGeminiAnti\.gemini\antigravity\brain\a9e1a503-bcef-4103-9c94-ab351d543298\.system_generated\steps\1216\
	                   1	C:\Users\DannyGeminiAnti\.gemini\antigravity\brain\a9e1a503-bcef-4103-9c94-ab351d543298\.system_generated\steps\122\
	                   1	C:\Users\DannyGeminiAnti\.gemini\antigravity\brain\a9e1a503-bcef-4103-9c94-ab351d543298\.system_generated\steps\1221\
	                   1	C:\Users\DannyGeminiAnti\.gemini\antigravity\brain\a9e1a503-bcef-4103-9c94-ab351d543298\.system_generated\steps\1224\
	                   1	C:\Users\DannyGeminiAnti\.gemini\antigravity\brain\a9e1a503-bcef-4103-9c94-ab351d543298\.system_generated\steps\1226\
	                   1	C:\Users\DannyGeminiAnti\.gemini\antigravity\brain\a9e1a503-bcef-4103-9c94-ab351d543298\.system_generated\steps\1228\
	                   1	C:\Users\DannyGeminiAnti\.gemini\antigravity\brain\a9e1a503-bcef-4103-9c94-ab351d543298\.system_generated\steps\1230\
	                   1	C:\Users\DannyGeminiAnti\.gemini\antigravity\brain\a9e1a503-bcef-4103-9c94-ab351d543298\.system_generated\steps\1232\
	                   1	C:\Users\DannyGeminiAnti\.gemini\antigravity\brain\a9e1a503-bcef-4103-9c94-ab351d543298\.system_generated\steps\1234\
	                   1	C:\Users\DannyGeminiAnti\.gemini\antigravity\brain\a9e1a503-bcef-4103-9c94-ab351d543298\.system_generated\steps\1236\
	                   1	C:\Users\DannyGeminiAnti\.gemini\antigravity\brain\a9e1a503-bcef-4103-9c94-ab351d543298\.system_generated\steps\1238\
	                   1	C:\Users\DannyGeminiAnti\.gemini\antigravity\brain\a9e1a503-bcef-4103-9c94-ab351d543298\.system_generated\steps\124\
	                   1	C:\Users\DannyGeminiAnti\.gemini\antigravity\brain\a9e1a503-bcef-4103-9c94-ab351d543298\.system_generated\steps\1240\
	                   1	C:\Users\DannyGeminiAnti\.gemini\antigravity\brain\a9e1a503-bcef-4103-9c94-ab351d543298\.system_generated\steps\1242\
	                   1	C:\Users\DannyGeminiAnti\.gemini\antigravity\brain\a9e1a503-bcef-4103-9c94-ab351d543298\.system_generated\steps\1244\
	                   1	C:\Users\DannyGeminiAnti\.gemini\antigravity\brain\a9e1a503-bcef-4103-9c94-ab351d543298\.system_generated\steps\1246\
	                   1	C:\Users\DannyGeminiAnti\.gemini\antigravity\brain\a9e1a503-bcef-4103-9c94-ab351d543298\.system_generated\steps\1248\
	                   1	C:\Users\DannyGeminiAnti\.gemini\antigravity\brain\a9e1a503-bcef-4103-9c94-ab351d543298\.system_generated\steps\1250\
	                   1	C:\Users\DannyGeminiAnti\.gemini\antigravity\brain\a9e1a503-bcef-4103-9c94-ab351d543298\.system_generated\steps\1252\
	                   1	C:\Users\DannyGeminiAnti\.gemini\antigravity\brain\a9e1a503-bcef-4103-9c94-ab351d543298\.system_generated\steps\1254\
	                   1	C:\Users\DannyGeminiAnti\.gemini\antigravity\brain\a9e1a503-bcef-4103-9c94-ab351d543298\.system_generated\steps\1256\
	                   1	C:\Users\DannyGeminiAnti\.gemini\antigravity\brain\a9e1a503-bcef-4103-9c94-ab351d543298\.system_generated\steps\1258\
	                   1	C:\Users\DannyGeminiAnti\.gemini\antigravity\brain\a9e1a503-bcef-4103-9c94-ab351d543298\.system_generated\steps\126\
	                   1	C:\Users\DannyGeminiAnti\.gemini\antigravity\brain\a9e1a503-bcef-4103-9c94-ab351d543298\.system_generated\steps\1260\
	                   1	C:\Users\DannyGeminiAnti\.gemini\antigravity\brain\a9e1a503-bcef-4103-9c94-ab351d543298\.system_generated\steps\1263\
	                   1	C:\Users\DannyGeminiAnti\.gemini\antigravity\brain\a9e1a503-bcef-4103-9c94-ab351d543298\.system_generated\steps\1265\
	                   1	C:\Users\DannyGeminiAnti\.gemini\antigravity\brain\a9e1a503-bcef-4103-9c94-ab351d543298\.system_generated\steps\1267\
	                   1	C:\Users\DannyGeminiAnti\.gemini\antigravity\brain\a9e1a503-bcef-4103-9c94-ab351d543298\.system_generated\steps\1269\
	                   1	C:\Users\DannyGeminiAnti\.gemini\antigravity\brain\a9e1a503-bcef-4103-9c94-ab351d543298\.system_generated\steps\1271\
	                   1	C:\Users\DannyGeminiAnti\.gemini\antigravity\brain\a9e1a503-bcef-4103-9c94-ab351d543298\.system_generated\steps\1273\
	                   1	C:\Users\DannyGeminiAnti\.gemini\antigravity\brain\a9e1a503-bcef-4103-9c94-ab351d543298\.system_generated\steps\1275\
	                   1	C:\Users\DannyGeminiAnti\.gemini\antigravity\brain\a9e1a503-bcef-4103-9c94-ab351d543298\.system_generated\steps\1277\
	                   1	C:\Users\DannyGeminiAnti\.gemini\antigravity\brain\a9e1a503-bcef-4103-9c94-ab351d543298\.system_generated\steps\1279\
	                   1	C:\Users\DannyGeminiAnti\.gemini\antigravity\brain\a9e1a503-bcef-4103-9c94-ab351d543298\.system_generated\steps\1281\
	                   1	C:\Users\DannyGeminiAnti\.gemini\antigravity\brain\a9e1a503-bcef-4103-9c94-ab351d543298\.system_generated\steps\1283\
	                   1	C:\Users\DannyGeminiAnti\.gemini\antigravity\brain\a9e1a503-bcef-4103-9c94-ab351d543298\.system_generated\steps\1285\
	                   1	C:\Users\DannyGeminiAnti\.gemini\antigravity\brain\a9e1a503-bcef-4103-9c94-ab351d543298\.system_generated\steps\1287\
	                   1	C:\Users\DannyGeminiAnti\.gemini\antigravity\brain\a9e1a503-bcef-4103-9c94-ab351d543298\.system_generated\steps\1292\
	                   1	C:\Users\DannyGeminiAnti\.gemini\antigravity\brain\a9e1a503-bcef-4103-9c94-ab351d543298\.system_generated\steps\1294\
	                   1	C:\Users\DannyGeminiAnti\.gemini\antigravity\brain\a9e1a503-bcef-4103-9c94-ab351d543298\.system_generated\steps\1296\
	                   1	C:\Users\DannyGeminiAnti\.gemini\antigravity\brain\a9e1a503-bcef-4103-9c94-ab351d543298\.system_generated\steps\1298\
	                   1	C:\Users\DannyGeminiAnti\.gemini\antigravity\brain\a9e1a503-bcef-4103-9c94-ab351d543298\.system_generated\steps\1300\
	                   1	C:\Users\DannyGeminiAnti\.gemini\antigravity\brain\a9e1a503-bcef-4103-9c94-ab351d543298\.system_generated\steps\1302\
	                   1	C:\Users\DannyGeminiAnti\.gemini\antigravity\brain\a9e1a503-bcef-4103-9c94-ab351d543298\.system_generated\steps\1304\
	                   1	C:\Users\DannyGeminiAnti\.gemini\antigravity\brain\a9e1a503-bcef-4103-9c94-ab351d543298\.system_generated\steps\1306\
	                   1	C:\Users\DannyGeminiAnti\.gemini\antigravity\brain\a9e1a503-bcef-4103-9c94-ab351d543298\.system_generated\steps\1308\
	                   1	C:\Users\DannyGeminiAnti\.gemini\antigravity\brain\a9e1a503-bcef-4103-9c94-ab351d543298\.system_generated\steps\1310\
	                   1	C:\Users\DannyGeminiAnti\.gemini\antigravity\brain\a9e1a503-bcef-4103-9c94-ab351d543298\.system_generated\steps\1312\
	                   1	C:\Users\DannyGeminiAnti\.gemini\antigravity\brain\a9e1a503-bcef-4103-9c94-ab351d543298\.system_generated\steps\1314\
	                   1	C:\Users\DannyGeminiAnti\.gemini\antigravity\brain\a9e1a503-bcef-4103-9c94-ab351d543298\.system_generated\steps\1316\
	                   1	C:\Users\DannyGeminiAnti\.gemini\antigravity\brain\a9e1a503-bcef-4103-9c94-ab351d543298\.system_generated\steps\1318\
	                   1	C:\Users\DannyGeminiAnti\.gemini\antigravity\brain\a9e1a503-bcef-4103-9c94-ab351d543298\.system_generated\steps\132\
	                   1	C:\Users\DannyGeminiAnti\.gemini\antigravity\brain\a9e1a503-bcef-4103-9c94-ab351d543298\.system_generated\steps\1323\
	                   1	C:\Users\DannyGeminiAnti\.gemini\antigravity\brain\a9e1a503-bcef-4103-9c94-ab351d543298\.system_generated\steps\1325\
	                   1	C:\Users\DannyGeminiAnti\.gemini\antigravity\brain\a9e1a503-bcef-4103-9c94-ab351d543298\.system_generated\steps\1327\
	                   1	C:\Users\DannyGeminiAnti\.gemini\antigravity\brain\a9e1a503-bcef-4103-9c94-ab351d543298\.system_generated\steps\1331\
	                   1	C:\Users\DannyGeminiAnti\.gemini\antigravity\brain\a9e1a503-bcef-4103-9c94-ab351d543298\.system_generated\steps\1333\
	                   1	C:\Users\DannyGeminiAnti\.gemini\antigravity\brain\a9e1a503-bcef-4103-9c94-ab351d543298\.system_generated\steps\1335\
	                   1	C:\Users\DannyGeminiAnti\.gemini\antigravity\brain\a9e1a503-bcef-4103-9c94-ab351d543298\.system_generated\steps\1338\
	                   1	C:\Users\DannyGeminiAnti\.gemini\antigravity\brain\a9e1a503-bcef-4103-9c94-ab351d543298\.system_generated\steps\134\
	                   1	C:\Users\DannyGeminiAnti\.gemini\antigravity\brain\a9e1a503-bcef-4103-9c94-ab351d543298\.system_generated\steps\1340\
	                   1	C:\Users\DannyGeminiAnti\.gemini\antigravity\brain\a9e1a503-bcef-4103-9c94-ab351d543298\.system_generated\steps\1342\
	                   1	C:\Users\DannyGeminiAnti\.gemini\antigravity\brain\a9e1a503-bcef-4103-9c94-ab351d543298\.system_generated\steps\1344\
	                   1	C:\Users\DannyGeminiAnti\.gemini\antigravity\brain\a9e1a503-bcef-4103-9c94-ab351d543298\.system_generated\steps\1346\
	                   1	C:\Users\DannyGeminiAnti\.gemini\antigravity\brain\a9e1a503-bcef-4103-9c94-ab351d543298\.system_generated\steps\1348\
	                   1	C:\Users\DannyGeminiAnti\.gemini\antigravity\brain\a9e1a503-bcef-4103-9c94-ab351d543298\.system_generated\steps\1350\
	                   1	C:\Users\DannyGeminiAnti\.gemini\antigravity\brain\a9e1a503-bcef-4103-9c94-ab351d543298\.system_generated\steps\1352\
	                   1	C:\Users\DannyGeminiAnti\.gemini\antigravity\brain\a9e1a503-bcef-4103-9c94-ab351d543298\.system_generated\steps\1354\
	                   1	C:\Users\DannyGeminiAnti\.gemini\antigravity\brain\a9e1a503-bcef-4103-9c94-ab351d543298\.system_generated\steps\1356\
	                   1	C:\Users\DannyGeminiAnti\.gemini\antigravity\brain\a9e1a503-bcef-4103-9c94-ab351d543298\.system_generated\steps\1358\
	                   1	C:\Users\DannyGeminiAnti\.gemini\antigravity\brain\a9e1a503-bcef-4103-9c94-ab351d543298\.system_generated\steps\136\
	                   1	C:\Users\DannyGeminiAnti\.gemini\antigravity\brain\a9e1a503-bcef-4103-9c94-ab351d543298\.system_generated\steps\1360\
	                   1	C:\Users\DannyGeminiAnti\.gemini\antigravity\brain\a9e1a503-bcef-4103-9c94-ab351d543298\.system_generated\steps\1365\
	                   1	C:\Users\DannyGeminiAnti\.gemini\antigravity\brain\a9e1a503-bcef-4103-9c94-ab351d543298\.system_generated\steps\1367\
	                   1	C:\Users\DannyGeminiAnti\.gemini\antigravity\brain\a9e1a503-bcef-4103-9c94-ab351d543298\.system_generated\steps\1369\
	                   1	C:\Users\DannyGeminiAnti\.gemini\antigravity\brain\a9e1a503-bcef-4103-9c94-ab351d543298\.system_generated\steps\1373\
	                   1	C:\Users\DannyGeminiAnti\.gemini\antigravity\brain\a9e1a503-bcef-4103-9c94-ab351d543298\.system_generated\steps\1375\
	                   1	C:\Users\DannyGeminiAnti\.gemini\antigravity\brain\a9e1a503-bcef-4103-9c94-ab351d543298\.system_generated\steps\1377\
	                   1	C:\Users\DannyGeminiAnti\.gemini\antigravity\brain\a9e1a503-bcef-4103-9c94-ab351d543298\.system_generated\steps\1379\
	                   1	C:\Users\DannyGeminiAnti\.gemini\antigravity\brain\a9e1a503-bcef-4103-9c94-ab351d543298\.system_generated\steps\138\
	                   1	C:\Users\DannyGeminiAnti\.gemini\antigravity\brain\a9e1a503-bcef-4103-9c94-ab351d543298\.system_generated\steps\1381\
	                   1	C:\Users\DannyGeminiAnti\.gemini\antigravity\brain\a9e1a503-bcef-4103-9c94-ab351d543298\.system_generated\steps\1383\
	                   1	C:\Users\DannyGeminiAnti\.gemini\antigravity\brain\a9e1a503-bcef-4103-9c94-ab351d543298\.system_generated\steps\1385\
	                   1	C:\Users\DannyGeminiAnti\.gemini\antigravity\brain\a9e1a503-bcef-4103-9c94-ab351d543298\.system_generated\steps\1387\
	                   1	C:\Users\DannyGeminiAnti\.gemini\antigravity\brain\a9e1a503-bcef-4103-9c94-ab351d543298\.system_generated\steps\1389\
	                   1	C:\Users\DannyGeminiAnti\.gemini\antigravity\brain\a9e1a503-bcef-4103-9c94-ab351d543298\.system_generated\steps\1391\
	                   1	C:\Users\DannyGeminiAnti\.gemini\antigravity\brain\a9e1a503-bcef-4103-9c94-ab351d543298\.system_generated\steps\1393\
	                   1	C:\Users\DannyGeminiAnti\.gemini\antigravity\brain\a9e1a503-bcef-4103-9c94-ab351d543298\.system_generated\steps\14\
	                   1	C:\Users\DannyGeminiAnti\.gemini\antigravity\brain\a9e1a503-bcef-4103-9c94-ab351d543298\.system_generated\steps\140\
	                   1	C:\Users\DannyGeminiAnti\.gemini\antigravity\brain\a9e1a503-bcef-4103-9c94-ab351d543298\.system_generated\steps\1419\
	                   1	C:\Users\DannyGeminiAnti\.gemini\antigravity\brain\a9e1a503-bcef-4103-9c94-ab351d543298\.system_generated\steps\1421\
	                   1	C:\Users\DannyGeminiAnti\.gemini\antigravity\brain\a9e1a503-bcef-4103-9c94-ab351d543298\.system_generated\steps\1425\
	                   1	C:\Users\DannyGeminiAnti\.gemini\antigravity\brain\a9e1a503-bcef-4103-9c94-ab351d543298\.system_generated\steps\1427\
	                   1	C:\Users\DannyGeminiAnti\.gemini\antigravity\brain\a9e1a503-bcef-4103-9c94-ab351d543298\.system_generated\steps\1429\
	                   1	C:\Users\DannyGeminiAnti\.gemini\antigravity\brain\a9e1a503-bcef-4103-9c94-ab351d543298\.system_generated\steps\1431\
	                   1	C:\Users\DannyGeminiAnti\.gemini\antigravity\brain\a9e1a503-bcef-4103-9c94-ab351d543298\.system_generated\steps\1433\
	                   1	C:\Users\DannyGeminiAnti\.gemini\antigravity\brain\a9e1a503-bcef-4103-9c94-ab351d543298\.system_generated\steps\1435\
	                   1	C:\Users\DannyGeminiAnti\.gemini\antigravity\brain\a9e1a503-bcef-4103-9c94-ab351d543298\.system_generated\steps\1437\
	                   1	C:\Users\DannyGeminiAnti\.gemini\antigravity\brain\a9e1a503-bcef-4103-9c94-ab351d543298\.system_generated\steps\1439\
	                   1	C:\Users\DannyGeminiAnti\.gemini\antigravity\brain\a9e1a503-bcef-4103-9c94-ab351d543298\.system_generated\steps\1441\
	                   1	C:\Users\DannyGeminiAnti\.gemini\antigravity\brain\a9e1a503-bcef-4103-9c94-ab351d543298\.system_generated\steps\1443\
	                   1	C:\Users\DannyGeminiAnti\.gemini\antigravity\brain\a9e1a503-bcef-4103-9c94-ab351d543298\.system_generated\steps\1445\
	                   1	C:\Users\DannyGeminiAnti\.gemini\antigravity\brain\a9e1a503-bcef-4103-9c94-ab351d543298\.system_generated\steps\1447\
	                   1	C:\Users\DannyGeminiAnti\.gemini\antigravity\brain\a9e1a503-bcef-4103-9c94-ab351d543298\.system_generated\steps\1449\
	                   1	C:\Users\DannyGeminiAnti\.gemini\antigravity\brain\a9e1a503-bcef-4103-9c94-ab351d543298\.system_generated\steps\1451\
	                   1	C:\Users\DannyGeminiAnti\.gemini\antigravity\brain\a9e1a503-bcef-4103-9c94-ab351d543298\.system_generated\steps\1454\
	                   1	C:\Users\DannyGeminiAnti\.gemini\antigravity\brain\a9e1a503-bcef-4103-9c94-ab351d543298\.system_generated\steps\1456\
	                   1	C:\Users\DannyGeminiAnti\.gemini\antigravity\brain\a9e1a503-bcef-4103-9c94-ab351d543298\.system_generated\steps\1458\
	                   1	C:\Users\DannyGeminiAnti\.gemini\antigravity\brain\a9e1a503-bcef-4103-9c94-ab351d543298\.system_generated\steps\146\
	                   1	C:\Users\DannyGeminiAnti\.gemini\antigravity\brain\a9e1a503-bcef-4103-9c94-ab351d543298\.system_generated\steps\1460\
	                   1	C:\Users\DannyGeminiAnti\.gemini\antigravity\brain\a9e1a503-bcef-4103-9c94-ab351d543298\.system_generated\steps\1462\
	                   1	C:\Users\DannyGeminiAnti\.gemini\antigravity\brain\a9e1a503-bcef-4103-9c94-ab351d543298\.system_generated\steps\1464\
	                   1	C:\Users\DannyGeminiAnti\.gemini\antigravity\brain\a9e1a503-bcef-4103-9c94-ab351d543298\.system_generated\steps\1466\
	                   1	C:\Users\DannyGeminiAnti\.gemini\antigravity\brain\a9e1a503-bcef-4103-9c94-ab351d543298\.system_generated\steps\1468\
	                   1	C:\Users\DannyGeminiAnti\.gemini\antigravity\brain\a9e1a503-bcef-4103-9c94-ab351d543298\.system_generated\steps\1470\
	                   1	C:\Users\DannyGeminiAnti\.gemini\antigravity\brain\a9e1a503-bcef-4103-9c94-ab351d543298\.system_generated\steps\1472\
	                   1	C:\Users\DannyGeminiAnti\.gemini\antigravity\brain\a9e1a503-bcef-4103-9c94-ab351d543298\.system_generated\steps\1474\
	                   1	C:\Users\DannyGeminiAnti\.gemini\antigravity\brain\a9e1a503-bcef-4103-9c94-ab351d543298\.system_generated\steps\1476\
	                   1	C:\Users\DannyGeminiAnti\.gemini\antigravity\brain\a9e1a503-bcef-4103-9c94-ab351d543298\.system_generated\steps\1478\
	                   1	C:\Users\DannyGeminiAnti\.gemini\antigravity\brain\a9e1a503-bcef-4103-9c94-ab351d543298\.system_generated\steps\148\
	                   1	C:\Users\DannyGeminiAnti\.gemini\antigravity\brain\a9e1a503-bcef-4103-9c94-ab351d543298\.system_generated\steps\1480\
	                   1	C:\Users\DannyGeminiAnti\.gemini\antigravity\brain\a9e1a503-bcef-4103-9c94-ab351d543298\.system_generated\steps\1482\
	                   1	C:\Users\DannyGeminiAnti\.gemini\antigravity\brain\a9e1a503-bcef-4103-9c94-ab351d543298\.system_generated\steps\1484\
	                   1	C:\Users\DannyGeminiAnti\.gemini\antigravity\brain\a9e1a503-bcef-4103-9c94-ab351d543298\.system_generated\steps\1486\
	                   1	C:\Users\DannyGeminiAnti\.gemini\antigravity\brain\a9e1a503-bcef-4103-9c94-ab351d543298\.system_generated\steps\1488\
	                   1	C:\Users\DannyGeminiAnti\.gemini\antigravity\brain\a9e1a503-bcef-4103-9c94-ab351d543298\.system_generated\steps\1490\
	                   1	C:\Users\DannyGeminiAnti\.gemini\antigravity\brain\a9e1a503-bcef-4103-9c94-ab351d543298\.system_generated\steps\1492\
	                   1	C:\Users\DannyGeminiAnti\.gemini\antigravity\brain\a9e1a503-bcef-4103-9c94-ab351d543298\.system_generated\steps\1494\
	                   1	C:\Users\DannyGeminiAnti\.gemini\antigravity\brain\a9e1a503-bcef-4103-9c94-ab351d543298\.system_generated\steps\1496\
	                   1	C:\Users\DannyGeminiAnti\.gemini\antigravity\brain\a9e1a503-bcef-4103-9c94-ab351d543298\.system_generated\steps\1498\
	                   1	C:\Users\DannyGeminiAnti\.gemini\antigravity\brain\a9e1a503-bcef-4103-9c94-ab351d543298\.system_generated\steps\15\
	                   1	C:\Users\DannyGeminiAnti\.gemini\antigravity\brain\a9e1a503-bcef-4103-9c94-ab351d543298\.system_generated\steps\150\
	                   1	C:\Users\DannyGeminiAnti\.gemini\antigravity\brain\a9e1a503-bcef-4103-9c94-ab351d543298\.system_generated\steps\1500\
	                   1	C:\Users\DannyGeminiAnti\.gemini\antigravity\brain\a9e1a503-bcef-4103-9c94-ab351d543298\.system_generated\steps\1502\
	                   1	C:\Users\DannyGeminiAnti\.gemini\antigravity\brain\a9e1a503-bcef-4103-9c94-ab351d543298\.system_generated\steps\1504\
	                   1	C:\Users\DannyGeminiAnti\.gemini\antigravity\brain\a9e1a503-bcef-4103-9c94-ab351d543298\.system_generated\steps\1506\
	                   1	C:\Users\DannyGeminiAnti\.gemini\antigravity\brain\a9e1a503-bcef-4103-9c94-ab351d543298\.system_generated\steps\1509\
	                   1	C:\Users\DannyGeminiAnti\.gemini\antigravity\brain\a9e1a503-bcef-4103-9c94-ab351d543298\.system_generated\steps\1511\
	                   1	C:\Users\DannyGeminiAnti\.gemini\antigravity\brain\a9e1a503-bcef-4103-9c94-ab351d543298\.system_generated\steps\1513\
	                   1	C:\Users\DannyGeminiAnti\.gemini\antigravity\brain\a9e1a503-bcef-4103-9c94-ab351d543298\.system_generated\steps\1519\
	                   1	C:\Users\DannyGeminiAnti\.gemini\antigravity\brain\a9e1a503-bcef-4103-9c94-ab351d543298\.system_generated\steps\152\
	                   1	C:\Users\DannyGeminiAnti\.gemini\antigravity\brain\a9e1a503-bcef-4103-9c94-ab351d543298\.system_generated\steps\1523\
	                   1	C:\Users\DannyGeminiAnti\.gemini\antigravity\brain\a9e1a503-bcef-4103-9c94-ab351d543298\.system_generated\steps\1525\
	                   1	C:\Users\DannyGeminiAnti\.gemini\antigravity\brain\a9e1a503-bcef-4103-9c94-ab351d543298\.system_generated\steps\1527\
	                   1	C:\Users\DannyGeminiAnti\.gemini\antigravity\brain\a9e1a503-bcef-4103-9c94-ab351d543298\.system_generated\steps\1529\
	                   1	C:\Users\DannyGeminiAnti\.gemini\antigravity\brain\a9e1a503-bcef-4103-9c94-ab351d543298\.system_generated\steps\1531\
	                   1	C:\Users\DannyGeminiAnti\.gemini\antigravity\brain\a9e1a503-bcef-4103-9c94-ab351d543298\.system_generated\steps\1533\
	                   1	C:\Users\DannyGeminiAnti\.gemini\antigravity\brain\a9e1a503-bcef-4103-9c94-ab351d543298\.system_generated\steps\1535\
	                   1	C:\Users\DannyGeminiAnti\.gemini\antigravity\brain\a9e1a503-bcef-4103-9c94-ab351d543298\.system_generated\steps\1537\
	                   1	C:\Users\DannyGeminiAnti\.gemini\antigravity\brain\a9e1a503-bcef-4103-9c94-ab351d543298\.system_generated\steps\1539\
	                   1	C:\Users\DannyGeminiAnti\.gemini\antigravity\brain\a9e1a503-bcef-4103-9c94-ab351d543298\.system_generated\steps\1541\
	                   1	C:\Users\DannyGeminiAnti\.gemini\antigravity\brain\a9e1a503-bcef-4103-9c94-ab351d543298\.system_generated\steps\1543\
	                   1	C:\Users\DannyGeminiAnti\.gemini\antigravity\brain\a9e1a503-bcef-4103-9c94-ab351d543298\.system_generated\steps\1545\
	                   1	C:\Users\DannyGeminiAnti\.gemini\antigravity\brain\a9e1a503-bcef-4103-9c94-ab351d543298\.system_generated\steps\1547\
	                   1	C:\Users\DannyGeminiAnti\.gemini\antigravity\brain\a9e1a503-bcef-4103-9c94-ab351d543298\.system_generated\steps\1549\
	                   1	C:\Users\DannyGeminiAnti\.gemini\antigravity\brain\a9e1a503-bcef-4103-9c94-ab351d543298\.system_generated\steps\1551\
	                   1	C:\Users\DannyGeminiAnti\.gemini\antigravity\brain\a9e1a503-bcef-4103-9c94-ab351d543298\.system_generated\steps\1553\
	                   1	C:\Users\DannyGeminiAnti\.gemini\antigravity\brain\a9e1a503-bcef-4103-9c94-ab351d543298\.system_generated\steps\1555\
	                   1	C:\Users\DannyGeminiAnti\.gemini\antigravity\brain\a9e1a503-bcef-4103-9c94-ab351d543298\.system_generated\steps\1557\
	                   1	C:\Users\DannyGeminiAnti\.gemini\antigravity\brain\a9e1a503-bcef-4103-9c94-ab351d543298\.system_generated\steps\1559\
	                   1	C:\Users\DannyGeminiAnti\.gemini\antigravity\brain\a9e1a503-bcef-4103-9c94-ab351d543298\.system_generated\steps\1561\
	                   1	C:\Users\DannyGeminiAnti\.gemini\antigravity\brain\a9e1a503-bcef-4103-9c94-ab351d543298\.system_generated\steps\1564\
	                   1	C:\Users\DannyGeminiAnti\.gemini\antigravity\brain\a9e1a503-bcef-4103-9c94-ab351d543298\.system_generated\steps\1566\
	                   1	C:\Users\DannyGeminiAnti\.gemini\antigravity\brain\a9e1a503-bcef-4103-9c94-ab351d543298\.system_generated\steps\1568\
	                   1	C:\Users\DannyGeminiAnti\.gemini\antigravity\brain\a9e1a503-bcef-4103-9c94-ab351d543298\.system_generated\steps\1571\
	                   1	C:\Users\DannyGeminiAnti\.gemini\antigravity\brain\a9e1a503-bcef-4103-9c94-ab351d543298\.system_generated\steps\1573\
	                   1	C:\Users\DannyGeminiAnti\.gemini\antigravity\brain\a9e1a503-bcef-4103-9c94-ab351d543298\.system_generated\steps\1575\
	                   1	C:\Users\DannyGeminiAnti\.gemini\antigravity\brain\a9e1a503-bcef-4103-9c94-ab351d543298\.system_generated\steps\1579\
	                   1	C:\Users\DannyGeminiAnti\.gemini\antigravity\brain\a9e1a503-bcef-4103-9c94-ab351d543298\.system_generated\steps\158\
	                   1	C:\Users\DannyGeminiAnti\.gemini\antigravity\brain\a9e1a503-bcef-4103-9c94-ab351d543298\.system_generated\steps\1581\
	                   1	C:\Users\DannyGeminiAnti\.gemini\antigravity\brain\a9e1a503-bcef-4103-9c94-ab351d543298\.system_generated\steps\1583\
	                   1	C:\Users\DannyGeminiAnti\.gemini\antigravity\brain\a9e1a503-bcef-4103-9c94-ab351d543298\.system_generated\steps\1588\
	                   1	C:\Users\DannyGeminiAnti\.gemini\antigravity\brain\a9e1a503-bcef-4103-9c94-ab351d543298\.system_generated\steps\1590\
	                   1	C:\Users\DannyGeminiAnti\.gemini\antigravity\brain\a9e1a503-bcef-4103-9c94-ab351d543298\.system_generated\steps\1592\
	                   1	C:\Users\DannyGeminiAnti\.gemini\antigravity\brain\a9e1a503-bcef-4103-9c94-ab351d543298\.system_generated\steps\1594\
	                   1	C:\Users\DannyGeminiAnti\.gemini\antigravity\brain\a9e1a503-bcef-4103-9c94-ab351d543298\.system_generated\steps\1596\
	                   1	C:\Users\DannyGeminiAnti\.gemini\antigravity\brain\a9e1a503-bcef-4103-9c94-ab351d543298\.system_generated\steps\1598\
	                   1	C:\Users\DannyGeminiAnti\.gemini\antigravity\brain\a9e1a503-bcef-4103-9c94-ab351d543298\.system_generated\steps\160\
	                   1	C:\Users\DannyGeminiAnti\.gemini\antigravity\brain\a9e1a503-bcef-4103-9c94-ab351d543298\.system_generated\steps\1600\
	                   1	C:\Users\DannyGeminiAnti\.gemini\antigravity\brain\a9e1a503-bcef-4103-9c94-ab351d543298\.system_generated\steps\1602\
	                   1	C:\Users\DannyGeminiAnti\.gemini\antigravity\brain\a9e1a503-bcef-4103-9c94-ab351d543298\.system_generated\steps\1604\
	                   1	C:\Users\DannyGeminiAnti\.gemini\antigravity\brain\a9e1a503-bcef-4103-9c94-ab351d543298\.system_generated\steps\1606\
	                   1	C:\Users\DannyGeminiAnti\.gemini\antigravity\brain\a9e1a503-bcef-4103-9c94-ab351d543298\.system_generated\steps\1610\
	                   1	C:\Users\DannyGeminiAnti\.gemini\antigravity\brain\a9e1a503-bcef-4103-9c94-ab351d543298\.system_generated\steps\1614\
	                   1	C:\Users\DannyGeminiAnti\.gemini\antigravity\brain\a9e1a503-bcef-4103-9c94-ab351d543298\.system_generated\steps\1616\
	                   1	C:\Users\DannyGeminiAnti\.gemini\antigravity\brain\a9e1a503-bcef-4103-9c94-ab351d543298\.system_generated\steps\1618\
	                   1	C:\Users\DannyGeminiAnti\.gemini\antigravity\brain\a9e1a503-bcef-4103-9c94-ab351d543298\.system_generated\steps\162\
	                   1	C:\Users\DannyGeminiAnti\.gemini\antigravity\brain\a9e1a503-bcef-4103-9c94-ab351d543298\.system_generated\steps\1620\
	                   1	C:\Users\DannyGeminiAnti\.gemini\antigravity\brain\a9e1a503-bcef-4103-9c94-ab351d543298\.system_generated\steps\1622\
	                   1	C:\Users\DannyGeminiAnti\.gemini\antigravity\brain\a9e1a503-bcef-4103-9c94-ab351d543298\.system_generated\steps\1624\
	                   1	C:\Users\DannyGeminiAnti\.gemini\antigravity\brain\a9e1a503-bcef-4103-9c94-ab351d543298\.system_generated\steps\1626\
	                   1	C:\Users\DannyGeminiAnti\.gemini\antigravity\brain\a9e1a503-bcef-4103-9c94-ab351d543298\.system_generated\steps\1628\
	                   1	C:\Users\DannyGeminiAnti\.gemini\antigravity\brain\a9e1a503-bcef-4103-9c94-ab351d543298\.system_generated\steps\1630\
	                   1	C:\Users\DannyGeminiAnti\.gemini\antigravity\brain\a9e1a503-bcef-4103-9c94-ab351d543298\.system_generated\steps\1632\
	                   1	C:\Users\DannyGeminiAnti\.gemini\antigravity\brain\a9e1a503-bcef-4103-9c94-ab351d543298\.system_generated\steps\1634\
	                   1	C:\Users\DannyGeminiAnti\.gemini\antigravity\brain\a9e1a503-bcef-4103-9c94-ab351d543298\.system_generated\steps\1636\
	                   1	C:\Users\DannyGeminiAnti\.gemini\antigravity\brain\a9e1a503-bcef-4103-9c94-ab351d543298\.system_generated\steps\1638\
	                   1	C:\Users\DannyGeminiAnti\.gemini\antigravity\brain\a9e1a503-bcef-4103-9c94-ab351d543298\.system_generated\steps\1640\
	                   1	C:\Users\DannyGeminiAnti\.gemini\antigravity\brain\a9e1a503-bcef-4103-9c94-ab351d543298\.system_generated\steps\1642\
	                   1	C:\Users\DannyGeminiAnti\.gemini\antigravity\brain\a9e1a503-bcef-4103-9c94-ab351d543298\.system_generated\steps\1644\
	                   1	C:\Users\DannyGeminiAnti\.gemini\antigravity\brain\a9e1a503-bcef-4103-9c94-ab351d543298\.system_generated\steps\1646\
	                   1	C:\Users\DannyGeminiAnti\.gemini\antigravity\brain\a9e1a503-bcef-4103-9c94-ab351d543298\.system_generated\steps\1648\
	                   1	C:\Users\DannyGeminiAnti\.gemini\antigravity\brain\a9e1a503-bcef-4103-9c94-ab351d543298\.system_generated\steps\1650\
	                   1	C:\Users\DannyGeminiAnti\.gemini\antigravity\brain\a9e1a503-bcef-4103-9c94-ab351d543298\.system_generated\steps\1652\
	                   1	C:\Users\DannyGeminiAnti\.gemini\antigravity\brain\a9e1a503-bcef-4103-9c94-ab351d543298\.system_generated\steps\1654\
	                   1	C:\Users\DannyGeminiAnti\.gemini\antigravity\brain\a9e1a503-bcef-4103-9c94-ab351d543298\.system_generated\steps\1656\
	                   1	C:\Users\DannyGeminiAnti\.gemini\antigravity\brain\a9e1a503-bcef-4103-9c94-ab351d543298\.system_generated\steps\1658\
	                   1	C:\Users\DannyGeminiAnti\.gemini\antigravity\brain\a9e1a503-bcef-4103-9c94-ab351d543298\.system_generated\steps\166\
	                   1	C:\Users\DannyGeminiAnti\.gemini\antigravity\brain\a9e1a503-bcef-4103-9c94-ab351d543298\.system_generated\steps\1660\
	                   1	C:\Users\DannyGeminiAnti\.gemini\antigravity\brain\a9e1a503-bcef-4103-9c94-ab351d543298\.system_generated\steps\1663\
	                   1	C:\Users\DannyGeminiAnti\.gemini\antigravity\brain\a9e1a503-bcef-4103-9c94-ab351d543298\.system_generated\steps\1666\
	                   1	C:\Users\DannyGeminiAnti\.gemini\antigravity\brain\a9e1a503-bcef-4103-9c94-ab351d543298\.system_generated\steps\1671\
	                   1	C:\Users\DannyGeminiAnti\.gemini\antigravity\brain\a9e1a503-bcef-4103-9c94-ab351d543298\.system_generated\steps\1673\
	                   1	C:\Users\DannyGeminiAnti\.gemini\antigravity\brain\a9e1a503-bcef-4103-9c94-ab351d543298\.system_generated\steps\1675\
	                   1	C:\Users\DannyGeminiAnti\.gemini\antigravity\brain\a9e1a503-bcef-4103-9c94-ab351d543298\.system_generated\steps\1677\
	                   1	C:\Users\DannyGeminiAnti\.gemini\antigravity\brain\a9e1a503-bcef-4103-9c94-ab351d543298\.system_generated\steps\1679\
	                   1	C:\Users\DannyGeminiAnti\.gemini\antigravity\brain\a9e1a503-bcef-4103-9c94-ab351d543298\.system_generated\steps\168\
	                   1	C:\Users\DannyGeminiAnti\.gemini\antigravity\brain\a9e1a503-bcef-4103-9c94-ab351d543298\.system_generated\steps\1681\
	                   1	C:\Users\DannyGeminiAnti\.gemini\antigravity\brain\a9e1a503-bcef-4103-9c94-ab351d543298\.system_generated\steps\1683\
	                   1	C:\Users\DannyGeminiAnti\.gemini\antigravity\brain\a9e1a503-bcef-4103-9c94-ab351d543298\.system_generated\steps\1685\
	                   1	C:\Users\DannyGeminiAnti\.gemini\antigravity\brain\a9e1a503-bcef-4103-9c94-ab351d543298\.system_generated\steps\1687\
	                   1	C:\Users\DannyGeminiAnti\.gemini\antigravity\brain\a9e1a503-bcef-4103-9c94-ab351d543298\.system_generated\steps\1689\
	                   1	C:\Users\DannyGeminiAnti\.gemini\antigravity\brain\a9e1a503-bcef-4103-9c94-ab351d543298\.system_generated\steps\1691\
	                   1	C:\Users\DannyGeminiAnti\.gemini\antigravity\brain\a9e1a503-bcef-4103-9c94-ab351d543298\.system_generated\steps\1693\
	                   1	C:\Users\DannyGeminiAnti\.gemini\antigravity\brain\a9e1a503-bcef-4103-9c94-ab351d543298\.system_generated\steps\1695\
	                   1	C:\Users\DannyGeminiAnti\.gemini\antigravity\brain\a9e1a503-bcef-4103-9c94-ab351d543298\.system_generated\steps\1697\
	                   1	C:\Users\DannyGeminiAnti\.gemini\antigravity\brain\a9e1a503-bcef-4103-9c94-ab351d543298\.system_generated\steps\1699\
	                   1	C:\Users\DannyGeminiAnti\.gemini\antigravity\brain\a9e1a503-bcef-4103-9c94-ab351d543298\.system_generated\steps\1701\
	                   1	C:\Users\DannyGeminiAnti\.gemini\antigravity\brain\a9e1a503-bcef-4103-9c94-ab351d543298\.system_generated\steps\1703\
	                   1	C:\Users\DannyGeminiAnti\.gemini\antigravity\brain\a9e1a503-bcef-4103-9c94-ab351d543298\.system_generated\steps\1705\
	                   1	C:\Users\DannyGeminiAnti\.gemini\antigravity\brain\a9e1a503-bcef-4103-9c94-ab351d543298\.system_generated\steps\1707\
	                   1	C:\Users\DannyGeminiAnti\.gemini\antigravity\brain\a9e1a503-bcef-4103-9c94-ab351d543298\.system_generated\steps\1709\
	                   1	C:\Users\DannyGeminiAnti\.gemini\antigravity\brain\a9e1a503-bcef-4103-9c94-ab351d543298\.system_generated\steps\1711\
	                   1	C:\Users\DannyGeminiAnti\.gemini\antigravity\brain\a9e1a503-bcef-4103-9c94-ab351d543298\.system_generated\steps\1713\
	                   1	C:\Users\DannyGeminiAnti\.gemini\antigravity\brain\a9e1a503-bcef-4103-9c94-ab351d543298\.system_generated\steps\1715\
	                   1	C:\Users\DannyGeminiAnti\.gemini\antigravity\brain\a9e1a503-bcef-4103-9c94-ab351d543298\.system_generated\steps\1718\
	                   1	C:\Users\DannyGeminiAnti\.gemini\antigravity\brain\a9e1a503-bcef-4103-9c94-ab351d543298\.system_generated\steps\172\
	                   1	C:\Users\DannyGeminiAnti\.gemini\antigravity\brain\a9e1a503-bcef-4103-9c94-ab351d543298\.system_generated\steps\1720\
	                   1	C:\Users\DannyGeminiAnti\.gemini\antigravity\brain\a9e1a503-bcef-4103-9c94-ab351d543298\.system_generated\steps\1722\
	                   1	C:\Users\DannyGeminiAnti\.gemini\antigravity\brain\a9e1a503-bcef-4103-9c94-ab351d543298\.system_generated\steps\1724\
	                   1	C:\Users\DannyGeminiAnti\.gemini\antigravity\brain\a9e1a503-bcef-4103-9c94-ab351d543298\.system_generated\steps\1727\
	                   1	C:\Users\DannyGeminiAnti\.gemini\antigravity\brain\a9e1a503-bcef-4103-9c94-ab351d543298\.system_generated\steps\1731\
	                   1	C:\Users\DannyGeminiAnti\.gemini\antigravity\brain\a9e1a503-bcef-4103-9c94-ab351d543298\.system_generated\steps\1733\
	                   1	C:\Users\DannyGeminiAnti\.gemini\antigravity\brain\a9e1a503-bcef-4103-9c94-ab351d543298\.system_generated\steps\1735\
	                   1	C:\Users\DannyGeminiAnti\.gemini\antigravity\brain\a9e1a503-bcef-4103-9c94-ab351d543298\.system_generated\steps\1737\
	                   1	C:\Users\DannyGeminiAnti\.gemini\antigravity\brain\a9e1a503-bcef-4103-9c94-ab351d543298\.system_generated\steps\1739\
	                   1	C:\Users\DannyGeminiAnti\.gemini\antigravity\brain\a9e1a503-bcef-4103-9c94-ab351d543298\.system_generated\steps\1741\
	                   1	C:\Users\DannyGeminiAnti\.gemini\antigravity\brain\a9e1a503-bcef-4103-9c94-ab351d543298\.system_generated\steps\1743\
	                   1	C:\Users\DannyGeminiAnti\.gemini\antigravity\brain\a9e1a503-bcef-4103-9c94-ab351d543298\.system_generated\steps\1745\
	                   1	C:\Users\DannyGeminiAnti\.gemini\antigravity\brain\a9e1a503-bcef-4103-9c94-ab351d543298\.system_generated\steps\1747\
	                   1	C:\Users\DannyGeminiAnti\.gemini\antigravity\brain\a9e1a503-bcef-4103-9c94-ab351d543298\.system_generated\steps\1749\
	                   1	C:\Users\DannyGeminiAnti\.gemini\antigravity\brain\a9e1a503-bcef-4103-9c94-ab351d543298\.system_generated\steps\1751\
	                   1	C:\Users\DannyGeminiAnti\.gemini\antigravity\brain\a9e1a503-bcef-4103-9c94-ab351d543298\.system_generated\steps\1753\
	                   1	C:\Users\DannyGeminiAnti\.gemini\antigravity\brain\a9e1a503-bcef-4103-9c94-ab351d543298\.system_generated\steps\1755\
	                   1	C:\Users\DannyGeminiAnti\.gemini\antigravity\brain\a9e1a503-bcef-4103-9c94-ab351d543298\.system_generated\steps\1757\
	                   1	C:\Users\DannyGeminiAnti\.gemini\antigravity\brain\a9e1a503-bcef-4103-9c94-ab351d543298\.system_generated\steps\1759\
	                   1	C:\Users\DannyGeminiAnti\.gemini\antigravity\brain\a9e1a503-bcef-4103-9c94-ab351d543298\.system_generated\steps\1761\
	                   1	C:\Users\DannyGeminiAnti\.gemini\antigravity\brain\a9e1a503-bcef-4103-9c94-ab351d543298\.system_generated\steps\1763\
	                   1	C:\Users\DannyGeminiAnti\.gemini\antigravity\brain\a9e1a503-bcef-4103-9c94-ab351d543298\.system_generated\steps\1766\
	                   1	C:\Users\DannyGeminiAnti\.gemini\antigravity\brain\a9e1a503-bcef-4103-9c94-ab351d543298\.system_generated\steps\1768\
	                   1	C:\Users\DannyGeminiAnti\.gemini\antigravity\brain\a9e1a503-bcef-4103-9c94-ab351d543298\.system_generated\steps\177\
	                   1	C:\Users\DannyGeminiAnti\.gemini\antigravity\brain\a9e1a503-bcef-4103-9c94-ab351d543298\.system_generated\steps\1770\
	                   1	C:\Users\DannyGeminiAnti\.gemini\antigravity\brain\a9e1a503-bcef-4103-9c94-ab351d543298\.system_generated\steps\1772\
	                   1	C:\Users\DannyGeminiAnti\.gemini\antigravity\brain\a9e1a503-bcef-4103-9c94-ab351d543298\.system_generated\steps\1774\
	                   1	C:\Users\DannyGeminiAnti\.gemini\antigravity\brain\a9e1a503-bcef-4103-9c94-ab351d543298\.system_generated\steps\1776\
	                   1	C:\Users\DannyGeminiAnti\.gemini\antigravity\brain\a9e1a503-bcef-4103-9c94-ab351d543298\.system_generated\steps\179\
	                   1	C:\Users\DannyGeminiAnti\.gemini\antigravity\brain\a9e1a503-bcef-4103-9c94-ab351d543298\.system_generated\steps\1798\
	                   1	C:\Users\DannyGeminiAnti\.gemini\antigravity\brain\a9e1a503-bcef-4103-9c94-ab351d543298\.system_generated\steps\1802\
	                   1	C:\Users\DannyGeminiAnti\.gemini\antigravity\brain\a9e1a503-bcef-4103-9c94-ab351d543298\.system_generated\steps\1804\
	                   1	C:\Users\DannyGeminiAnti\.gemini\antigravity\brain\a9e1a503-bcef-4103-9c94-ab351d543298\.system_generated\steps\1806\
	                   1	C:\Users\DannyGeminiAnti\.gemini\antigravity\brain\a9e1a503-bcef-4103-9c94-ab351d543298\.system_generated\steps\1808\
	                   1	C:\Users\DannyGeminiAnti\.gemini\antigravity\brain\a9e1a503-bcef-4103-9c94-ab351d543298\.system_generated\steps\181\
	                   1	C:\Users\DannyGeminiAnti\.gemini\antigravity\brain\a9e1a503-bcef-4103-9c94-ab351d543298\.system_generated\steps\1810\
	                   1	C:\Users\DannyGeminiAnti\.gemini\antigravity\brain\a9e1a503-bcef-4103-9c94-ab351d543298\.system_generated\steps\1812\
	                   1	C:\Users\DannyGeminiAnti\.gemini\antigravity\brain\a9e1a503-bcef-4103-9c94-ab351d543298\.system_generated\steps\1814\
	                   1	C:\Users\DannyGeminiAnti\.gemini\antigravity\brain\a9e1a503-bcef-4103-9c94-ab351d543298\.system_generated\steps\1816\
	                   1	C:\Users\DannyGeminiAnti\.gemini\antigravity\brain\a9e1a503-bcef-4103-9c94-ab351d543298\.system_generated\steps\1818\
	                   1	C:\Users\DannyGeminiAnti\.gemini\antigravity\brain\a9e1a503-bcef-4103-9c94-ab351d543298\.system_generated\steps\1820\
	                   1	C:\Users\DannyGeminiAnti\.gemini\antigravity\brain\a9e1a503-bcef-4103-9c94-ab351d543298\.system_generated\steps\1822\
	                   1	C:\Users\DannyGeminiAnti\.gemini\antigravity\brain\a9e1a503-bcef-4103-9c94-ab351d543298\.system_generated\steps\1824\
	                   1	C:\Users\DannyGeminiAnti\.gemini\antigravity\brain\a9e1a503-bcef-4103-9c94-ab351d543298\.system_generated\steps\1826\
	                   1	C:\Users\DannyGeminiAnti\.gemini\antigravity\brain\a9e1a503-bcef-4103-9c94-ab351d543298\.system_generated\steps\1828\
	                   1	C:\Users\DannyGeminiAnti\.gemini\antigravity\brain\a9e1a503-bcef-4103-9c94-ab351d543298\.system_generated\steps\183\
	                   1	C:\Users\DannyGeminiAnti\.gemini\antigravity\brain\a9e1a503-bcef-4103-9c94-ab351d543298\.system_generated\steps\1830\
	                   1	C:\Users\DannyGeminiAnti\.gemini\antigravity\brain\a9e1a503-bcef-4103-9c94-ab351d543298\.system_generated\steps\1832\
	                   1	C:\Users\DannyGeminiAnti\.gemini\antigravity\brain\a9e1a503-bcef-4103-9c94-ab351d543298\.system_generated\steps\1834\
	                   1	C:\Users\DannyGeminiAnti\.gemini\antigravity\brain\a9e1a503-bcef-4103-9c94-ab351d543298\.system_generated\steps\1836\
	                   1	C:\Users\DannyGeminiAnti\.gemini\antigravity\brain\a9e1a503-bcef-4103-9c94-ab351d543298\.system_generated\steps\1838\
	                   1	C:\Users\DannyGeminiAnti\.gemini\antigravity\brain\a9e1a503-bcef-4103-9c94-ab351d543298\.system_generated\steps\1840\
	                   1	C:\Users\DannyGeminiAnti\.gemini\antigravity\brain\a9e1a503-bcef-4103-9c94-ab351d543298\.system_generated\steps\1842\
	                   1	C:\Users\DannyGeminiAnti\.gemini\antigravity\brain\a9e1a503-bcef-4103-9c94-ab351d543298\.system_generated\steps\1844\
	                   1	C:\Users\DannyGeminiAnti\.gemini\antigravity\brain\a9e1a503-bcef-4103-9c94-ab351d543298\.system_generated\steps\1846\
	                   1	C:\Users\DannyGeminiAnti\.gemini\antigravity\brain\a9e1a503-bcef-4103-9c94-ab351d543298\.system_generated\steps\1848\
	                   1	C:\Users\DannyGeminiAnti\.gemini\antigravity\brain\a9e1a503-bcef-4103-9c94-ab351d543298\.system_generated\steps\1850\
	                   1	C:\Users\DannyGeminiAnti\.gemini\antigravity\brain\a9e1a503-bcef-4103-9c94-ab351d543298\.system_generated\steps\1852\
	                   1	C:\Users\DannyGeminiAnti\.gemini\antigravity\brain\a9e1a503-bcef-4103-9c94-ab351d543298\.system_generated\steps\1854\
	                   1	C:\Users\DannyGeminiAnti\.gemini\antigravity\brain\a9e1a503-bcef-4103-9c94-ab351d543298\.system_generated\steps\1856\
	                   1	C:\Users\DannyGeminiAnti\.gemini\antigravity\brain\a9e1a503-bcef-4103-9c94-ab351d543298\.system_generated\steps\1858\
	                   1	C:\Users\DannyGeminiAnti\.gemini\antigravity\brain\a9e1a503-bcef-4103-9c94-ab351d543298\.system_generated\steps\1860\
	                   1	C:\Users\DannyGeminiAnti\.gemini\antigravity\brain\a9e1a503-bcef-4103-9c94-ab351d543298\.system_generated\steps\1862\
	                   1	C:\Users\DannyGeminiAnti\.gemini\antigravity\brain\a9e1a503-bcef-4103-9c94-ab351d543298\.system_generated\steps\1864\
	                   1	C:\Users\DannyGeminiAnti\.gemini\antigravity\brain\a9e1a503-bcef-4103-9c94-ab351d543298\.system_generated\steps\1866\
	                   1	C:\Users\DannyGeminiAnti\.gemini\antigravity\brain\a9e1a503-bcef-4103-9c94-ab351d543298\.system_generated\steps\1868\
	                   1	C:\Users\DannyGeminiAnti\.gemini\antigravity\brain\a9e1a503-bcef-4103-9c94-ab351d543298\.system_generated\steps\1870\
	                   1	C:\Users\DannyGeminiAnti\.gemini\antigravity\brain\a9e1a503-bcef-4103-9c94-ab351d543298\.system_generated\steps\1872\
	                   1	C:\Users\DannyGeminiAnti\.gemini\antigravity\brain\a9e1a503-bcef-4103-9c94-ab351d543298\.system_generated\steps\1874\
	                   1	C:\Users\DannyGeminiAnti\.gemini\antigravity\brain\a9e1a503-bcef-4103-9c94-ab351d543298\.system_generated\steps\1876\
	                   1	C:\Users\DannyGeminiAnti\.gemini\antigravity\brain\a9e1a503-bcef-4103-9c94-ab351d543298\.system_generated\steps\1878\
	                   1	C:\Users\DannyGeminiAnti\.gemini\antigravity\brain\a9e1a503-bcef-4103-9c94-ab351d543298\.system_generated\steps\1880\
	                   1	C:\Users\DannyGeminiAnti\.gemini\antigravity\brain\a9e1a503-bcef-4103-9c94-ab351d543298\.system_generated\steps\1882\
	                   1	C:\Users\DannyGeminiAnti\.gemini\antigravity\brain\a9e1a503-bcef-4103-9c94-ab351d543298\.system_generated\steps\1888\
	                   1	C:\Users\DannyGeminiAnti\.gemini\antigravity\brain\a9e1a503-bcef-4103-9c94-ab351d543298\.system_generated\steps\189\
	                   1	C:\Users\DannyGeminiAnti\.gemini\antigravity\brain\a9e1a503-bcef-4103-9c94-ab351d543298\.system_generated\steps\1890\
	                   1	C:\Users\DannyGeminiAnti\.gemini\antigravity\brain\a9e1a503-bcef-4103-9c94-ab351d543298\.system_generated\steps\1892\
	                   1	C:\Users\DannyGeminiAnti\.gemini\antigravity\brain\a9e1a503-bcef-4103-9c94-ab351d543298\.system_generated\steps\1894\
	                   1	C:\Users\DannyGeminiAnti\.gemini\antigravity\brain\a9e1a503-bcef-4103-9c94-ab351d543298\.system_generated\steps\1896\
	                   1	C:\Users\DannyGeminiAnti\.gemini\antigravity\brain\a9e1a503-bcef-4103-9c94-ab351d543298\.system_generated\steps\1898\
	                   1	C:\Users\DannyGeminiAnti\.gemini\antigravity\brain\a9e1a503-bcef-4103-9c94-ab351d543298\.system_generated\steps\1900\
	                   1	C:\Users\DannyGeminiAnti\.gemini\antigravity\brain\a9e1a503-bcef-4103-9c94-ab351d543298\.system_generated\steps\1902\
	                   1	C:\Users\DannyGeminiAnti\.gemini\antigravity\brain\a9e1a503-bcef-4103-9c94-ab351d543298\.system_generated\steps\1906\
	                   1	C:\Users\DannyGeminiAnti\.gemini\antigravity\brain\a9e1a503-bcef-4103-9c94-ab351d543298\.system_generated\steps\1908\
	                   1	C:\Users\DannyGeminiAnti\.gemini\antigravity\brain\a9e1a503-bcef-4103-9c94-ab351d543298\.system_generated\steps\191\
	                   1	C:\Users\DannyGeminiAnti\.gemini\antigravity\brain\a9e1a503-bcef-4103-9c94-ab351d543298\.system_generated\steps\1910\
	                   1	C:\Users\DannyGeminiAnti\.gemini\antigravity\brain\a9e1a503-bcef-4103-9c94-ab351d543298\.system_generated\steps\1912\
	                   1	C:\Users\DannyGeminiAnti\.gemini\antigravity\brain\a9e1a503-bcef-4103-9c94-ab351d543298\.system_generated\steps\1914\
	                   1	C:\Users\DannyGeminiAnti\.gemini\antigravity\brain\a9e1a503-bcef-4103-9c94-ab351d543298\.system_generated\steps\1916\
	                   1	C:\Users\DannyGeminiAnti\.gemini\antigravity\brain\a9e1a503-bcef-4103-9c94-ab351d543298\.system_generated\steps\1918\
	                   1	C:\Users\DannyGeminiAnti\.gemini\antigravity\brain\a9e1a503-bcef-4103-9c94-ab351d543298\.system_generated\steps\1922\
	                   1	C:\Users\DannyGeminiAnti\.gemini\antigravity\brain\a9e1a503-bcef-4103-9c94-ab351d543298\.system_generated\steps\1924\
	                   1	C:\Users\DannyGeminiAnti\.gemini\antigravity\brain\a9e1a503-bcef-4103-9c94-ab351d543298\.system_generated\steps\1926\
	                   1	C:\Users\DannyGeminiAnti\.gemini\antigravity\brain\a9e1a503-bcef-4103-9c94-ab351d543298\.system_generated\steps\1928\
	                   1	C:\Users\DannyGeminiAnti\.gemini\antigravity\brain\a9e1a503-bcef-4103-9c94-ab351d543298\.system_generated\steps\1930\
	                   1	C:\Users\DannyGeminiAnti\.gemini\antigravity\brain\a9e1a503-bcef-4103-9c94-ab351d543298\.system_generated\steps\1932\
	                   1	C:\Users\DannyGeminiAnti\.gemini\antigravity\brain\a9e1a503-bcef-4103-9c94-ab351d543298\.system_generated\steps\1934\
	                   1	C:\Users\DannyGeminiAnti\.gemini\antigravity\brain\a9e1a503-bcef-4103-9c94-ab351d543298\.system_generated\steps\1936\
	                   1	C:\Users\DannyGeminiAnti\.gemini\antigravity\brain\a9e1a503-bcef-4103-9c94-ab351d543298\.system_generated\steps\1938\
	                   1	C:\Users\DannyGeminiAnti\.gemini\antigravity\brain\a9e1a503-bcef-4103-9c94-ab351d543298\.system_generated\steps\1940\
	                   1	C:\Users\DannyGeminiAnti\.gemini\antigravity\brain\a9e1a503-bcef-4103-9c94-ab351d543298\.system_generated\steps\1942\
	                   1	C:\Users\DannyGeminiAnti\.gemini\antigravity\brain\a9e1a503-bcef-4103-9c94-ab351d543298\.system_generated\steps\1944\
	                   1	C:\Users\DannyGeminiAnti\.gemini\antigravity\brain\a9e1a503-bcef-4103-9c94-ab351d543298\.system_generated\steps\1946\
	                   1	C:\Users\DannyGeminiAnti\.gemini\antigravity\brain\a9e1a503-bcef-4103-9c94-ab351d543298\.system_generated\steps\1948\
	                   1	C:\Users\DannyGeminiAnti\.gemini\antigravity\brain\a9e1a503-bcef-4103-9c94-ab351d543298\.system_generated\steps\195\
	                   1	C:\Users\DannyGeminiAnti\.gemini\antigravity\brain\a9e1a503-bcef-4103-9c94-ab351d543298\.system_generated\steps\1950\
	                   1	C:\Users\DannyGeminiAnti\.gemini\antigravity\brain\a9e1a503-bcef-4103-9c94-ab351d543298\.system_generated\steps\1952\
	                   1	C:\Users\DannyGeminiAnti\.gemini\antigravity\brain\a9e1a503-bcef-4103-9c94-ab351d543298\.system_generated\steps\1954\
	                   1	C:\Users\DannyGeminiAnti\.gemini\antigravity\brain\a9e1a503-bcef-4103-9c94-ab351d543298\.system_generated\steps\1956\
	                   1	C:\Users\DannyGeminiAnti\.gemini\antigravity\brain\a9e1a503-bcef-4103-9c94-ab351d543298\.system_generated\steps\1958\
	                   1	C:\Users\DannyGeminiAnti\.gemini\antigravity\brain\a9e1a503-bcef-4103-9c94-ab351d543298\.system_generated\steps\1960\
	                   1	C:\Users\DannyGeminiAnti\.gemini\antigravity\brain\a9e1a503-bcef-4103-9c94-ab351d543298\.system_generated\steps\1962\
	                   1	C:\Users\DannyGeminiAnti\.gemini\antigravity\brain\a9e1a503-bcef-4103-9c94-ab351d543298\.system_generated\steps\1964\
	                   1	C:\Users\DannyGeminiAnti\.gemini\antigravity\brain\a9e1a503-bcef-4103-9c94-ab351d543298\.system_generated\steps\1966\
	                   1	C:\Users\DannyGeminiAnti\.gemini\antigravity\brain\a9e1a503-bcef-4103-9c94-ab351d543298\.system_generated\steps\1968\
	                   1	C:\Users\DannyGeminiAnti\.gemini\antigravity\brain\a9e1a503-bcef-4103-9c94-ab351d543298\.system_generated\steps\197\
	                   1	C:\Users\DannyGeminiAnti\.gemini\antigravity\brain\a9e1a503-bcef-4103-9c94-ab351d543298\.system_generated\steps\1970\
	                   1	C:\Users\DannyGeminiAnti\.gemini\antigravity\brain\a9e1a503-bcef-4103-9c94-ab351d543298\.system_generated\steps\1972\
	                   1	C:\Users\DannyGeminiAnti\.gemini\antigravity\brain\a9e1a503-bcef-4103-9c94-ab351d543298\.system_generated\steps\1974\
	                   1	C:\Users\DannyGeminiAnti\.gemini\antigravity\brain\a9e1a503-bcef-4103-9c94-ab351d543298\.system_generated\steps\1976\
	                   1	C:\Users\DannyGeminiAnti\.gemini\antigravity\brain\a9e1a503-bcef-4103-9c94-ab351d543298\.system_generated\steps\1978\
	                   1	C:\Users\DannyGeminiAnti\.gemini\antigravity\brain\a9e1a503-bcef-4103-9c94-ab351d543298\.system_generated\steps\1980\
	                   1	C:\Users\DannyGeminiAnti\.gemini\antigravity\brain\a9e1a503-bcef-4103-9c94-ab351d543298\.system_generated\steps\1982\
	                   1	C:\Users\DannyGeminiAnti\.gemini\antigravity\brain\a9e1a503-bcef-4103-9c94-ab351d543298\.system_generated\steps\1984\
	                   1	C:\Users\DannyGeminiAnti\.gemini\antigravity\brain\a9e1a503-bcef-4103-9c94-ab351d543298\.system_generated\steps\1987\
	                   1	C:\Users\DannyGeminiAnti\.gemini\antigravity\brain\a9e1a503-bcef-4103-9c94-ab351d543298\.system_generated\steps\1989\
	                   1	C:\Users\DannyGeminiAnti\.gemini\antigravity\brain\a9e1a503-bcef-4103-9c94-ab351d543298\.system_generated\steps\199\
	                   1	C:\Users\DannyGeminiAnti\.gemini\antigravity\brain\a9e1a503-bcef-4103-9c94-ab351d543298\.system_generated\steps\1993\
	                   1	C:\Users\DannyGeminiAnti\.gemini\antigravity\brain\a9e1a503-bcef-4103-9c94-ab351d543298\.system_generated\steps\1995\
	                   1	C:\Users\DannyGeminiAnti\.gemini\antigravity\brain\a9e1a503-bcef-4103-9c94-ab351d543298\.system_generated\steps\1997\
	                   1	C:\Users\DannyGeminiAnti\.gemini\antigravity\brain\a9e1a503-bcef-4103-9c94-ab351d543298\.system_generated\steps\1999\
	                   1	C:\Users\DannyGeminiAnti\.gemini\antigravity\brain\a9e1a503-bcef-4103-9c94-ab351d543298\.system_generated\steps\2\
	                   1	C:\Users\DannyGeminiAnti\.gemini\antigravity\brain\a9e1a503-bcef-4103-9c94-ab351d543298\.system_generated\steps\2001\
	                   1	C:\Users\DannyGeminiAnti\.gemini\antigravity\brain\a9e1a503-bcef-4103-9c94-ab351d543298\.system_generated\steps\2003\
	                   1	C:\Users\DannyGeminiAnti\.gemini\antigravity\brain\a9e1a503-bcef-4103-9c94-ab351d543298\.system_generated\steps\2005\
	                   1	C:\Users\DannyGeminiAnti\.gemini\antigravity\brain\a9e1a503-bcef-4103-9c94-ab351d543298\.system_generated\steps\2007\
	                   1	C:\Users\DannyGeminiAnti\.gemini\antigravity\brain\a9e1a503-bcef-4103-9c94-ab351d543298\.system_generated\steps\2009\
	                   1	C:\Users\DannyGeminiAnti\.gemini\antigravity\brain\a9e1a503-bcef-4103-9c94-ab351d543298\.system_generated\steps\201\
	                   1	C:\Users\DannyGeminiAnti\.gemini\antigravity\brain\a9e1a503-bcef-4103-9c94-ab351d543298\.system_generated\steps\2011\
	                   1	C:\Users\DannyGeminiAnti\.gemini\antigravity\brain\a9e1a503-bcef-4103-9c94-ab351d543298\.system_generated\steps\2013\
	                   1	C:\Users\DannyGeminiAnti\.gemini\antigravity\brain\a9e1a503-bcef-4103-9c94-ab351d543298\.system_generated\steps\2015\
	                   1	C:\Users\DannyGeminiAnti\.gemini\antigravity\brain\a9e1a503-bcef-4103-9c94-ab351d543298\.system_generated\steps\2017\
	                   1	C:\Users\DannyGeminiAnti\.gemini\antigravity\brain\a9e1a503-bcef-4103-9c94-ab351d543298\.system_generated\steps\2019\
	                   1	C:\Users\DannyGeminiAnti\.gemini\antigravity\brain\a9e1a503-bcef-4103-9c94-ab351d543298\.system_generated\steps\2023\
	                   1	C:\Users\DannyGeminiAnti\.gemini\antigravity\brain\a9e1a503-bcef-4103-9c94-ab351d543298\.system_generated\steps\2025\
	                   1	C:\Users\DannyGeminiAnti\.gemini\antigravity\brain\a9e1a503-bcef-4103-9c94-ab351d543298\.system_generated\steps\2027\
	                   1	C:\Users\DannyGeminiAnti\.gemini\antigravity\brain\a9e1a503-bcef-4103-9c94-ab351d543298\.system_generated\steps\2029\
	                   1	C:\Users\DannyGeminiAnti\.gemini\antigravity\brain\a9e1a503-bcef-4103-9c94-ab351d543298\.system_generated\steps\203\
	                   1	C:\Users\DannyGeminiAnti\.gemini\antigravity\brain\a9e1a503-bcef-4103-9c94-ab351d543298\.system_generated\steps\2033\
	                   1	C:\Users\DannyGeminiAnti\.gemini\antigravity\brain\a9e1a503-bcef-4103-9c94-ab351d543298\.system_generated\steps\2035\
	                   1	C:\Users\DannyGeminiAnti\.gemini\antigravity\brain\a9e1a503-bcef-4103-9c94-ab351d543298\.system_generated\steps\2039\
	                   1	C:\Users\DannyGeminiAnti\.gemini\antigravity\brain\a9e1a503-bcef-4103-9c94-ab351d543298\.system_generated\steps\2041\
	                   1	C:\Users\DannyGeminiAnti\.gemini\antigravity\brain\a9e1a503-bcef-4103-9c94-ab351d543298\.system_generated\steps\2043\
	                   1	C:\Users\DannyGeminiAnti\.gemini\antigravity\brain\a9e1a503-bcef-4103-9c94-ab351d543298\.system_generated\steps\2045\
	                   1	C:\Users\DannyGeminiAnti\.gemini\antigravity\brain\a9e1a503-bcef-4103-9c94-ab351d543298\.system_generated\steps\2047\
	                   1	C:\Users\DannyGeminiAnti\.gemini\antigravity\brain\a9e1a503-bcef-4103-9c94-ab351d543298\.system_generated\steps\2049\
	                   1	C:\Users\DannyGeminiAnti\.gemini\antigravity\brain\a9e1a503-bcef-4103-9c94-ab351d543298\.system_generated\steps\205\
	                   1	C:\Users\DannyGeminiAnti\.gemini\antigravity\brain\a9e1a503-bcef-4103-9c94-ab351d543298\.system_generated\steps\2051\
	                   1	C:\Users\DannyGeminiAnti\.gemini\antigravity\brain\a9e1a503-bcef-4103-9c94-ab351d543298\.system_generated\steps\2053\
	                   1	C:\Users\DannyGeminiAnti\.gemini\antigravity\brain\a9e1a503-bcef-4103-9c94-ab351d543298\.system_generated\steps\2057\
	                   1	C:\Users\DannyGeminiAnti\.gemini\antigravity\brain\a9e1a503-bcef-4103-9c94-ab351d543298\.system_generated\steps\2059\
	                   1	C:\Users\DannyGeminiAnti\.gemini\antigravity\brain\a9e1a503-bcef-4103-9c94-ab351d543298\.system_generated\steps\2061\
	                   1	C:\Users\DannyGeminiAnti\.gemini\antigravity\brain\a9e1a503-bcef-4103-9c94-ab351d543298\.system_generated\steps\2063\
	                   1	C:\Users\DannyGeminiAnti\.gemini\antigravity\brain\a9e1a503-bcef-4103-9c94-ab351d543298\.system_generated\steps\2065\
	                   1	C:\Users\DannyGeminiAnti\.gemini\antigravity\brain\a9e1a503-bcef-4103-9c94-ab351d543298\.system_generated\steps\2069\
	                   1	C:\Users\DannyGeminiAnti\.gemini\antigravity\brain\a9e1a503-bcef-4103-9c94-ab351d543298\.system_generated\steps\207\
	                   1	C:\Users\DannyGeminiAnti\.gemini\antigravity\brain\a9e1a503-bcef-4103-9c94-ab351d543298\.system_generated\steps\2074\
	                   1	C:\Users\DannyGeminiAnti\.gemini\antigravity\brain\a9e1a503-bcef-4103-9c94-ab351d543298\.system_generated\steps\2076\
	                   1	C:\Users\DannyGeminiAnti\.gemini\antigravity\brain\a9e1a503-bcef-4103-9c94-ab351d543298\.system_generated\steps\2078\
	                   1	C:\Users\DannyGeminiAnti\.gemini\antigravity\brain\a9e1a503-bcef-4103-9c94-ab351d543298\.system_generated\steps\2080\
	                   1	C:\Users\DannyGeminiAnti\.gemini\antigravity\brain\a9e1a503-bcef-4103-9c94-ab351d543298\.system_generated\steps\2082\
	                   1	C:\Users\DannyGeminiAnti\.gemini\antigravity\brain\a9e1a503-bcef-4103-9c94-ab351d543298\.system_generated\steps\2084\
	                   1	C:\Users\DannyGeminiAnti\.gemini\antigravity\brain\a9e1a503-bcef-4103-9c94-ab351d543298\.system_generated\steps\2086\
	                   1	C:\Users\DannyGeminiAnti\.gemini\antigravity\brain\a9e1a503-bcef-4103-9c94-ab351d543298\.system_generated\steps\2088\
	                   1	C:\Users\DannyGeminiAnti\.gemini\antigravity\brain\a9e1a503-bcef-4103-9c94-ab351d543298\.system_generated\steps\209\
	                   1	C:\Users\DannyGeminiAnti\.gemini\antigravity\brain\a9e1a503-bcef-4103-9c94-ab351d543298\.system_generated\steps\2090\
	                   1	C:\Users\DannyGeminiAnti\.gemini\antigravity\brain\a9e1a503-bcef-4103-9c94-ab351d543298\.system_generated\steps\2092\
	                   1	C:\Users\DannyGeminiAnti\.gemini\antigravity\brain\a9e1a503-bcef-4103-9c94-ab351d543298\.system_generated\steps\2094\
	                   1	C:\Users\DannyGeminiAnti\.gemini\antigravity\brain\a9e1a503-bcef-4103-9c94-ab351d543298\.system_generated\steps\2096\
	                   1	C:\Users\DannyGeminiAnti\.gemini\antigravity\brain\a9e1a503-bcef-4103-9c94-ab351d543298\.system_generated\steps\21\
	                   1	C:\Users\DannyGeminiAnti\.gemini\antigravity\brain\a9e1a503-bcef-4103-9c94-ab351d543298\.system_generated\steps\2100\
	                   1	C:\Users\DannyGeminiAnti\.gemini\antigravity\brain\a9e1a503-bcef-4103-9c94-ab351d543298\.system_generated\steps\2102\
	                   1	C:\Users\DannyGeminiAnti\.gemini\antigravity\brain\a9e1a503-bcef-4103-9c94-ab351d543298\.system_generated\steps\2106\
	                   1	C:\Users\DannyGeminiAnti\.gemini\antigravity\brain\a9e1a503-bcef-4103-9c94-ab351d543298\.system_generated\steps\211\
	                   1	C:\Users\DannyGeminiAnti\.gemini\antigravity\brain\a9e1a503-bcef-4103-9c94-ab351d543298\.system_generated\steps\2112\
	                   1	C:\Users\DannyGeminiAnti\.gemini\antigravity\brain\a9e1a503-bcef-4103-9c94-ab351d543298\.system_generated\steps\2116\
	                   1	C:\Users\DannyGeminiAnti\.gemini\antigravity\brain\a9e1a503-bcef-4103-9c94-ab351d543298\.system_generated\steps\2118\
	                   1	C:\Users\DannyGeminiAnti\.gemini\antigravity\brain\a9e1a503-bcef-4103-9c94-ab351d543298\.system_generated\steps\2120\
	                   1	C:\Users\DannyGeminiAnti\.gemini\antigravity\brain\a9e1a503-bcef-4103-9c94-ab351d543298\.system_generated\steps\2124\
	                   1	C:\Users\DannyGeminiAnti\.gemini\antigravity\brain\a9e1a503-bcef-4103-9c94-ab351d543298\.system_generated\steps\2126\
	                   1	C:\Users\DannyGeminiAnti\.gemini\antigravity\brain\a9e1a503-bcef-4103-9c94-ab351d543298\.system_generated\steps\213\
	                   1	C:\Users\DannyGeminiAnti\.gemini\antigravity\brain\a9e1a503-bcef-4103-9c94-ab351d543298\.system_generated\steps\2130\
	                   1	C:\Users\DannyGeminiAnti\.gemini\antigravity\brain\a9e1a503-bcef-4103-9c94-ab351d543298\.system_generated\steps\2134\
	                   1	C:\Users\DannyGeminiAnti\.gemini\antigravity\brain\a9e1a503-bcef-4103-9c94-ab351d543298\.system_generated\steps\2136\
	                   1	C:\Users\DannyGeminiAnti\.gemini\antigravity\brain\a9e1a503-bcef-4103-9c94-ab351d543298\.system_generated\steps\2138\
	                   1	C:\Users\DannyGeminiAnti\.gemini\antigravity\brain\a9e1a503-bcef-4103-9c94-ab351d543298\.system_generated\steps\2141\
	                   1	C:\Users\DannyGeminiAnti\.gemini\antigravity\brain\a9e1a503-bcef-4103-9c94-ab351d543298\.system_generated\steps\2143\
	                   1	C:\Users\DannyGeminiAnti\.gemini\antigravity\brain\a9e1a503-bcef-4103-9c94-ab351d543298\.system_generated\steps\2147\
	                   1	C:\Users\DannyGeminiAnti\.gemini\antigravity\brain\a9e1a503-bcef-4103-9c94-ab351d543298\.system_generated\steps\2149\
	                   1	C:\Users\DannyGeminiAnti\.gemini\antigravity\brain\a9e1a503-bcef-4103-9c94-ab351d543298\.system_generated\steps\2153\
	                   1	C:\Users\DannyGeminiAnti\.gemini\antigravity\brain\a9e1a503-bcef-4103-9c94-ab351d543298\.system_generated\steps\2158\
	                   1	C:\Users\DannyGeminiAnti\.gemini\antigravity\brain\a9e1a503-bcef-4103-9c94-ab351d543298\.system_generated\steps\2162\
	                   1	C:\Users\DannyGeminiAnti\.gemini\antigravity\brain\a9e1a503-bcef-4103-9c94-ab351d543298\.system_generated\steps\2164\
	                   1	C:\Users\DannyGeminiAnti\.gemini\antigravity\brain\a9e1a503-bcef-4103-9c94-ab351d543298\.system_generated\steps\2166\
	                   1	C:\Users\DannyGeminiAnti\.gemini\antigravity\brain\a9e1a503-bcef-4103-9c94-ab351d543298\.system_generated\steps\2168\
	                   1	C:\Users\DannyGeminiAnti\.gemini\antigravity\brain\a9e1a503-bcef-4103-9c94-ab351d543298\.system_generated\steps\217\
	                   1	C:\Users\DannyGeminiAnti\.gemini\antigravity\brain\a9e1a503-bcef-4103-9c94-ab351d543298\.system_generated\steps\2170\
	                   1	C:\Users\DannyGeminiAnti\.gemini\antigravity\brain\a9e1a503-bcef-4103-9c94-ab351d543298\.system_generated\steps\2172\
	                   1	C:\Users\DannyGeminiAnti\.gemini\antigravity\brain\a9e1a503-bcef-4103-9c94-ab351d543298\.system_generated\steps\2176\
	                   1	C:\Users\DannyGeminiAnti\.gemini\antigravity\brain\a9e1a503-bcef-4103-9c94-ab351d543298\.system_generated\steps\2180\
	                   1	C:\Users\DannyGeminiAnti\.gemini\antigravity\brain\a9e1a503-bcef-4103-9c94-ab351d543298\.system_generated\steps\2182\
	                   1	C:\Users\DannyGeminiAnti\.gemini\antigravity\brain\a9e1a503-bcef-4103-9c94-ab351d543298\.system_generated\steps\2184\
	                   1	C:\Users\DannyGeminiAnti\.gemini\antigravity\brain\a9e1a503-bcef-4103-9c94-ab351d543298\.system_generated\steps\2186\
	                   1	C:\Users\DannyGeminiAnti\.gemini\antigravity\brain\a9e1a503-bcef-4103-9c94-ab351d543298\.system_generated\steps\2188\
	                   1	C:\Users\DannyGeminiAnti\.gemini\antigravity\brain\a9e1a503-bcef-4103-9c94-ab351d543298\.system_generated\steps\2190\
	                   1	C:\Users\DannyGeminiAnti\.gemini\antigravity\brain\a9e1a503-bcef-4103-9c94-ab351d543298\.system_generated\steps\2192\
	                   1	C:\Users\DannyGeminiAnti\.gemini\antigravity\brain\a9e1a503-bcef-4103-9c94-ab351d543298\.system_generated\steps\2194\
	                   1	C:\Users\DannyGeminiAnti\.gemini\antigravity\brain\a9e1a503-bcef-4103-9c94-ab351d543298\.system_generated\steps\2198\
	                   1	C:\Users\DannyGeminiAnti\.gemini\antigravity\brain\a9e1a503-bcef-4103-9c94-ab351d543298\.system_generated\steps\2202\
	                   1	C:\Users\DannyGeminiAnti\.gemini\antigravity\brain\a9e1a503-bcef-4103-9c94-ab351d543298\.system_generated\steps\2204\
	                   1	C:\Users\DannyGeminiAnti\.gemini\antigravity\brain\a9e1a503-bcef-4103-9c94-ab351d543298\.system_generated\steps\2206\
	                   1	C:\Users\DannyGeminiAnti\.gemini\antigravity\brain\a9e1a503-bcef-4103-9c94-ab351d543298\.system_generated\steps\2208\
	                   1	C:\Users\DannyGeminiAnti\.gemini\antigravity\brain\a9e1a503-bcef-4103-9c94-ab351d543298\.system_generated\steps\221\
	                   1	C:\Users\DannyGeminiAnti\.gemini\antigravity\brain\a9e1a503-bcef-4103-9c94-ab351d543298\.system_generated\steps\2210\
	                   1	C:\Users\DannyGeminiAnti\.gemini\antigravity\brain\a9e1a503-bcef-4103-9c94-ab351d543298\.system_generated\steps\2212\
	                   1	C:\Users\DannyGeminiAnti\.gemini\antigravity\brain\a9e1a503-bcef-4103-9c94-ab351d543298\.system_generated\steps\2215\
	                   1	C:\Users\DannyGeminiAnti\.gemini\antigravity\brain\a9e1a503-bcef-4103-9c94-ab351d543298\.system_generated\steps\2219\
	                   1	C:\Users\DannyGeminiAnti\.gemini\antigravity\brain\a9e1a503-bcef-4103-9c94-ab351d543298\.system_generated\steps\2223\
	                   1	C:\Users\DannyGeminiAnti\.gemini\antigravity\brain\a9e1a503-bcef-4103-9c94-ab351d543298\.system_generated\steps\2225\
	                   1	C:\Users\DannyGeminiAnti\.gemini\antigravity\brain\a9e1a503-bcef-4103-9c94-ab351d543298\.system_generated\steps\2229\
	                   1	C:\Users\DannyGeminiAnti\.gemini\antigravity\brain\a9e1a503-bcef-4103-9c94-ab351d543298\.system_generated\steps\223\
	                   1	C:\Users\DannyGeminiAnti\.gemini\antigravity\brain\a9e1a503-bcef-4103-9c94-ab351d543298\.system_generated\steps\2231\
	                   1	C:\Users\DannyGeminiAnti\.gemini\antigravity\brain\a9e1a503-bcef-4103-9c94-ab351d543298\.system_generated\steps\2233\
	                   1	C:\Users\DannyGeminiAnti\.gemini\antigravity\brain\a9e1a503-bcef-4103-9c94-ab351d543298\.system_generated\steps\2235\
	                   1	C:\Users\DannyGeminiAnti\.gemini\antigravity\brain\a9e1a503-bcef-4103-9c94-ab351d543298\.system_generated\steps\2237\
	                   1	C:\Users\DannyGeminiAnti\.gemini\antigravity\brain\a9e1a503-bcef-4103-9c94-ab351d543298\.system_generated\steps\2239\
	                   1	C:\Users\DannyGeminiAnti\.gemini\antigravity\brain\a9e1a503-bcef-4103-9c94-ab351d543298\.system_generated\steps\2241\
	                   1	C:\Users\DannyGeminiAnti\.gemini\antigravity\brain\a9e1a503-bcef-4103-9c94-ab351d543298\.system_generated\steps\2243\
	                   1	C:\Users\DannyGeminiAnti\.gemini\antigravity\brain\a9e1a503-bcef-4103-9c94-ab351d543298\.system_generated\steps\2246\
	                   1	C:\Users\DannyGeminiAnti\.gemini\antigravity\brain\a9e1a503-bcef-4103-9c94-ab351d543298\.system_generated\steps\2248\
	                   1	C:\Users\DannyGeminiAnti\.gemini\antigravity\brain\a9e1a503-bcef-4103-9c94-ab351d543298\.system_generated\steps\2250\
	                   1	C:\Users\DannyGeminiAnti\.gemini\antigravity\brain\a9e1a503-bcef-4103-9c94-ab351d543298\.system_generated\steps\2252\
	                   1	C:\Users\DannyGeminiAnti\.gemini\antigravity\brain\a9e1a503-bcef-4103-9c94-ab351d543298\.system_generated\steps\2254\
	                   1	C:\Users\DannyGeminiAnti\.gemini\antigravity\brain\a9e1a503-bcef-4103-9c94-ab351d543298\.system_generated\steps\2256\
	                   1	C:\Users\DannyGeminiAnti\.gemini\antigravity\brain\a9e1a503-bcef-4103-9c94-ab351d543298\.system_generated\steps\2258\
	                   1	C:\Users\DannyGeminiAnti\.gemini\antigravity\brain\a9e1a503-bcef-4103-9c94-ab351d543298\.system_generated\steps\2260\
	                   1	C:\Users\DannyGeminiAnti\.gemini\antigravity\brain\a9e1a503-bcef-4103-9c94-ab351d543298\.system_generated\steps\2262\
	                   1	C:\Users\DannyGeminiAnti\.gemini\antigravity\brain\a9e1a503-bcef-4103-9c94-ab351d543298\.system_generated\steps\2264\
	                   1	C:\Users\DannyGeminiAnti\.gemini\antigravity\brain\a9e1a503-bcef-4103-9c94-ab351d543298\.system_generated\steps\2266\
	                   1	C:\Users\DannyGeminiAnti\.gemini\antigravity\brain\a9e1a503-bcef-4103-9c94-ab351d543298\.system_generated\steps\2268\
	                   1	C:\Users\DannyGeminiAnti\.gemini\antigravity\brain\a9e1a503-bcef-4103-9c94-ab351d543298\.system_generated\steps\227\
	                   1	C:\Users\DannyGeminiAnti\.gemini\antigravity\brain\a9e1a503-bcef-4103-9c94-ab351d543298\.system_generated\steps\2270\
	                   1	C:\Users\DannyGeminiAnti\.gemini\antigravity\brain\a9e1a503-bcef-4103-9c94-ab351d543298\.system_generated\steps\2272\
	                   1	C:\Users\DannyGeminiAnti\.gemini\antigravity\brain\a9e1a503-bcef-4103-9c94-ab351d543298\.system_generated\steps\2274\
	                   1	C:\Users\DannyGeminiAnti\.gemini\antigravity\brain\a9e1a503-bcef-4103-9c94-ab351d543298\.system_generated\steps\2278\
	                   1	C:\Users\DannyGeminiAnti\.gemini\antigravity\brain\a9e1a503-bcef-4103-9c94-ab351d543298\.system_generated\steps\2282\
	                   1	C:\Users\DannyGeminiAnti\.gemini\antigravity\brain\a9e1a503-bcef-4103-9c94-ab351d543298\.system_generated\steps\2284\
	                   1	C:\Users\DannyGeminiAnti\.gemini\antigravity\brain\a9e1a503-bcef-4103-9c94-ab351d543298\.system_generated\steps\2286\
	                   1	C:\Users\DannyGeminiAnti\.gemini\antigravity\brain\a9e1a503-bcef-4103-9c94-ab351d543298\.system_generated\steps\2288\
	                   1	C:\Users\DannyGeminiAnti\.gemini\antigravity\brain\a9e1a503-bcef-4103-9c94-ab351d543298\.system_generated\steps\2291\
	                   1	C:\Users\DannyGeminiAnti\.gemini\antigravity\brain\a9e1a503-bcef-4103-9c94-ab351d543298\.system_generated\steps\2293\
	                   1	C:\Users\DannyGeminiAnti\.gemini\antigravity\brain\a9e1a503-bcef-4103-9c94-ab351d543298\.system_generated\steps\2295\
	                   1	C:\Users\DannyGeminiAnti\.gemini\antigravity\brain\a9e1a503-bcef-4103-9c94-ab351d543298\.system_generated\steps\2297\
	                   1	C:\Users\DannyGeminiAnti\.gemini\antigravity\brain\a9e1a503-bcef-4103-9c94-ab351d543298\.system_generated\steps\2299\
	                   1	C:\Users\DannyGeminiAnti\.gemini\antigravity\brain\a9e1a503-bcef-4103-9c94-ab351d543298\.system_generated\steps\23\
	                   1	C:\Users\DannyGeminiAnti\.gemini\antigravity\brain\a9e1a503-bcef-4103-9c94-ab351d543298\.system_generated\steps\2301\
	                   1	C:\Users\DannyGeminiAnti\.gemini\antigravity\brain\a9e1a503-bcef-4103-9c94-ab351d543298\.system_generated\steps\2303\
	                   1	C:\Users\DannyGeminiAnti\.gemini\antigravity\brain\a9e1a503-bcef-4103-9c94-ab351d543298\.system_generated\steps\2305\
	                   1	C:\Users\DannyGeminiAnti\.gemini\antigravity\brain\a9e1a503-bcef-4103-9c94-ab351d543298\.system_generated\steps\2307\
	                   1	C:\Users\DannyGeminiAnti\.gemini\antigravity\brain\a9e1a503-bcef-4103-9c94-ab351d543298\.system_generated\steps\2309\
	                   1	C:\Users\DannyGeminiAnti\.gemini\antigravity\brain\a9e1a503-bcef-4103-9c94-ab351d543298\.system_generated\steps\2311\
	                   1	C:\Users\DannyGeminiAnti\.gemini\antigravity\brain\a9e1a503-bcef-4103-9c94-ab351d543298\.system_generated\steps\2314\
	                   1	C:\Users\DannyGeminiAnti\.gemini\antigravity\brain\a9e1a503-bcef-4103-9c94-ab351d543298\.system_generated\steps\2318\
	                   1	C:\Users\DannyGeminiAnti\.gemini\antigravity\brain\a9e1a503-bcef-4103-9c94-ab351d543298\.system_generated\steps\2322\
	                   1	C:\Users\DannyGeminiAnti\.gemini\antigravity\brain\a9e1a503-bcef-4103-9c94-ab351d543298\.system_generated\steps\2324\
	                   1	C:\Users\DannyGeminiAnti\.gemini\antigravity\brain\a9e1a503-bcef-4103-9c94-ab351d543298\.system_generated\steps\2326\
	                   1	C:\Users\DannyGeminiAnti\.gemini\antigravity\brain\a9e1a503-bcef-4103-9c94-ab351d543298\.system_generated\steps\233\
	                   1	C:\Users\DannyGeminiAnti\.gemini\antigravity\brain\a9e1a503-bcef-4103-9c94-ab351d543298\.system_generated\steps\2333\
	                   1	C:\Users\DannyGeminiAnti\.gemini\antigravity\brain\a9e1a503-bcef-4103-9c94-ab351d543298\.system_generated\steps\2335\
	                   1	C:\Users\DannyGeminiAnti\.gemini\antigravity\brain\a9e1a503-bcef-4103-9c94-ab351d543298\.system_generated\steps\2337\
	                   1	C:\Users\DannyGeminiAnti\.gemini\antigravity\brain\a9e1a503-bcef-4103-9c94-ab351d543298\.system_generated\steps\2339\
	                   1	C:\Users\DannyGeminiAnti\.gemini\antigravity\brain\a9e1a503-bcef-4103-9c94-ab351d543298\.system_generated\steps\2341\
	                   1	C:\Users\DannyGeminiAnti\.gemini\antigravity\brain\a9e1a503-bcef-4103-9c94-ab351d543298\.system_generated\steps\2343\
	                   1	C:\Users\DannyGeminiAnti\.gemini\antigravity\brain\a9e1a503-bcef-4103-9c94-ab351d543298\.system_generated\steps\2345\
	                   1	C:\Users\DannyGeminiAnti\.gemini\antigravity\brain\a9e1a503-bcef-4103-9c94-ab351d543298\.system_generated\steps\2347\
	                   1	C:\Users\DannyGeminiAnti\.gemini\antigravity\brain\a9e1a503-bcef-4103-9c94-ab351d543298\.system_generated\steps\2349\
	                   1	C:\Users\DannyGeminiAnti\.gemini\antigravity\brain\a9e1a503-bcef-4103-9c94-ab351d543298\.system_generated\steps\235\
	                   1	C:\Users\DannyGeminiAnti\.gemini\antigravity\brain\a9e1a503-bcef-4103-9c94-ab351d543298\.system_generated\steps\2351\
	                   1	C:\Users\DannyGeminiAnti\.gemini\antigravity\brain\a9e1a503-bcef-4103-9c94-ab351d543298\.system_generated\steps\2353\
	                   1	C:\Users\DannyGeminiAnti\.gemini\antigravity\brain\a9e1a503-bcef-4103-9c94-ab351d543298\.system_generated\steps\2355\
	                   1	C:\Users\DannyGeminiAnti\.gemini\antigravity\brain\a9e1a503-bcef-4103-9c94-ab351d543298\.system_generated\steps\2359\
	                   1	C:\Users\DannyGeminiAnti\.gemini\antigravity\brain\a9e1a503-bcef-4103-9c94-ab351d543298\.system_generated\steps\2364\
	                   1	C:\Users\DannyGeminiAnti\.gemini\antigravity\brain\a9e1a503-bcef-4103-9c94-ab351d543298\.system_generated\steps\2366\
	                   1	C:\Users\DannyGeminiAnti\.gemini\antigravity\brain\a9e1a503-bcef-4103-9c94-ab351d543298\.system_generated\steps\2368\
	                   1	C:\Users\DannyGeminiAnti\.gemini\antigravity\brain\a9e1a503-bcef-4103-9c94-ab351d543298\.system_generated\steps\237\
	                   1	C:\Users\DannyGeminiAnti\.gemini\antigravity\brain\a9e1a503-bcef-4103-9c94-ab351d543298\.system_generated\steps\2370\
	                   1	C:\Users\DannyGeminiAnti\.gemini\antigravity\brain\a9e1a503-bcef-4103-9c94-ab351d543298\.system_generated\steps\2372\
	                   1	C:\Users\DannyGeminiAnti\.gemini\antigravity\brain\a9e1a503-bcef-4103-9c94-ab351d543298\.system_generated\steps\2374\
	                   1	C:\Users\DannyGeminiAnti\.gemini\antigravity\brain\a9e1a503-bcef-4103-9c94-ab351d543298\.system_generated\steps\2376\
	                   1	C:\Users\DannyGeminiAnti\.gemini\antigravity\brain\a9e1a503-bcef-4103-9c94-ab351d543298\.system_generated\steps\2378\
	                   1	C:\Users\DannyGeminiAnti\.gemini\antigravity\brain\a9e1a503-bcef-4103-9c94-ab351d543298\.system_generated\steps\2380\
	                   1	C:\Users\DannyGeminiAnti\.gemini\antigravity\brain\a9e1a503-bcef-4103-9c94-ab351d543298\.system_generated\steps\2382\
	                   1	C:\Users\DannyGeminiAnti\.gemini\antigravity\brain\a9e1a503-bcef-4103-9c94-ab351d543298\.system_generated\steps\2384\
	                   1	C:\Users\DannyGeminiAnti\.gemini\antigravity\brain\a9e1a503-bcef-4103-9c94-ab351d543298\.system_generated\steps\2386\
	                   1	C:\Users\DannyGeminiAnti\.gemini\antigravity\brain\a9e1a503-bcef-4103-9c94-ab351d543298\.system_generated\steps\2388\
	                   1	C:\Users\DannyGeminiAnti\.gemini\antigravity\brain\a9e1a503-bcef-4103-9c94-ab351d543298\.system_generated\steps\239\
	                   1	C:\Users\DannyGeminiAnti\.gemini\antigravity\brain\a9e1a503-bcef-4103-9c94-ab351d543298\.system_generated\steps\2390\
	                   1	C:\Users\DannyGeminiAnti\.gemini\antigravity\brain\a9e1a503-bcef-4103-9c94-ab351d543298\.system_generated\steps\2392\
	                   1	C:\Users\DannyGeminiAnti\.gemini\antigravity\brain\a9e1a503-bcef-4103-9c94-ab351d543298\.system_generated\steps\2394\
	                   1	C:\Users\DannyGeminiAnti\.gemini\antigravity\brain\a9e1a503-bcef-4103-9c94-ab351d543298\.system_generated\steps\2396\
	                   1	C:\Users\DannyGeminiAnti\.gemini\antigravity\brain\a9e1a503-bcef-4103-9c94-ab351d543298\.system_generated\steps\2398\
	                   1	C:\Users\DannyGeminiAnti\.gemini\antigravity\brain\a9e1a503-bcef-4103-9c94-ab351d543298\.system_generated\steps\2400\
	                   1	C:\Users\DannyGeminiAnti\.gemini\antigravity\brain\a9e1a503-bcef-4103-9c94-ab351d543298\.system_generated\steps\2402\
	                   1	C:\Users\DannyGeminiAnti\.gemini\antigravity\brain\a9e1a503-bcef-4103-9c94-ab351d543298\.system_generated\steps\2406\
	                   1	C:\Users\DannyGeminiAnti\.gemini\antigravity\brain\a9e1a503-bcef-4103-9c94-ab351d543298\.system_generated\steps\241\
	                   1	C:\Users\DannyGeminiAnti\.gemini\antigravity\brain\a9e1a503-bcef-4103-9c94-ab351d543298\.system_generated\steps\2410\
	                   1	C:\Users\DannyGeminiAnti\.gemini\antigravity\brain\a9e1a503-bcef-4103-9c94-ab351d543298\.system_generated\steps\2412\
	                   1	C:\Users\DannyGeminiAnti\.gemini\antigravity\brain\a9e1a503-bcef-4103-9c94-ab351d543298\.system_generated\steps\2414\
	                   1	C:\Users\DannyGeminiAnti\.gemini\antigravity\brain\a9e1a503-bcef-4103-9c94-ab351d543298\.system_generated\steps\2416\
	                   1	C:\Users\DannyGeminiAnti\.gemini\antigravity\brain\a9e1a503-bcef-4103-9c94-ab351d543298\.system_generated\steps\2419\
	                   1	C:\Users\DannyGeminiAnti\.gemini\antigravity\brain\a9e1a503-bcef-4103-9c94-ab351d543298\.system_generated\steps\2421\
	                   1	C:\Users\DannyGeminiAnti\.gemini\antigravity\brain\a9e1a503-bcef-4103-9c94-ab351d543298\.system_generated\steps\2423\
	                   1	C:\Users\DannyGeminiAnti\.gemini\antigravity\brain\a9e1a503-bcef-4103-9c94-ab351d543298\.system_generated\steps\2425\
	                   1	C:\Users\DannyGeminiAnti\.gemini\antigravity\brain\a9e1a503-bcef-4103-9c94-ab351d543298\.system_generated\steps\2427\
	                   1	C:\Users\DannyGeminiAnti\.gemini\antigravity\brain\a9e1a503-bcef-4103-9c94-ab351d543298\.system_generated\steps\2429\
	                   1	C:\Users\DannyGeminiAnti\.gemini\antigravity\brain\a9e1a503-bcef-4103-9c94-ab351d543298\.system_generated\steps\243\
	                   1	C:\Users\DannyGeminiAnti\.gemini\antigravity\brain\a9e1a503-bcef-4103-9c94-ab351d543298\.system_generated\steps\2431\
	                   1	C:\Users\DannyGeminiAnti\.gemini\antigravity\brain\a9e1a503-bcef-4103-9c94-ab351d543298\.system_generated\steps\2433\
	                   1	C:\Users\DannyGeminiAnti\.gemini\antigravity\brain\a9e1a503-bcef-4103-9c94-ab351d543298\.system_generated\steps\2435\
	                   1	C:\Users\DannyGeminiAnti\.gemini\antigravity\brain\a9e1a503-bcef-4103-9c94-ab351d543298\.system_generated\steps\2437\
	                   1	C:\Users\DannyGeminiAnti\.gemini\antigravity\brain\a9e1a503-bcef-4103-9c94-ab351d543298\.system_generated\steps\2440\
	                   1	C:\Users\DannyGeminiAnti\.gemini\antigravity\brain\a9e1a503-bcef-4103-9c94-ab351d543298\.system_generated\steps\2442\
	                   1	C:\Users\DannyGeminiAnti\.gemini\antigravity\brain\a9e1a503-bcef-4103-9c94-ab351d543298\.system_generated\steps\2444\
	                   1	C:\Users\DannyGeminiAnti\.gemini\antigravity\brain\a9e1a503-bcef-4103-9c94-ab351d543298\.system_generated\steps\2448\
	                   1	C:\Users\DannyGeminiAnti\.gemini\antigravity\brain\a9e1a503-bcef-4103-9c94-ab351d543298\.system_generated\steps\245\
	                   1	C:\Users\DannyGeminiAnti\.gemini\antigravity\brain\a9e1a503-bcef-4103-9c94-ab351d543298\.system_generated\steps\2450\
	                   1	C:\Users\DannyGeminiAnti\.gemini\antigravity\brain\a9e1a503-bcef-4103-9c94-ab351d543298\.system_generated\steps\2452\
	                   1	C:\Users\DannyGeminiAnti\.gemini\antigravity\brain\a9e1a503-bcef-4103-9c94-ab351d543298\.system_generated\steps\2454\
	                   1	C:\Users\DannyGeminiAnti\.gemini\antigravity\brain\a9e1a503-bcef-4103-9c94-ab351d543298\.system_generated\steps\2458\
	                   1	C:\Users\DannyGeminiAnti\.gemini\antigravity\brain\a9e1a503-bcef-4103-9c94-ab351d543298\.system_generated\steps\2462\
	                   1	C:\Users\DannyGeminiAnti\.gemini\antigravity\brain\a9e1a503-bcef-4103-9c94-ab351d543298\.system_generated\steps\2464\
	                   1	C:\Users\DannyGeminiAnti\.gemini\antigravity\brain\a9e1a503-bcef-4103-9c94-ab351d543298\.system_generated\steps\2466\
	                   1	C:\Users\DannyGeminiAnti\.gemini\antigravity\brain\a9e1a503-bcef-4103-9c94-ab351d543298\.system_generated\steps\2468\
	                   1	C:\Users\DannyGeminiAnti\.gemini\antigravity\brain\a9e1a503-bcef-4103-9c94-ab351d543298\.system_generated\steps\2470\
	                   1	C:\Users\DannyGeminiAnti\.gemini\antigravity\brain\a9e1a503-bcef-4103-9c94-ab351d543298\.system_generated\steps\2472\
	                   1	C:\Users\DannyGeminiAnti\.gemini\antigravity\brain\a9e1a503-bcef-4103-9c94-ab351d543298\.system_generated\steps\2474\
	                   1	C:\Users\DannyGeminiAnti\.gemini\antigravity\brain\a9e1a503-bcef-4103-9c94-ab351d543298\.system_generated\steps\2477\
	                   1	C:\Users\DannyGeminiAnti\.gemini\antigravity\brain\a9e1a503-bcef-4103-9c94-ab351d543298\.system_generated\steps\2479\
	                   1	C:\Users\DannyGeminiAnti\.gemini\antigravity\brain\a9e1a503-bcef-4103-9c94-ab351d543298\.system_generated\steps\2481\
	                   1	C:\Users\DannyGeminiAnti\.gemini\antigravity\brain\a9e1a503-bcef-4103-9c94-ab351d543298\.system_generated\steps\2483\
	                   1	C:\Users\DannyGeminiAnti\.gemini\antigravity\brain\a9e1a503-bcef-4103-9c94-ab351d543298\.system_generated\steps\2485\
	                   1	C:\Users\DannyGeminiAnti\.gemini\antigravity\brain\a9e1a503-bcef-4103-9c94-ab351d543298\.system_generated\steps\2487\
	                   1	C:\Users\DannyGeminiAnti\.gemini\antigravity\brain\a9e1a503-bcef-4103-9c94-ab351d543298\.system_generated\steps\2489\
	                   1	C:\Users\DannyGeminiAnti\.gemini\antigravity\brain\a9e1a503-bcef-4103-9c94-ab351d543298\.system_generated\steps\2491\
	                   1	C:\Users\DannyGeminiAnti\.gemini\antigravity\brain\a9e1a503-bcef-4103-9c94-ab351d543298\.system_generated\steps\2495\
	                   1	C:\Users\DannyGeminiAnti\.gemini\antigravity\brain\a9e1a503-bcef-4103-9c94-ab351d543298\.system_generated\steps\2497\
	                   1	C:\Users\DannyGeminiAnti\.gemini\antigravity\brain\a9e1a503-bcef-4103-9c94-ab351d543298\.system_generated\steps\2499\
	                   1	C:\Users\DannyGeminiAnti\.gemini\antigravity\brain\a9e1a503-bcef-4103-9c94-ab351d543298\.system_generated\steps\2503\
	                   1	C:\Users\DannyGeminiAnti\.gemini\antigravity\brain\a9e1a503-bcef-4103-9c94-ab351d543298\.system_generated\steps\2505\
	                   1	C:\Users\DannyGeminiAnti\.gemini\antigravity\brain\a9e1a503-bcef-4103-9c94-ab351d543298\.system_generated\steps\2507\
	                   1	C:\Users\DannyGeminiAnti\.gemini\antigravity\brain\a9e1a503-bcef-4103-9c94-ab351d543298\.system_generated\steps\2509\
	                   1	C:\Users\DannyGeminiAnti\.gemini\antigravity\brain\a9e1a503-bcef-4103-9c94-ab351d543298\.system_generated\steps\2511\
	                   1	C:\Users\DannyGeminiAnti\.gemini\antigravity\brain\a9e1a503-bcef-4103-9c94-ab351d543298\.system_generated\steps\2513\
	                   1	C:\Users\DannyGeminiAnti\.gemini\antigravity\brain\a9e1a503-bcef-4103-9c94-ab351d543298\.system_generated\steps\2515\
	                   1	C:\Users\DannyGeminiAnti\.gemini\antigravity\brain\a9e1a503-bcef-4103-9c94-ab351d543298\.system_generated\steps\2517\
	                   1	C:\Users\DannyGeminiAnti\.gemini\antigravity\brain\a9e1a503-bcef-4103-9c94-ab351d543298\.system_generated\steps\2519\
	                   1	C:\Users\DannyGeminiAnti\.gemini\antigravity\brain\a9e1a503-bcef-4103-9c94-ab351d543298\.system_generated\steps\2521\
	                   1	C:\Users\DannyGeminiAnti\.gemini\antigravity\brain\a9e1a503-bcef-4103-9c94-ab351d543298\.system_generated\steps\2526\
	                   1	C:\Users\DannyGeminiAnti\.gemini\antigravity\brain\a9e1a503-bcef-4103-9c94-ab351d543298\.system_generated\steps\2528\
	                   1	C:\Users\DannyGeminiAnti\.gemini\antigravity\brain\a9e1a503-bcef-4103-9c94-ab351d543298\.system_generated\steps\253\
	                   1	C:\Users\DannyGeminiAnti\.gemini\antigravity\brain\a9e1a503-bcef-4103-9c94-ab351d543298\.system_generated\steps\2530\
	                   1	C:\Users\DannyGeminiAnti\.gemini\antigravity\brain\a9e1a503-bcef-4103-9c94-ab351d543298\.system_generated\steps\2532\
	                   1	C:\Users\DannyGeminiAnti\.gemini\antigravity\brain\a9e1a503-bcef-4103-9c94-ab351d543298\.system_generated\steps\2534\
	                   1	C:\Users\DannyGeminiAnti\.gemini\antigravity\brain\a9e1a503-bcef-4103-9c94-ab351d543298\.system_generated\steps\2536\
	                   1	C:\Users\DannyGeminiAnti\.gemini\antigravity\brain\a9e1a503-bcef-4103-9c94-ab351d543298\.system_generated\steps\2538\
	                   1	C:\Users\DannyGeminiAnti\.gemini\antigravity\brain\a9e1a503-bcef-4103-9c94-ab351d543298\.system_generated\steps\2540\
	                   1	C:\Users\DannyGeminiAnti\.gemini\antigravity\brain\a9e1a503-bcef-4103-9c94-ab351d543298\.system_generated\steps\2542\
	                   1	C:\Users\DannyGeminiAnti\.gemini\antigravity\brain\a9e1a503-bcef-4103-9c94-ab351d543298\.system_generated\steps\2546\
	                   1	C:\Users\DannyGeminiAnti\.gemini\antigravity\brain\a9e1a503-bcef-4103-9c94-ab351d543298\.system_generated\steps\255\
	                   1	C:\Users\DannyGeminiAnti\.gemini\antigravity\brain\a9e1a503-bcef-4103-9c94-ab351d543298\.system_generated\steps\2553\
	                   1	C:\Users\DannyGeminiAnti\.gemini\antigravity\brain\a9e1a503-bcef-4103-9c94-ab351d543298\.system_generated\steps\2555\
	                   1	C:\Users\DannyGeminiAnti\.gemini\antigravity\brain\a9e1a503-bcef-4103-9c94-ab351d543298\.system_generated\steps\2557\
	                   1	C:\Users\DannyGeminiAnti\.gemini\antigravity\brain\a9e1a503-bcef-4103-9c94-ab351d543298\.system_generated\steps\2563\
	                   1	C:\Users\DannyGeminiAnti\.gemini\antigravity\brain\a9e1a503-bcef-4103-9c94-ab351d543298\.system_generated\steps\2565\
	                   1	C:\Users\DannyGeminiAnti\.gemini\antigravity\brain\a9e1a503-bcef-4103-9c94-ab351d543298\.system_generated\steps\2567\
	                   1	C:\Users\DannyGeminiAnti\.gemini\antigravity\brain\a9e1a503-bcef-4103-9c94-ab351d543298\.system_generated\steps\2569\
	                   1	C:\Users\DannyGeminiAnti\.gemini\antigravity\brain\a9e1a503-bcef-4103-9c94-ab351d543298\.system_generated\steps\2571\
	                   1	C:\Users\DannyGeminiAnti\.gemini\antigravity\brain\a9e1a503-bcef-4103-9c94-ab351d543298\.system_generated\steps\2573\
	                   1	C:\Users\DannyGeminiAnti\.gemini\antigravity\brain\a9e1a503-bcef-4103-9c94-ab351d543298\.system_generated\steps\2575\
	                   1	C:\Users\DannyGeminiAnti\.gemini\antigravity\brain\a9e1a503-bcef-4103-9c94-ab351d543298\.system_generated\steps\2577\
	                   1	C:\Users\DannyGeminiAnti\.gemini\antigravity\brain\a9e1a503-bcef-4103-9c94-ab351d543298\.system_generated\steps\2579\
	                   1	C:\Users\DannyGeminiAnti\.gemini\antigravity\brain\a9e1a503-bcef-4103-9c94-ab351d543298\.system_generated\steps\2581\
	                   1	C:\Users\DannyGeminiAnti\.gemini\antigravity\brain\a9e1a503-bcef-4103-9c94-ab351d543298\.system_generated\steps\2583\
	                   1	C:\Users\DannyGeminiAnti\.gemini\antigravity\brain\a9e1a503-bcef-4103-9c94-ab351d543298\.system_generated\steps\2585\
	                   1	C:\Users\DannyGeminiAnti\.gemini\antigravity\brain\a9e1a503-bcef-4103-9c94-ab351d543298\.system_generated\steps\2587\
	                   1	C:\Users\DannyGeminiAnti\.gemini\antigravity\brain\a9e1a503-bcef-4103-9c94-ab351d543298\.system_generated\steps\2589\
	                   1	C:\Users\DannyGeminiAnti\.gemini\antigravity\brain\a9e1a503-bcef-4103-9c94-ab351d543298\.system_generated\steps\2591\
	                   1	C:\Users\DannyGeminiAnti\.gemini\antigravity\brain\a9e1a503-bcef-4103-9c94-ab351d543298\.system_generated\steps\2593\
	                   1	C:\Users\DannyGeminiAnti\.gemini\antigravity\brain\a9e1a503-bcef-4103-9c94-ab351d543298\.system_generated\steps\2595\
	                   1	C:\Users\DannyGeminiAnti\.gemini\antigravity\brain\a9e1a503-bcef-4103-9c94-ab351d543298\.system_generated\steps\2599\
	                   1	C:\Users\DannyGeminiAnti\.gemini\antigravity\brain\a9e1a503-bcef-4103-9c94-ab351d543298\.system_generated\steps\2601\
	                   1	C:\Users\DannyGeminiAnti\.gemini\antigravity\brain\a9e1a503-bcef-4103-9c94-ab351d543298\.system_generated\steps\2605\
	                   1	C:\Users\DannyGeminiAnti\.gemini\antigravity\brain\a9e1a503-bcef-4103-9c94-ab351d543298\.system_generated\steps\2607\
	                   1	C:\Users\DannyGeminiAnti\.gemini\antigravity\brain\a9e1a503-bcef-4103-9c94-ab351d543298\.system_generated\steps\2611\
	                   1	C:\Users\DannyGeminiAnti\.gemini\antigravity\brain\a9e1a503-bcef-4103-9c94-ab351d543298\.system_generated\steps\2613\
	                   1	C:\Users\DannyGeminiAnti\.gemini\antigravity\brain\a9e1a503-bcef-4103-9c94-ab351d543298\.system_generated\steps\2615\
	                   1	C:\Users\DannyGeminiAnti\.gemini\antigravity\brain\a9e1a503-bcef-4103-9c94-ab351d543298\.system_generated\steps\2619\
	                   1	C:\Users\DannyGeminiAnti\.gemini\antigravity\brain\a9e1a503-bcef-4103-9c94-ab351d543298\.system_generated\steps\262\
	                   1	C:\Users\DannyGeminiAnti\.gemini\antigravity\brain\a9e1a503-bcef-4103-9c94-ab351d543298\.system_generated\steps\2621\
	                   1	C:\Users\DannyGeminiAnti\.gemini\antigravity\brain\a9e1a503-bcef-4103-9c94-ab351d543298\.system_generated\steps\2623\
	                   1	C:\Users\DannyGeminiAnti\.gemini\antigravity\brain\a9e1a503-bcef-4103-9c94-ab351d543298\.system_generated\steps\2631\
	                   1	C:\Users\DannyGeminiAnti\.gemini\antigravity\brain\a9e1a503-bcef-4103-9c94-ab351d543298\.system_generated\steps\2633\
	                   1	C:\Users\DannyGeminiAnti\.gemini\antigravity\brain\a9e1a503-bcef-4103-9c94-ab351d543298\.system_generated\steps\2635\
	                   1	C:\Users\DannyGeminiAnti\.gemini\antigravity\brain\a9e1a503-bcef-4103-9c94-ab351d543298\.system_generated\steps\2637\
	                   1	C:\Users\DannyGeminiAnti\.gemini\antigravity\brain\a9e1a503-bcef-4103-9c94-ab351d543298\.system_generated\steps\2639\
	                   1	C:\Users\DannyGeminiAnti\.gemini\antigravity\brain\a9e1a503-bcef-4103-9c94-ab351d543298\.system_generated\steps\264\
	                   1	C:\Users\DannyGeminiAnti\.gemini\antigravity\brain\a9e1a503-bcef-4103-9c94-ab351d543298\.system_generated\steps\2641\
	                   1	C:\Users\DannyGeminiAnti\.gemini\antigravity\brain\a9e1a503-bcef-4103-9c94-ab351d543298\.system_generated\steps\2643\
	                   1	C:\Users\DannyGeminiAnti\.gemini\antigravity\brain\a9e1a503-bcef-4103-9c94-ab351d543298\.system_generated\steps\2645\
	                   1	C:\Users\DannyGeminiAnti\.gemini\antigravity\brain\a9e1a503-bcef-4103-9c94-ab351d543298\.system_generated\steps\2647\
	                   1	C:\Users\DannyGeminiAnti\.gemini\antigravity\brain\a9e1a503-bcef-4103-9c94-ab351d543298\.system_generated\steps\2649\
	                   1	C:\Users\DannyGeminiAnti\.gemini\antigravity\brain\a9e1a503-bcef-4103-9c94-ab351d543298\.system_generated\steps\2651\
	                   1	C:\Users\DannyGeminiAnti\.gemini\antigravity\brain\a9e1a503-bcef-4103-9c94-ab351d543298\.system_generated\steps\2653\
	                   1	C:\Users\DannyGeminiAnti\.gemini\antigravity\brain\a9e1a503-bcef-4103-9c94-ab351d543298\.system_generated\steps\2655\
	                   1	C:\Users\DannyGeminiAnti\.gemini\antigravity\brain\a9e1a503-bcef-4103-9c94-ab351d543298\.system_generated\steps\2657\
	                   1	C:\Users\DannyGeminiAnti\.gemini\antigravity\brain\a9e1a503-bcef-4103-9c94-ab351d543298\.system_generated\steps\2659\
	                   1	C:\Users\DannyGeminiAnti\.gemini\antigravity\brain\a9e1a503-bcef-4103-9c94-ab351d543298\.system_generated\steps\266\
	                   1	C:\Users\DannyGeminiAnti\.gemini\antigravity\brain\a9e1a503-bcef-4103-9c94-ab351d543298\.system_generated\steps\2661\
	                   1	C:\Users\DannyGeminiAnti\.gemini\antigravity\brain\a9e1a503-bcef-4103-9c94-ab351d543298\.system_generated\steps\2663\
	                   1	C:\Users\DannyGeminiAnti\.gemini\antigravity\brain\a9e1a503-bcef-4103-9c94-ab351d543298\.system_generated\steps\2667\
	                   1	C:\Users\DannyGeminiAnti\.gemini\antigravity\brain\a9e1a503-bcef-4103-9c94-ab351d543298\.system_generated\steps\2669\
	                   1	C:\Users\DannyGeminiAnti\.gemini\antigravity\brain\a9e1a503-bcef-4103-9c94-ab351d543298\.system_generated\steps\2671\
	                   1	C:\Users\DannyGeminiAnti\.gemini\antigravity\brain\a9e1a503-bcef-4103-9c94-ab351d543298\.system_generated\steps\2675\
	                   1	C:\Users\DannyGeminiAnti\.gemini\antigravity\brain\a9e1a503-bcef-4103-9c94-ab351d543298\.system_generated\steps\2677\
	                   1	C:\Users\DannyGeminiAnti\.gemini\antigravity\brain\a9e1a503-bcef-4103-9c94-ab351d543298\.system_generated\steps\2679\
	                   1	C:\Users\DannyGeminiAnti\.gemini\antigravity\brain\a9e1a503-bcef-4103-9c94-ab351d543298\.system_generated\steps\268\
	                   1	C:\Users\DannyGeminiAnti\.gemini\antigravity\brain\a9e1a503-bcef-4103-9c94-ab351d543298\.system_generated\steps\2681\
	                   1	C:\Users\DannyGeminiAnti\.gemini\antigravity\brain\a9e1a503-bcef-4103-9c94-ab351d543298\.system_generated\steps\2683\
	                   1	C:\Users\DannyGeminiAnti\.gemini\antigravity\brain\a9e1a503-bcef-4103-9c94-ab351d543298\.system_generated\steps\2685\
	                   1	C:\Users\DannyGeminiAnti\.gemini\antigravity\brain\a9e1a503-bcef-4103-9c94-ab351d543298\.system_generated\steps\2687\
	                   1	C:\Users\DannyGeminiAnti\.gemini\antigravity\brain\a9e1a503-bcef-4103-9c94-ab351d543298\.system_generated\steps\2689\
	                   1	C:\Users\DannyGeminiAnti\.gemini\antigravity\brain\a9e1a503-bcef-4103-9c94-ab351d543298\.system_generated\steps\2693\
	                   1	C:\Users\DannyGeminiAnti\.gemini\antigravity\brain\a9e1a503-bcef-4103-9c94-ab351d543298\.system_generated\steps\2695\
	                   1	C:\Users\DannyGeminiAnti\.gemini\antigravity\brain\a9e1a503-bcef-4103-9c94-ab351d543298\.system_generated\steps\2699\
	                   1	C:\Users\DannyGeminiAnti\.gemini\antigravity\brain\a9e1a503-bcef-4103-9c94-ab351d543298\.system_generated\steps\27\
	                   1	C:\Users\DannyGeminiAnti\.gemini\antigravity\brain\a9e1a503-bcef-4103-9c94-ab351d543298\.system_generated\steps\270\
	                   1	C:\Users\DannyGeminiAnti\.gemini\antigravity\brain\a9e1a503-bcef-4103-9c94-ab351d543298\.system_generated\steps\2701\
	                   1	C:\Users\DannyGeminiAnti\.gemini\antigravity\brain\a9e1a503-bcef-4103-9c94-ab351d543298\.system_generated\steps\2703\
	                   1	C:\Users\DannyGeminiAnti\.gemini\antigravity\brain\a9e1a503-bcef-4103-9c94-ab351d543298\.system_generated\steps\2707\
	                   1	C:\Users\DannyGeminiAnti\.gemini\antigravity\brain\a9e1a503-bcef-4103-9c94-ab351d543298\.system_generated\steps\2709\
	                   1	C:\Users\DannyGeminiAnti\.gemini\antigravity\brain\a9e1a503-bcef-4103-9c94-ab351d543298\.system_generated\steps\2711\
	                   1	C:\Users\DannyGeminiAnti\.gemini\antigravity\brain\a9e1a503-bcef-4103-9c94-ab351d543298\.system_generated\steps\2713\
	                   1	C:\Users\DannyGeminiAnti\.gemini\antigravity\brain\a9e1a503-bcef-4103-9c94-ab351d543298\.system_generated\steps\2717\
	                   1	C:\Users\DannyGeminiAnti\.gemini\antigravity\brain\a9e1a503-bcef-4103-9c94-ab351d543298\.system_generated\steps\2719\
	                   1	C:\Users\DannyGeminiAnti\.gemini\antigravity\brain\a9e1a503-bcef-4103-9c94-ab351d543298\.system_generated\steps\272\
	                   1	C:\Users\DannyGeminiAnti\.gemini\antigravity\brain\a9e1a503-bcef-4103-9c94-ab351d543298\.system_generated\steps\2721\
	                   1	C:\Users\DannyGeminiAnti\.gemini\antigravity\brain\a9e1a503-bcef-4103-9c94-ab351d543298\.system_generated\steps\2723\
	                   1	C:\Users\DannyGeminiAnti\.gemini\antigravity\brain\a9e1a503-bcef-4103-9c94-ab351d543298\.system_generated\steps\2725\
	                   1	C:\Users\DannyGeminiAnti\.gemini\antigravity\brain\a9e1a503-bcef-4103-9c94-ab351d543298\.system_generated\steps\2727\
	                   1	C:\Users\DannyGeminiAnti\.gemini\antigravity\brain\a9e1a503-bcef-4103-9c94-ab351d543298\.system_generated\steps\2729\
	                   1	C:\Users\DannyGeminiAnti\.gemini\antigravity\brain\a9e1a503-bcef-4103-9c94-ab351d543298\.system_generated\steps\2731\
	                   1	C:\Users\DannyGeminiAnti\.gemini\antigravity\brain\a9e1a503-bcef-4103-9c94-ab351d543298\.system_generated\steps\2734\
	                   1	C:\Users\DannyGeminiAnti\.gemini\antigravity\brain\a9e1a503-bcef-4103-9c94-ab351d543298\.system_generated\steps\2736\
	                   1	C:\Users\DannyGeminiAnti\.gemini\antigravity\brain\a9e1a503-bcef-4103-9c94-ab351d543298\.system_generated\steps\2738\
	                   1	C:\Users\DannyGeminiAnti\.gemini\antigravity\brain\a9e1a503-bcef-4103-9c94-ab351d543298\.system_generated\steps\274\
	                   1	C:\Users\DannyGeminiAnti\.gemini\antigravity\brain\a9e1a503-bcef-4103-9c94-ab351d543298\.system_generated\steps\2740\
	                   1	C:\Users\DannyGeminiAnti\.gemini\antigravity\brain\a9e1a503-bcef-4103-9c94-ab351d543298\.system_generated\steps\2742\
	                   1	C:\Users\DannyGeminiAnti\.gemini\antigravity\brain\a9e1a503-bcef-4103-9c94-ab351d543298\.system_generated\steps\2744\
	                   1	C:\Users\DannyGeminiAnti\.gemini\antigravity\brain\a9e1a503-bcef-4103-9c94-ab351d543298\.system_generated\steps\2746\
	                   1	C:\Users\DannyGeminiAnti\.gemini\antigravity\brain\a9e1a503-bcef-4103-9c94-ab351d543298\.system_generated\steps\2748\
	                   1	C:\Users\DannyGeminiAnti\.gemini\antigravity\brain\a9e1a503-bcef-4103-9c94-ab351d543298\.system_generated\steps\2750\
	                   1	C:\Users\DannyGeminiAnti\.gemini\antigravity\brain\a9e1a503-bcef-4103-9c94-ab351d543298\.system_generated\steps\2752\
	                   1	C:\Users\DannyGeminiAnti\.gemini\antigravity\brain\a9e1a503-bcef-4103-9c94-ab351d543298\.system_generated\steps\2754\
	                   1	C:\Users\DannyGeminiAnti\.gemini\antigravity\brain\a9e1a503-bcef-4103-9c94-ab351d543298\.system_generated\steps\2756\
	                   1	C:\Users\DannyGeminiAnti\.gemini\antigravity\brain\a9e1a503-bcef-4103-9c94-ab351d543298\.system_generated\steps\2758\
	                   1	C:\Users\DannyGeminiAnti\.gemini\antigravity\brain\a9e1a503-bcef-4103-9c94-ab351d543298\.system_generated\steps\2760\
	                   1	C:\Users\DannyGeminiAnti\.gemini\antigravity\brain\a9e1a503-bcef-4103-9c94-ab351d543298\.system_generated\steps\2762\
	                   1	C:\Users\DannyGeminiAnti\.gemini\antigravity\brain\a9e1a503-bcef-4103-9c94-ab351d543298\.system_generated\steps\2764\
	                   1	C:\Users\DannyGeminiAnti\.gemini\antigravity\brain\a9e1a503-bcef-4103-9c94-ab351d543298\.system_generated\steps\2766\
	                   1	C:\Users\DannyGeminiAnti\.gemini\antigravity\brain\a9e1a503-bcef-4103-9c94-ab351d543298\.system_generated\steps\2768\
	                   1	C:\Users\DannyGeminiAnti\.gemini\antigravity\brain\a9e1a503-bcef-4103-9c94-ab351d543298\.system_generated\steps\2770\
	                   1	C:\Users\DannyGeminiAnti\.gemini\antigravity\brain\a9e1a503-bcef-4103-9c94-ab351d543298\.system_generated\steps\2772\
	                   1	C:\Users\DannyGeminiAnti\.gemini\antigravity\brain\a9e1a503-bcef-4103-9c94-ab351d543298\.system_generated\steps\2774\
	                   1	C:\Users\DannyGeminiAnti\.gemini\antigravity\brain\a9e1a503-bcef-4103-9c94-ab351d543298\.system_generated\steps\278\
	                   1	C:\Users\DannyGeminiAnti\.gemini\antigravity\brain\a9e1a503-bcef-4103-9c94-ab351d543298\.system_generated\steps\2782\
	                   1	C:\Users\DannyGeminiAnti\.gemini\antigravity\brain\a9e1a503-bcef-4103-9c94-ab351d543298\.system_generated\steps\2786\
	                   1	C:\Users\DannyGeminiAnti\.gemini\antigravity\brain\a9e1a503-bcef-4103-9c94-ab351d543298\.system_generated\steps\2788\
	                   1	C:\Users\DannyGeminiAnti\.gemini\antigravity\brain\a9e1a503-bcef-4103-9c94-ab351d543298\.system_generated\steps\2790\
	                   1	C:\Users\DannyGeminiAnti\.gemini\antigravity\brain\a9e1a503-bcef-4103-9c94-ab351d543298\.system_generated\steps\2796\
	                   1	C:\Users\DannyGeminiAnti\.gemini\antigravity\brain\a9e1a503-bcef-4103-9c94-ab351d543298\.system_generated\steps\2798\
	                   1	C:\Users\DannyGeminiAnti\.gemini\antigravity\brain\a9e1a503-bcef-4103-9c94-ab351d543298\.system_generated\steps\280\
	                   1	C:\Users\DannyGeminiAnti\.gemini\antigravity\brain\a9e1a503-bcef-4103-9c94-ab351d543298\.system_generated\steps\2800\
	                   1	C:\Users\DannyGeminiAnti\.gemini\antigravity\brain\a9e1a503-bcef-4103-9c94-ab351d543298\.system_generated\steps\2802\
	                   1	C:\Users\DannyGeminiAnti\.gemini\antigravity\brain\a9e1a503-bcef-4103-9c94-ab351d543298\.system_generated\steps\2813\
	                   1	C:\Users\DannyGeminiAnti\.gemini\antigravity\brain\a9e1a503-bcef-4103-9c94-ab351d543298\.system_generated\steps\2817\
	                   1	C:\Users\DannyGeminiAnti\.gemini\antigravity\brain\a9e1a503-bcef-4103-9c94-ab351d543298\.system_generated\steps\2824\
	                   1	C:\Users\DannyGeminiAnti\.gemini\antigravity\brain\a9e1a503-bcef-4103-9c94-ab351d543298\.system_generated\steps\2826\
	                   1	C:\Users\DannyGeminiAnti\.gemini\antigravity\brain\a9e1a503-bcef-4103-9c94-ab351d543298\.system_generated\steps\2828\
	                   1	C:\Users\DannyGeminiAnti\.gemini\antigravity\brain\a9e1a503-bcef-4103-9c94-ab351d543298\.system_generated\steps\2830\
	                   1	C:\Users\DannyGeminiAnti\.gemini\antigravity\brain\a9e1a503-bcef-4103-9c94-ab351d543298\.system_generated\steps\2832\
	                   1	C:\Users\DannyGeminiAnti\.gemini\antigravity\brain\a9e1a503-bcef-4103-9c94-ab351d543298\.system_generated\steps\2834\
	                   1	C:\Users\DannyGeminiAnti\.gemini\antigravity\brain\a9e1a503-bcef-4103-9c94-ab351d543298\.system_generated\steps\2836\
	                   1	C:\Users\DannyGeminiAnti\.gemini\antigravity\brain\a9e1a503-bcef-4103-9c94-ab351d543298\.system_generated\steps\2838\
	                   1	C:\Users\DannyGeminiAnti\.gemini\antigravity\brain\a9e1a503-bcef-4103-9c94-ab351d543298\.system_generated\steps\2840\
	                   1	C:\Users\DannyGeminiAnti\.gemini\antigravity\brain\a9e1a503-bcef-4103-9c94-ab351d543298\.system_generated\steps\2842\
	                   1	C:\Users\DannyGeminiAnti\.gemini\antigravity\brain\a9e1a503-bcef-4103-9c94-ab351d543298\.system_generated\steps\2844\
	                   1	C:\Users\DannyGeminiAnti\.gemini\antigravity\brain\a9e1a503-bcef-4103-9c94-ab351d543298\.system_generated\steps\2846\
	                   1	C:\Users\DannyGeminiAnti\.gemini\antigravity\brain\a9e1a503-bcef-4103-9c94-ab351d543298\.system_generated\steps\2848\
	                   1	C:\Users\DannyGeminiAnti\.gemini\antigravity\brain\a9e1a503-bcef-4103-9c94-ab351d543298\.system_generated\steps\285\
	                   1	C:\Users\DannyGeminiAnti\.gemini\antigravity\brain\a9e1a503-bcef-4103-9c94-ab351d543298\.system_generated\steps\2852\
	                   1	C:\Users\DannyGeminiAnti\.gemini\antigravity\brain\a9e1a503-bcef-4103-9c94-ab351d543298\.system_generated\steps\2856\
	                   1	C:\Users\DannyGeminiAnti\.gemini\antigravity\brain\a9e1a503-bcef-4103-9c94-ab351d543298\.system_generated\steps\2858\
	                   1	C:\Users\DannyGeminiAnti\.gemini\antigravity\brain\a9e1a503-bcef-4103-9c94-ab351d543298\.system_generated\steps\2862\
	                   1	C:\Users\DannyGeminiAnti\.gemini\antigravity\brain\a9e1a503-bcef-4103-9c94-ab351d543298\.system_generated\steps\2866\
	                   1	C:\Users\DannyGeminiAnti\.gemini\antigravity\brain\a9e1a503-bcef-4103-9c94-ab351d543298\.system_generated\steps\2868\
	                   1	C:\Users\DannyGeminiAnti\.gemini\antigravity\brain\a9e1a503-bcef-4103-9c94-ab351d543298\.system_generated\steps\287\
	                   1	C:\Users\DannyGeminiAnti\.gemini\antigravity\brain\a9e1a503-bcef-4103-9c94-ab351d543298\.system_generated\steps\2870\
	                   1	C:\Users\DannyGeminiAnti\.gemini\antigravity\brain\a9e1a503-bcef-4103-9c94-ab351d543298\.system_generated\steps\2873\
	                   1	C:\Users\DannyGeminiAnti\.gemini\antigravity\brain\a9e1a503-bcef-4103-9c94-ab351d543298\.system_generated\steps\2875\
	                   1	C:\Users\DannyGeminiAnti\.gemini\antigravity\brain\a9e1a503-bcef-4103-9c94-ab351d543298\.system_generated\steps\2877\
	                   1	C:\Users\DannyGeminiAnti\.gemini\antigravity\brain\a9e1a503-bcef-4103-9c94-ab351d543298\.system_generated\steps\2881\
	                   1	C:\Users\DannyGeminiAnti\.gemini\antigravity\brain\a9e1a503-bcef-4103-9c94-ab351d543298\.system_generated\steps\2883\
	                   1	C:\Users\DannyGeminiAnti\.gemini\antigravity\brain\a9e1a503-bcef-4103-9c94-ab351d543298\.system_generated\steps\2885\
	                   1	C:\Users\DannyGeminiAnti\.gemini\antigravity\brain\a9e1a503-bcef-4103-9c94-ab351d543298\.system_generated\steps\2887\
	                   1	C:\Users\DannyGeminiAnti\.gemini\antigravity\brain\a9e1a503-bcef-4103-9c94-ab351d543298\.system_generated\steps\2889\
	                   1	C:\Users\DannyGeminiAnti\.gemini\antigravity\brain\a9e1a503-bcef-4103-9c94-ab351d543298\.system_generated\steps\289\
	                   1	C:\Users\DannyGeminiAnti\.gemini\antigravity\brain\a9e1a503-bcef-4103-9c94-ab351d543298\.system_generated\steps\2891\
	                   1	C:\Users\DannyGeminiAnti\.gemini\antigravity\brain\a9e1a503-bcef-4103-9c94-ab351d543298\.system_generated\steps\2894\
	                   1	C:\Users\DannyGeminiAnti\.gemini\antigravity\brain\a9e1a503-bcef-4103-9c94-ab351d543298\.system_generated\steps\2896\
	                   1	C:\Users\DannyGeminiAnti\.gemini\antigravity\brain\a9e1a503-bcef-4103-9c94-ab351d543298\.system_generated\steps\2898\
	                   1	C:\Users\DannyGeminiAnti\.gemini\antigravity\brain\a9e1a503-bcef-4103-9c94-ab351d543298\.system_generated\steps\29\
	                   1	C:\Users\DannyGeminiAnti\.gemini\antigravity\brain\a9e1a503-bcef-4103-9c94-ab351d543298\.system_generated\steps\2900\
	                   1	C:\Users\DannyGeminiAnti\.gemini\antigravity\brain\a9e1a503-bcef-4103-9c94-ab351d543298\.system_generated\steps\2902\
	                   1	C:\Users\DannyGeminiAnti\.gemini\antigravity\brain\a9e1a503-bcef-4103-9c94-ab351d543298\.system_generated\steps\2904\
	                   1	C:\Users\DannyGeminiAnti\.gemini\antigravity\brain\a9e1a503-bcef-4103-9c94-ab351d543298\.system_generated\steps\2906\
	                   1	C:\Users\DannyGeminiAnti\.gemini\antigravity\brain\a9e1a503-bcef-4103-9c94-ab351d543298\.system_generated\steps\2908\
	                   1	C:\Users\DannyGeminiAnti\.gemini\antigravity\brain\a9e1a503-bcef-4103-9c94-ab351d543298\.system_generated\steps\291\
	                   1	C:\Users\DannyGeminiAnti\.gemini\antigravity\brain\a9e1a503-bcef-4103-9c94-ab351d543298\.system_generated\steps\2910\
	                   1	C:\Users\DannyGeminiAnti\.gemini\antigravity\brain\a9e1a503-bcef-4103-9c94-ab351d543298\.system_generated\steps\2912\
	                   1	C:\Users\DannyGeminiAnti\.gemini\antigravity\brain\a9e1a503-bcef-4103-9c94-ab351d543298\.system_generated\steps\2914\
	                   1	C:\Users\DannyGeminiAnti\.gemini\antigravity\brain\a9e1a503-bcef-4103-9c94-ab351d543298\.system_generated\steps\2916\
	                   1	C:\Users\DannyGeminiAnti\.gemini\antigravity\brain\a9e1a503-bcef-4103-9c94-ab351d543298\.system_generated\steps\2918\
	                   1	C:\Users\DannyGeminiAnti\.gemini\antigravity\brain\a9e1a503-bcef-4103-9c94-ab351d543298\.system_generated\steps\2920\
	                   1	C:\Users\DannyGeminiAnti\.gemini\antigravity\brain\a9e1a503-bcef-4103-9c94-ab351d543298\.system_generated\steps\2922\
	                   1	C:\Users\DannyGeminiAnti\.gemini\antigravity\brain\a9e1a503-bcef-4103-9c94-ab351d543298\.system_generated\steps\2924\
	                   1	C:\Users\DannyGeminiAnti\.gemini\antigravity\brain\a9e1a503-bcef-4103-9c94-ab351d543298\.system_generated\steps\2926\
	                   1	C:\Users\DannyGeminiAnti\.gemini\antigravity\brain\a9e1a503-bcef-4103-9c94-ab351d543298\.system_generated\steps\2928\
	                   1	C:\Users\DannyGeminiAnti\.gemini\antigravity\brain\a9e1a503-bcef-4103-9c94-ab351d543298\.system_generated\steps\2930\
	                   1	C:\Users\DannyGeminiAnti\.gemini\antigravity\brain\a9e1a503-bcef-4103-9c94-ab351d543298\.system_generated\steps\2932\
	                   1	C:\Users\DannyGeminiAnti\.gemini\antigravity\brain\a9e1a503-bcef-4103-9c94-ab351d543298\.system_generated\steps\2936\
	                   1	C:\Users\DannyGeminiAnti\.gemini\antigravity\brain\a9e1a503-bcef-4103-9c94-ab351d543298\.system_generated\steps\2938\
	                   1	C:\Users\DannyGeminiAnti\.gemini\antigravity\brain\a9e1a503-bcef-4103-9c94-ab351d543298\.system_generated\steps\2944\
	                   1	C:\Users\DannyGeminiAnti\.gemini\antigravity\brain\a9e1a503-bcef-4103-9c94-ab351d543298\.system_generated\steps\2946\
	                   1	C:\Users\DannyGeminiAnti\.gemini\antigravity\brain\a9e1a503-bcef-4103-9c94-ab351d543298\.system_generated\steps\2948\
	                   1	C:\Users\DannyGeminiAnti\.gemini\antigravity\brain\a9e1a503-bcef-4103-9c94-ab351d543298\.system_generated\steps\295\
	                   1	C:\Users\DannyGeminiAnti\.gemini\antigravity\brain\a9e1a503-bcef-4103-9c94-ab351d543298\.system_generated\steps\2952\
	                   1	C:\Users\DannyGeminiAnti\.gemini\antigravity\brain\a9e1a503-bcef-4103-9c94-ab351d543298\.system_generated\steps\2954\
	                   1	C:\Users\DannyGeminiAnti\.gemini\antigravity\brain\a9e1a503-bcef-4103-9c94-ab351d543298\.system_generated\steps\2957\
	                   1	C:\Users\DannyGeminiAnti\.gemini\antigravity\brain\a9e1a503-bcef-4103-9c94-ab351d543298\.system_generated\steps\2965\
	                   1	C:\Users\DannyGeminiAnti\.gemini\antigravity\brain\a9e1a503-bcef-4103-9c94-ab351d543298\.system_generated\steps\2967\
	                   1	C:\Users\DannyGeminiAnti\.gemini\antigravity\brain\a9e1a503-bcef-4103-9c94-ab351d543298\.system_generated\steps\2969\
	                   1	C:\Users\DannyGeminiAnti\.gemini\antigravity\brain\a9e1a503-bcef-4103-9c94-ab351d543298\.system_generated\steps\297\
	                   1	C:\Users\DannyGeminiAnti\.gemini\antigravity\brain\a9e1a503-bcef-4103-9c94-ab351d543298\.system_generated\steps\2973\
	                   1	C:\Users\DannyGeminiAnti\.gemini\antigravity\brain\a9e1a503-bcef-4103-9c94-ab351d543298\.system_generated\steps\2975\
	                   1	C:\Users\DannyGeminiAnti\.gemini\antigravity\brain\a9e1a503-bcef-4103-9c94-ab351d543298\.system_generated\steps\2977\
	                   1	C:\Users\DannyGeminiAnti\.gemini\antigravity\brain\a9e1a503-bcef-4103-9c94-ab351d543298\.system_generated\steps\2980\
	                   1	C:\Users\DannyGeminiAnti\.gemini\antigravity\brain\a9e1a503-bcef-4103-9c94-ab351d543298\.system_generated\steps\2982\
	                   1	C:\Users\DannyGeminiAnti\.gemini\antigravity\brain\a9e1a503-bcef-4103-9c94-ab351d543298\.system_generated\steps\2984\
	                   1	C:\Users\DannyGeminiAnti\.gemini\antigravity\brain\a9e1a503-bcef-4103-9c94-ab351d543298\.system_generated\steps\2986\
	                   1	C:\Users\DannyGeminiAnti\.gemini\antigravity\brain\a9e1a503-bcef-4103-9c94-ab351d543298\.system_generated\steps\299\
	                   1	C:\Users\DannyGeminiAnti\.gemini\antigravity\brain\a9e1a503-bcef-4103-9c94-ab351d543298\.system_generated\steps\2990\
	                   1	C:\Users\DannyGeminiAnti\.gemini\antigravity\brain\a9e1a503-bcef-4103-9c94-ab351d543298\.system_generated\steps\2992\
	                   1	C:\Users\DannyGeminiAnti\.gemini\antigravity\brain\a9e1a503-bcef-4103-9c94-ab351d543298\.system_generated\steps\2994\
	                   1	C:\Users\DannyGeminiAnti\.gemini\antigravity\brain\a9e1a503-bcef-4103-9c94-ab351d543298\.system_generated\steps\2996\
	                   1	C:\Users\DannyGeminiAnti\.gemini\antigravity\brain\a9e1a503-bcef-4103-9c94-ab351d543298\.system_generated\steps\2998\
	                   1	C:\Users\DannyGeminiAnti\.gemini\antigravity\brain\a9e1a503-bcef-4103-9c94-ab351d543298\.system_generated\steps\3000\
	                   1	C:\Users\DannyGeminiAnti\.gemini\antigravity\brain\a9e1a503-bcef-4103-9c94-ab351d543298\.system_generated\steps\3002\
	                   1	C:\Users\DannyGeminiAnti\.gemini\antigravity\brain\a9e1a503-bcef-4103-9c94-ab351d543298\.system_generated\steps\3008\
	                   1	C:\Users\DannyGeminiAnti\.gemini\antigravity\brain\a9e1a503-bcef-4103-9c94-ab351d543298\.system_generated\steps\301\
	                   1	C:\Users\DannyGeminiAnti\.gemini\antigravity\brain\a9e1a503-bcef-4103-9c94-ab351d543298\.system_generated\steps\3010\
	                   1	C:\Users\DannyGeminiAnti\.gemini\antigravity\brain\a9e1a503-bcef-4103-9c94-ab351d543298\.system_generated\steps\3012\
	                   1	C:\Users\DannyGeminiAnti\.gemini\antigravity\brain\a9e1a503-bcef-4103-9c94-ab351d543298\.system_generated\steps\3014\
	                   1	C:\Users\DannyGeminiAnti\.gemini\antigravity\brain\a9e1a503-bcef-4103-9c94-ab351d543298\.system_generated\steps\3020\
	                   1	C:\Users\DannyGeminiAnti\.gemini\antigravity\brain\a9e1a503-bcef-4103-9c94-ab351d543298\.system_generated\steps\3022\
	                   1	C:\Users\DannyGeminiAnti\.gemini\antigravity\brain\a9e1a503-bcef-4103-9c94-ab351d543298\.system_generated\steps\3024\
	                   1	C:\Users\DannyGeminiAnti\.gemini\antigravity\brain\a9e1a503-bcef-4103-9c94-ab351d543298\.system_generated\steps\3026\
	                   1	C:\Users\DannyGeminiAnti\.gemini\antigravity\brain\a9e1a503-bcef-4103-9c94-ab351d543298\.system_generated\steps\3028\
	                   1	C:\Users\DannyGeminiAnti\.gemini\antigravity\brain\a9e1a503-bcef-4103-9c94-ab351d543298\.system_generated\steps\303\
	                   1	C:\Users\DannyGeminiAnti\.gemini\antigravity\brain\a9e1a503-bcef-4103-9c94-ab351d543298\.system_generated\steps\3032\
	                   1	C:\Users\DannyGeminiAnti\.gemini\antigravity\brain\a9e1a503-bcef-4103-9c94-ab351d543298\.system_generated\steps\3036\
	                   1	C:\Users\DannyGeminiAnti\.gemini\antigravity\brain\a9e1a503-bcef-4103-9c94-ab351d543298\.system_generated\steps\3038\
	                   1	C:\Users\DannyGeminiAnti\.gemini\antigravity\brain\a9e1a503-bcef-4103-9c94-ab351d543298\.system_generated\steps\3040\
	                   1	C:\Users\DannyGeminiAnti\.gemini\antigravity\brain\a9e1a503-bcef-4103-9c94-ab351d543298\.system_generated\steps\3042\
	                   1	C:\Users\DannyGeminiAnti\.gemini\antigravity\brain\a9e1a503-bcef-4103-9c94-ab351d543298\.system_generated\steps\3044\
	                   1	C:\Users\DannyGeminiAnti\.gemini\antigravity\brain\a9e1a503-bcef-4103-9c94-ab351d543298\.system_generated\steps\3046\
	                   1	C:\Users\DannyGeminiAnti\.gemini\antigravity\brain\a9e1a503-bcef-4103-9c94-ab351d543298\.system_generated\steps\3048\
	                   1	C:\Users\DannyGeminiAnti\.gemini\antigravity\brain\a9e1a503-bcef-4103-9c94-ab351d543298\.system_generated\steps\305\
	                   1	C:\Users\DannyGeminiAnti\.gemini\antigravity\brain\a9e1a503-bcef-4103-9c94-ab351d543298\.system_generated\steps\3050\
	                   1	C:\Users\DannyGeminiAnti\.gemini\antigravity\brain\a9e1a503-bcef-4103-9c94-ab351d543298\.system_generated\steps\3052\
	                   1	C:\Users\DannyGeminiAnti\.gemini\antigravity\brain\a9e1a503-bcef-4103-9c94-ab351d543298\.system_generated\steps\3060\
	                   1	C:\Users\DannyGeminiAnti\.gemini\antigravity\brain\a9e1a503-bcef-4103-9c94-ab351d543298\.system_generated\steps\3062\
	                   1	C:\Users\DannyGeminiAnti\.gemini\antigravity\brain\a9e1a503-bcef-4103-9c94-ab351d543298\.system_generated\steps\3064\
	                   1	C:\Users\DannyGeminiAnti\.gemini\antigravity\brain\a9e1a503-bcef-4103-9c94-ab351d543298\.system_generated\steps\3066\
	                   1	C:\Users\DannyGeminiAnti\.gemini\antigravity\brain\a9e1a503-bcef-4103-9c94-ab351d543298\.system_generated\steps\3068\
	                   1	C:\Users\DannyGeminiAnti\.gemini\antigravity\brain\a9e1a503-bcef-4103-9c94-ab351d543298\.system_generated\steps\307\
	                   1	C:\Users\DannyGeminiAnti\.gemini\antigravity\brain\a9e1a503-bcef-4103-9c94-ab351d543298\.system_generated\steps\3070\
	                   1	C:\Users\DannyGeminiAnti\.gemini\antigravity\brain\a9e1a503-bcef-4103-9c94-ab351d543298\.system_generated\steps\3073\
	                   1	C:\Users\DannyGeminiAnti\.gemini\antigravity\brain\a9e1a503-bcef-4103-9c94-ab351d543298\.system_generated\steps\3077\
	                   1	C:\Users\DannyGeminiAnti\.gemini\antigravity\brain\a9e1a503-bcef-4103-9c94-ab351d543298\.system_generated\steps\3081\
	                   1	C:\Users\DannyGeminiAnti\.gemini\antigravity\brain\a9e1a503-bcef-4103-9c94-ab351d543298\.system_generated\steps\3083\
	                   1	C:\Users\DannyGeminiAnti\.gemini\antigravity\brain\a9e1a503-bcef-4103-9c94-ab351d543298\.system_generated\steps\3085\
	                   1	C:\Users\DannyGeminiAnti\.gemini\antigravity\brain\a9e1a503-bcef-4103-9c94-ab351d543298\.system_generated\steps\3087\
	                   1	C:\Users\DannyGeminiAnti\.gemini\antigravity\brain\a9e1a503-bcef-4103-9c94-ab351d543298\.system_generated\steps\3089\
	                   1	C:\Users\DannyGeminiAnti\.gemini\antigravity\brain\a9e1a503-bcef-4103-9c94-ab351d543298\.system_generated\steps\3091\
	                   1	C:\Users\DannyGeminiAnti\.gemini\antigravity\brain\a9e1a503-bcef-4103-9c94-ab351d543298\.system_generated\steps\3093\
	                   1	C:\Users\DannyGeminiAnti\.gemini\antigravity\brain\a9e1a503-bcef-4103-9c94-ab351d543298\.system_generated\steps\3095\
	                   1	C:\Users\DannyGeminiAnti\.gemini\antigravity\brain\a9e1a503-bcef-4103-9c94-ab351d543298\.system_generated\steps\3097\
	                   1	C:\Users\DannyGeminiAnti\.gemini\antigravity\brain\a9e1a503-bcef-4103-9c94-ab351d543298\.system_generated\steps\31\
	                   1	C:\Users\DannyGeminiAnti\.gemini\antigravity\brain\a9e1a503-bcef-4103-9c94-ab351d543298\.system_generated\steps\3105\
	                   1	C:\Users\DannyGeminiAnti\.gemini\antigravity\brain\a9e1a503-bcef-4103-9c94-ab351d543298\.system_generated\steps\3107\
	                   1	C:\Users\DannyGeminiAnti\.gemini\antigravity\brain\a9e1a503-bcef-4103-9c94-ab351d543298\.system_generated\steps\3109\
	                   1	C:\Users\DannyGeminiAnti\.gemini\antigravity\brain\a9e1a503-bcef-4103-9c94-ab351d543298\.system_generated\steps\311\
	                   1	C:\Users\DannyGeminiAnti\.gemini\antigravity\brain\a9e1a503-bcef-4103-9c94-ab351d543298\.system_generated\steps\3111\
	                   1	C:\Users\DannyGeminiAnti\.gemini\antigravity\brain\a9e1a503-bcef-4103-9c94-ab351d543298\.system_generated\steps\3113\
	                   1	C:\Users\DannyGeminiAnti\.gemini\antigravity\brain\a9e1a503-bcef-4103-9c94-ab351d543298\.system_generated\steps\3115\
	                   1	C:\Users\DannyGeminiAnti\.gemini\antigravity\brain\a9e1a503-bcef-4103-9c94-ab351d543298\.system_generated\steps\3117\
	                   1	C:\Users\DannyGeminiAnti\.gemini\antigravity\brain\a9e1a503-bcef-4103-9c94-ab351d543298\.system_generated\steps\3119\
	                   1	C:\Users\DannyGeminiAnti\.gemini\antigravity\brain\a9e1a503-bcef-4103-9c94-ab351d543298\.system_generated\steps\3121\
	                   1	C:\Users\DannyGeminiAnti\.gemini\antigravity\brain\a9e1a503-bcef-4103-9c94-ab351d543298\.system_generated\steps\3123\
	                   1	C:\Users\DannyGeminiAnti\.gemini\antigravity\brain\a9e1a503-bcef-4103-9c94-ab351d543298\.system_generated\steps\3125\
	                   1	C:\Users\DannyGeminiAnti\.gemini\antigravity\brain\a9e1a503-bcef-4103-9c94-ab351d543298\.system_generated\steps\3127\
	                   1	C:\Users\DannyGeminiAnti\.gemini\antigravity\brain\a9e1a503-bcef-4103-9c94-ab351d543298\.system_generated\steps\3129\
	                   1	C:\Users\DannyGeminiAnti\.gemini\antigravity\brain\a9e1a503-bcef-4103-9c94-ab351d543298\.system_generated\steps\313\
	                   1	C:\Users\DannyGeminiAnti\.gemini\antigravity\brain\a9e1a503-bcef-4103-9c94-ab351d543298\.system_generated\steps\3131\
	                   1	C:\Users\DannyGeminiAnti\.gemini\antigravity\brain\a9e1a503-bcef-4103-9c94-ab351d543298\.system_generated\steps\3133\
	                   1	C:\Users\DannyGeminiAnti\.gemini\antigravity\brain\a9e1a503-bcef-4103-9c94-ab351d543298\.system_generated\steps\3135\
	                   1	C:\Users\DannyGeminiAnti\.gemini\antigravity\brain\a9e1a503-bcef-4103-9c94-ab351d543298\.system_generated\steps\3137\
	                   1	C:\Users\DannyGeminiAnti\.gemini\antigravity\brain\a9e1a503-bcef-4103-9c94-ab351d543298\.system_generated\steps\3139\
	                   1	C:\Users\DannyGeminiAnti\.gemini\antigravity\brain\a9e1a503-bcef-4103-9c94-ab351d543298\.system_generated\steps\3141\
	                   1	C:\Users\DannyGeminiAnti\.gemini\antigravity\brain\a9e1a503-bcef-4103-9c94-ab351d543298\.system_generated\steps\3143\
	                   1	C:\Users\DannyGeminiAnti\.gemini\antigravity\brain\a9e1a503-bcef-4103-9c94-ab351d543298\.system_generated\steps\3145\
	                   1	C:\Users\DannyGeminiAnti\.gemini\antigravity\brain\a9e1a503-bcef-4103-9c94-ab351d543298\.system_generated\steps\3147\
	                   1	C:\Users\DannyGeminiAnti\.gemini\antigravity\brain\a9e1a503-bcef-4103-9c94-ab351d543298\.system_generated\steps\3149\
	                   1	C:\Users\DannyGeminiAnti\.gemini\antigravity\brain\a9e1a503-bcef-4103-9c94-ab351d543298\.system_generated\steps\315\
	                   1	C:\Users\DannyGeminiAnti\.gemini\antigravity\brain\a9e1a503-bcef-4103-9c94-ab351d543298\.system_generated\steps\3151\
	                   1	C:\Users\DannyGeminiAnti\.gemini\antigravity\brain\a9e1a503-bcef-4103-9c94-ab351d543298\.system_generated\steps\3155\
	                   1	C:\Users\DannyGeminiAnti\.gemini\antigravity\brain\a9e1a503-bcef-4103-9c94-ab351d543298\.system_generated\steps\3159\
	                   1	C:\Users\DannyGeminiAnti\.gemini\antigravity\brain\a9e1a503-bcef-4103-9c94-ab351d543298\.system_generated\steps\3161\
	                   1	C:\Users\DannyGeminiAnti\.gemini\antigravity\brain\a9e1a503-bcef-4103-9c94-ab351d543298\.system_generated\steps\3167\
	                   1	C:\Users\DannyGeminiAnti\.gemini\antigravity\brain\a9e1a503-bcef-4103-9c94-ab351d543298\.system_generated\steps\3169\
	                   1	C:\Users\DannyGeminiAnti\.gemini\antigravity\brain\a9e1a503-bcef-4103-9c94-ab351d543298\.system_generated\steps\317\
	                   1	C:\Users\DannyGeminiAnti\.gemini\antigravity\brain\a9e1a503-bcef-4103-9c94-ab351d543298\.system_generated\steps\3172\
	                   1	C:\Users\DannyGeminiAnti\.gemini\antigravity\brain\a9e1a503-bcef-4103-9c94-ab351d543298\.system_generated\steps\3174\
	                   1	C:\Users\DannyGeminiAnti\.gemini\antigravity\brain\a9e1a503-bcef-4103-9c94-ab351d543298\.system_generated\steps\3176\
	                   1	C:\Users\DannyGeminiAnti\.gemini\antigravity\brain\a9e1a503-bcef-4103-9c94-ab351d543298\.system_generated\steps\3183\
	                   1	C:\Users\DannyGeminiAnti\.gemini\antigravity\brain\a9e1a503-bcef-4103-9c94-ab351d543298\.system_generated\steps\3185\
	                   1	C:\Users\DannyGeminiAnti\.gemini\antigravity\brain\a9e1a503-bcef-4103-9c94-ab351d543298\.system_generated\steps\3187\
	                   1	C:\Users\DannyGeminiAnti\.gemini\antigravity\brain\a9e1a503-bcef-4103-9c94-ab351d543298\.system_generated\steps\3189\
	                   1	C:\Users\DannyGeminiAnti\.gemini\antigravity\brain\a9e1a503-bcef-4103-9c94-ab351d543298\.system_generated\steps\319\
	                   1	C:\Users\DannyGeminiAnti\.gemini\antigravity\brain\a9e1a503-bcef-4103-9c94-ab351d543298\.system_generated\steps\3191\
	                   1	C:\Users\DannyGeminiAnti\.gemini\antigravity\brain\a9e1a503-bcef-4103-9c94-ab351d543298\.system_generated\steps\3193\
	                   1	C:\Users\DannyGeminiAnti\.gemini\antigravity\brain\a9e1a503-bcef-4103-9c94-ab351d543298\.system_generated\steps\3195\
	                   1	C:\Users\DannyGeminiAnti\.gemini\antigravity\brain\a9e1a503-bcef-4103-9c94-ab351d543298\.system_generated\steps\3197\
	                   1	C:\Users\DannyGeminiAnti\.gemini\antigravity\brain\a9e1a503-bcef-4103-9c94-ab351d543298\.system_generated\steps\3199\
	                   1	C:\Users\DannyGeminiAnti\.gemini\antigravity\brain\a9e1a503-bcef-4103-9c94-ab351d543298\.system_generated\steps\3201\
	                   1	C:\Users\DannyGeminiAnti\.gemini\antigravity\brain\a9e1a503-bcef-4103-9c94-ab351d543298\.system_generated\steps\3203\
	                   1	C:\Users\DannyGeminiAnti\.gemini\antigravity\brain\a9e1a503-bcef-4103-9c94-ab351d543298\.system_generated\steps\3205\
	                   1	C:\Users\DannyGeminiAnti\.gemini\antigravity\brain\a9e1a503-bcef-4103-9c94-ab351d543298\.system_generated\steps\3207\
	                   1	C:\Users\DannyGeminiAnti\.gemini\antigravity\brain\a9e1a503-bcef-4103-9c94-ab351d543298\.system_generated\steps\3209\
	                   1	C:\Users\DannyGeminiAnti\.gemini\antigravity\brain\a9e1a503-bcef-4103-9c94-ab351d543298\.system_generated\steps\321\
	                   1	C:\Users\DannyGeminiAnti\.gemini\antigravity\brain\a9e1a503-bcef-4103-9c94-ab351d543298\.system_generated\steps\3211\
	                   1	C:\Users\DannyGeminiAnti\.gemini\antigravity\brain\a9e1a503-bcef-4103-9c94-ab351d543298\.system_generated\steps\3213\
	                   1	C:\Users\DannyGeminiAnti\.gemini\antigravity\brain\a9e1a503-bcef-4103-9c94-ab351d543298\.system_generated\steps\3215\
	                   1	C:\Users\DannyGeminiAnti\.gemini\antigravity\brain\a9e1a503-bcef-4103-9c94-ab351d543298\.system_generated\steps\3217\
	                   1	C:\Users\DannyGeminiAnti\.gemini\antigravity\brain\a9e1a503-bcef-4103-9c94-ab351d543298\.system_generated\steps\3219\
	                   1	C:\Users\DannyGeminiAnti\.gemini\antigravity\brain\a9e1a503-bcef-4103-9c94-ab351d543298\.system_generated\steps\3221\
	                   1	C:\Users\DannyGeminiAnti\.gemini\antigravity\brain\a9e1a503-bcef-4103-9c94-ab351d543298\.system_generated\steps\3223\
	                   1	C:\Users\DannyGeminiAnti\.gemini\antigravity\brain\a9e1a503-bcef-4103-9c94-ab351d543298\.system_generated\steps\3225\
	                   1	C:\Users\DannyGeminiAnti\.gemini\antigravity\brain\a9e1a503-bcef-4103-9c94-ab351d543298\.system_generated\steps\3232\
	                   1	C:\Users\DannyGeminiAnti\.gemini\antigravity\brain\a9e1a503-bcef-4103-9c94-ab351d543298\.system_generated\steps\3236\
	                   1	C:\Users\DannyGeminiAnti\.gemini\antigravity\brain\a9e1a503-bcef-4103-9c94-ab351d543298\.system_generated\steps\3238\
	                   1	C:\Users\DannyGeminiAnti\.gemini\antigravity\brain\a9e1a503-bcef-4103-9c94-ab351d543298\.system_generated\steps\3242\
	                   1	C:\Users\DannyGeminiAnti\.gemini\antigravity\brain\a9e1a503-bcef-4103-9c94-ab351d543298\.system_generated\steps\3244\
	                   1	C:\Users\DannyGeminiAnti\.gemini\antigravity\brain\a9e1a503-bcef-4103-9c94-ab351d543298\.system_generated\steps\3246\
	                   1	C:\Users\DannyGeminiAnti\.gemini\antigravity\brain\a9e1a503-bcef-4103-9c94-ab351d543298\.system_generated\steps\3248\
	                   1	C:\Users\DannyGeminiAnti\.gemini\antigravity\brain\a9e1a503-bcef-4103-9c94-ab351d543298\.system_generated\steps\3250\
	                   1	C:\Users\DannyGeminiAnti\.gemini\antigravity\brain\a9e1a503-bcef-4103-9c94-ab351d543298\.system_generated\steps\3252\
	                   1	C:\Users\DannyGeminiAnti\.gemini\antigravity\brain\a9e1a503-bcef-4103-9c94-ab351d543298\.system_generated\steps\3254\
	                   1	C:\Users\DannyGeminiAnti\.gemini\antigravity\brain\a9e1a503-bcef-4103-9c94-ab351d543298\.system_generated\steps\3256\
	                   1	C:\Users\DannyGeminiAnti\.gemini\antigravity\brain\a9e1a503-bcef-4103-9c94-ab351d543298\.system_generated\steps\3258\
	                   1	C:\Users\DannyGeminiAnti\.gemini\antigravity\brain\a9e1a503-bcef-4103-9c94-ab351d543298\.system_generated\steps\3260\
	                   1	C:\Users\DannyGeminiAnti\.gemini\antigravity\brain\a9e1a503-bcef-4103-9c94-ab351d543298\.system_generated\steps\3262\
	                   1	C:\Users\DannyGeminiAnti\.gemini\antigravity\brain\a9e1a503-bcef-4103-9c94-ab351d543298\.system_generated\steps\3264\
	                   1	C:\Users\DannyGeminiAnti\.gemini\antigravity\brain\a9e1a503-bcef-4103-9c94-ab351d543298\.system_generated\steps\3266\
	                   1	C:\Users\DannyGeminiAnti\.gemini\antigravity\brain\a9e1a503-bcef-4103-9c94-ab351d543298\.system_generated\steps\327\
	                   1	C:\Users\DannyGeminiAnti\.gemini\antigravity\brain\a9e1a503-bcef-4103-9c94-ab351d543298\.system_generated\steps\3273\
	                   1	C:\Users\DannyGeminiAnti\.gemini\antigravity\brain\a9e1a503-bcef-4103-9c94-ab351d543298\.system_generated\steps\3275\
	                   1	C:\Users\DannyGeminiAnti\.gemini\antigravity\brain\a9e1a503-bcef-4103-9c94-ab351d543298\.system_generated\steps\3277\
	                   1	C:\Users\DannyGeminiAnti\.gemini\antigravity\brain\a9e1a503-bcef-4103-9c94-ab351d543298\.system_generated\steps\3282\
	                   1	C:\Users\DannyGeminiAnti\.gemini\antigravity\brain\a9e1a503-bcef-4103-9c94-ab351d543298\.system_generated\steps\3284\
	                   1	C:\Users\DannyGeminiAnti\.gemini\antigravity\brain\a9e1a503-bcef-4103-9c94-ab351d543298\.system_generated\steps\329\
	                   1	C:\Users\DannyGeminiAnti\.gemini\antigravity\brain\a9e1a503-bcef-4103-9c94-ab351d543298\.system_generated\steps\3290\
	                   1	C:\Users\DannyGeminiAnti\.gemini\antigravity\brain\a9e1a503-bcef-4103-9c94-ab351d543298\.system_generated\steps\3292\
	                   1	C:\Users\DannyGeminiAnti\.gemini\antigravity\brain\a9e1a503-bcef-4103-9c94-ab351d543298\.system_generated\steps\3294\
	                   1	C:\Users\DannyGeminiAnti\.gemini\antigravity\brain\a9e1a503-bcef-4103-9c94-ab351d543298\.system_generated\steps\3296\
	                   1	C:\Users\DannyGeminiAnti\.gemini\antigravity\brain\a9e1a503-bcef-4103-9c94-ab351d543298\.system_generated\steps\3298\
	                   1	C:\Users\DannyGeminiAnti\.gemini\antigravity\brain\a9e1a503-bcef-4103-9c94-ab351d543298\.system_generated\steps\33\
	                   1	C:\Users\DannyGeminiAnti\.gemini\antigravity\brain\a9e1a503-bcef-4103-9c94-ab351d543298\.system_generated\steps\3300\
	                   1	C:\Users\DannyGeminiAnti\.gemini\antigravity\brain\a9e1a503-bcef-4103-9c94-ab351d543298\.system_generated\steps\3302\
	                   1	C:\Users\DannyGeminiAnti\.gemini\antigravity\brain\a9e1a503-bcef-4103-9c94-ab351d543298\.system_generated\steps\3304\
	                   1	C:\Users\DannyGeminiAnti\.gemini\antigravity\brain\a9e1a503-bcef-4103-9c94-ab351d543298\.system_generated\steps\3306\
	                   1	C:\Users\DannyGeminiAnti\.gemini\antigravity\brain\a9e1a503-bcef-4103-9c94-ab351d543298\.system_generated\steps\3308\
	                   1	C:\Users\DannyGeminiAnti\.gemini\antigravity\brain\a9e1a503-bcef-4103-9c94-ab351d543298\.system_generated\steps\331\
	                   1	C:\Users\DannyGeminiAnti\.gemini\antigravity\brain\a9e1a503-bcef-4103-9c94-ab351d543298\.system_generated\steps\3310\
	                   1	C:\Users\DannyGeminiAnti\.gemini\antigravity\brain\a9e1a503-bcef-4103-9c94-ab351d543298\.system_generated\steps\3312\
	                   1	C:\Users\DannyGeminiAnti\.gemini\antigravity\brain\a9e1a503-bcef-4103-9c94-ab351d543298\.system_generated\steps\3314\
	                   1	C:\Users\DannyGeminiAnti\.gemini\antigravity\brain\a9e1a503-bcef-4103-9c94-ab351d543298\.system_generated\steps\3316\
	                   1	C:\Users\DannyGeminiAnti\.gemini\antigravity\brain\a9e1a503-bcef-4103-9c94-ab351d543298\.system_generated\steps\3319\
	                   1	C:\Users\DannyGeminiAnti\.gemini\antigravity\brain\a9e1a503-bcef-4103-9c94-ab351d543298\.system_generated\steps\3321\
	                   1	C:\Users\DannyGeminiAnti\.gemini\antigravity\brain\a9e1a503-bcef-4103-9c94-ab351d543298\.system_generated\steps\3323\
	                   1	C:\Users\DannyGeminiAnti\.gemini\antigravity\brain\a9e1a503-bcef-4103-9c94-ab351d543298\.system_generated\steps\3325\
	                   1	C:\Users\DannyGeminiAnti\.gemini\antigravity\brain\a9e1a503-bcef-4103-9c94-ab351d543298\.system_generated\steps\3327\
	                   1	C:\Users\DannyGeminiAnti\.gemini\antigravity\brain\a9e1a503-bcef-4103-9c94-ab351d543298\.system_generated\steps\3329\
	                   1	C:\Users\DannyGeminiAnti\.gemini\antigravity\brain\a9e1a503-bcef-4103-9c94-ab351d543298\.system_generated\steps\3335\
	                   1	C:\Users\DannyGeminiAnti\.gemini\antigravity\brain\a9e1a503-bcef-4103-9c94-ab351d543298\.system_generated\steps\3340\
	                   1	C:\Users\DannyGeminiAnti\.gemini\antigravity\brain\a9e1a503-bcef-4103-9c94-ab351d543298\.system_generated\steps\337\
	                   1	C:\Users\DannyGeminiAnti\.gemini\antigravity\brain\a9e1a503-bcef-4103-9c94-ab351d543298\.system_generated\steps\339\
	                   1	C:\Users\DannyGeminiAnti\.gemini\antigravity\brain\a9e1a503-bcef-4103-9c94-ab351d543298\.system_generated\steps\341\
	                   1	C:\Users\DannyGeminiAnti\.gemini\antigravity\brain\a9e1a503-bcef-4103-9c94-ab351d543298\.system_generated\steps\343\
	                   1	C:\Users\DannyGeminiAnti\.gemini\antigravity\brain\a9e1a503-bcef-4103-9c94-ab351d543298\.system_generated\steps\345\
	                   1	C:\Users\DannyGeminiAnti\.gemini\antigravity\brain\a9e1a503-bcef-4103-9c94-ab351d543298\.system_generated\steps\347\
	                   1	C:\Users\DannyGeminiAnti\.gemini\antigravity\brain\a9e1a503-bcef-4103-9c94-ab351d543298\.system_generated\steps\349\
	                   1	C:\Users\DannyGeminiAnti\.gemini\antigravity\brain\a9e1a503-bcef-4103-9c94-ab351d543298\.system_generated\steps\351\
	                   1	C:\Users\DannyGeminiAnti\.gemini\antigravity\brain\a9e1a503-bcef-4103-9c94-ab351d543298\.system_generated\steps\358\
	                   1	C:\Users\DannyGeminiAnti\.gemini\antigravity\brain\a9e1a503-bcef-4103-9c94-ab351d543298\.system_generated\steps\360\
	                   1	C:\Users\DannyGeminiAnti\.gemini\antigravity\brain\a9e1a503-bcef-4103-9c94-ab351d543298\.system_generated\steps\362\
	                   1	C:\Users\DannyGeminiAnti\.gemini\antigravity\brain\a9e1a503-bcef-4103-9c94-ab351d543298\.system_generated\steps\364\
	                   1	C:\Users\DannyGeminiAnti\.gemini\antigravity\brain\a9e1a503-bcef-4103-9c94-ab351d543298\.system_generated\steps\366\
	                   1	C:\Users\DannyGeminiAnti\.gemini\antigravity\brain\a9e1a503-bcef-4103-9c94-ab351d543298\.system_generated\steps\368\
	                   1	C:\Users\DannyGeminiAnti\.gemini\antigravity\brain\a9e1a503-bcef-4103-9c94-ab351d543298\.system_generated\steps\37\
	                   1	C:\Users\DannyGeminiAnti\.gemini\antigravity\brain\a9e1a503-bcef-4103-9c94-ab351d543298\.system_generated\steps\370\
	                   1	C:\Users\DannyGeminiAnti\.gemini\antigravity\brain\a9e1a503-bcef-4103-9c94-ab351d543298\.system_generated\steps\372\
	                   1	C:\Users\DannyGeminiAnti\.gemini\antigravity\brain\a9e1a503-bcef-4103-9c94-ab351d543298\.system_generated\steps\374\
	                   1	C:\Users\DannyGeminiAnti\.gemini\antigravity\brain\a9e1a503-bcef-4103-9c94-ab351d543298\.system_generated\steps\376\
	                   1	C:\Users\DannyGeminiAnti\.gemini\antigravity\brain\a9e1a503-bcef-4103-9c94-ab351d543298\.system_generated\steps\382\
	                   1	C:\Users\DannyGeminiAnti\.gemini\antigravity\brain\a9e1a503-bcef-4103-9c94-ab351d543298\.system_generated\steps\384\
	                   1	C:\Users\DannyGeminiAnti\.gemini\antigravity\brain\a9e1a503-bcef-4103-9c94-ab351d543298\.system_generated\steps\386\
	                   1	C:\Users\DannyGeminiAnti\.gemini\antigravity\brain\a9e1a503-bcef-4103-9c94-ab351d543298\.system_generated\steps\388\
	                   1	C:\Users\DannyGeminiAnti\.gemini\antigravity\brain\a9e1a503-bcef-4103-9c94-ab351d543298\.system_generated\steps\39\
	                   1	C:\Users\DannyGeminiAnti\.gemini\antigravity\brain\a9e1a503-bcef-4103-9c94-ab351d543298\.system_generated\steps\392\
	                   1	C:\Users\DannyGeminiAnti\.gemini\antigravity\brain\a9e1a503-bcef-4103-9c94-ab351d543298\.system_generated\steps\394\
	                   1	C:\Users\DannyGeminiAnti\.gemini\antigravity\brain\a9e1a503-bcef-4103-9c94-ab351d543298\.system_generated\steps\396\
	                   1	C:\Users\DannyGeminiAnti\.gemini\antigravity\brain\a9e1a503-bcef-4103-9c94-ab351d543298\.system_generated\steps\398\
	                   1	C:\Users\DannyGeminiAnti\.gemini\antigravity\brain\a9e1a503-bcef-4103-9c94-ab351d543298\.system_generated\steps\400\
	                   1	C:\Users\DannyGeminiAnti\.gemini\antigravity\brain\a9e1a503-bcef-4103-9c94-ab351d543298\.system_generated\steps\402\
	                   1	C:\Users\DannyGeminiAnti\.gemini\antigravity\brain\a9e1a503-bcef-4103-9c94-ab351d543298\.system_generated\steps\409\
	                   1	C:\Users\DannyGeminiAnti\.gemini\antigravity\brain\a9e1a503-bcef-4103-9c94-ab351d543298\.system_generated\steps\41\
	                   1	C:\Users\DannyGeminiAnti\.gemini\antigravity\brain\a9e1a503-bcef-4103-9c94-ab351d543298\.system_generated\steps\411\
	                   1	C:\Users\DannyGeminiAnti\.gemini\antigravity\brain\a9e1a503-bcef-4103-9c94-ab351d543298\.system_generated\steps\413\
	                   1	C:\Users\DannyGeminiAnti\.gemini\antigravity\brain\a9e1a503-bcef-4103-9c94-ab351d543298\.system_generated\steps\415\
	                   1	C:\Users\DannyGeminiAnti\.gemini\antigravity\brain\a9e1a503-bcef-4103-9c94-ab351d543298\.system_generated\steps\417\
	                   1	C:\Users\DannyGeminiAnti\.gemini\antigravity\brain\a9e1a503-bcef-4103-9c94-ab351d543298\.system_generated\steps\419\
	                   1	C:\Users\DannyGeminiAnti\.gemini\antigravity\brain\a9e1a503-bcef-4103-9c94-ab351d543298\.system_generated\steps\421\
	                   1	C:\Users\DannyGeminiAnti\.gemini\antigravity\brain\a9e1a503-bcef-4103-9c94-ab351d543298\.system_generated\steps\423\
	                   1	C:\Users\DannyGeminiAnti\.gemini\antigravity\brain\a9e1a503-bcef-4103-9c94-ab351d543298\.system_generated\steps\429\
	                   1	C:\Users\DannyGeminiAnti\.gemini\antigravity\brain\a9e1a503-bcef-4103-9c94-ab351d543298\.system_generated\steps\43\
	                   1	C:\Users\DannyGeminiAnti\.gemini\antigravity\brain\a9e1a503-bcef-4103-9c94-ab351d543298\.system_generated\steps\431\
	                   1	C:\Users\DannyGeminiAnti\.gemini\antigravity\brain\a9e1a503-bcef-4103-9c94-ab351d543298\.system_generated\steps\433\
	                   1	C:\Users\DannyGeminiAnti\.gemini\antigravity\brain\a9e1a503-bcef-4103-9c94-ab351d543298\.system_generated\steps\435\
	                   1	C:\Users\DannyGeminiAnti\.gemini\antigravity\brain\a9e1a503-bcef-4103-9c94-ab351d543298\.system_generated\steps\437\
	                   1	C:\Users\DannyGeminiAnti\.gemini\antigravity\brain\a9e1a503-bcef-4103-9c94-ab351d543298\.system_generated\steps\439\
	                   1	C:\Users\DannyGeminiAnti\.gemini\antigravity\brain\a9e1a503-bcef-4103-9c94-ab351d543298\.system_generated\steps\441\
	                   1	C:\Users\DannyGeminiAnti\.gemini\antigravity\brain\a9e1a503-bcef-4103-9c94-ab351d543298\.system_generated\steps\443\
	                   1	C:\Users\DannyGeminiAnti\.gemini\antigravity\brain\a9e1a503-bcef-4103-9c94-ab351d543298\.system_generated\steps\445\
	                   1	C:\Users\DannyGeminiAnti\.gemini\antigravity\brain\a9e1a503-bcef-4103-9c94-ab351d543298\.system_generated\steps\447\
	                   1	C:\Users\DannyGeminiAnti\.gemini\antigravity\brain\a9e1a503-bcef-4103-9c94-ab351d543298\.system_generated\steps\449\
	                   1	C:\Users\DannyGeminiAnti\.gemini\antigravity\brain\a9e1a503-bcef-4103-9c94-ab351d543298\.system_generated\steps\45\
	                   1	C:\Users\DannyGeminiAnti\.gemini\antigravity\brain\a9e1a503-bcef-4103-9c94-ab351d543298\.system_generated\steps\451\
	                   1	C:\Users\DannyGeminiAnti\.gemini\antigravity\brain\a9e1a503-bcef-4103-9c94-ab351d543298\.system_generated\steps\453\
	                   1	C:\Users\DannyGeminiAnti\.gemini\antigravity\brain\a9e1a503-bcef-4103-9c94-ab351d543298\.system_generated\steps\457\
	                   1	C:\Users\DannyGeminiAnti\.gemini\antigravity\brain\a9e1a503-bcef-4103-9c94-ab351d543298\.system_generated\steps\459\
	                   1	C:\Users\DannyGeminiAnti\.gemini\antigravity\brain\a9e1a503-bcef-4103-9c94-ab351d543298\.system_generated\steps\463\
	                   1	C:\Users\DannyGeminiAnti\.gemini\antigravity\brain\a9e1a503-bcef-4103-9c94-ab351d543298\.system_generated\steps\472\
	                   1	C:\Users\DannyGeminiAnti\.gemini\antigravity\brain\a9e1a503-bcef-4103-9c94-ab351d543298\.system_generated\steps\474\
	                   1	C:\Users\DannyGeminiAnti\.gemini\antigravity\brain\a9e1a503-bcef-4103-9c94-ab351d543298\.system_generated\steps\476\
	                   1	C:\Users\DannyGeminiAnti\.gemini\antigravity\brain\a9e1a503-bcef-4103-9c94-ab351d543298\.system_generated\steps\478\
	                   1	C:\Users\DannyGeminiAnti\.gemini\antigravity\brain\a9e1a503-bcef-4103-9c94-ab351d543298\.system_generated\steps\480\
	                   1	C:\Users\DannyGeminiAnti\.gemini\antigravity\brain\a9e1a503-bcef-4103-9c94-ab351d543298\.system_generated\steps\482\
	                   1	C:\Users\DannyGeminiAnti\.gemini\antigravity\brain\a9e1a503-bcef-4103-9c94-ab351d543298\.system_generated\steps\484\
	                   1	C:\Users\DannyGeminiAnti\.gemini\antigravity\brain\a9e1a503-bcef-4103-9c94-ab351d543298\.system_generated\steps\486\
	                   1	C:\Users\DannyGeminiAnti\.gemini\antigravity\brain\a9e1a503-bcef-4103-9c94-ab351d543298\.system_generated\steps\488\
	                   1	C:\Users\DannyGeminiAnti\.gemini\antigravity\brain\a9e1a503-bcef-4103-9c94-ab351d543298\.system_generated\steps\49\
	                   1	C:\Users\DannyGeminiAnti\.gemini\antigravity\brain\a9e1a503-bcef-4103-9c94-ab351d543298\.system_generated\steps\490\
	                   1	C:\Users\DannyGeminiAnti\.gemini\antigravity\brain\a9e1a503-bcef-4103-9c94-ab351d543298\.system_generated\steps\492\
	                   1	C:\Users\DannyGeminiAnti\.gemini\antigravity\brain\a9e1a503-bcef-4103-9c94-ab351d543298\.system_generated\steps\494\
	                   1	C:\Users\DannyGeminiAnti\.gemini\antigravity\brain\a9e1a503-bcef-4103-9c94-ab351d543298\.system_generated\steps\496\
	                   1	C:\Users\DannyGeminiAnti\.gemini\antigravity\brain\a9e1a503-bcef-4103-9c94-ab351d543298\.system_generated\steps\498\
	                   1	C:\Users\DannyGeminiAnti\.gemini\antigravity\brain\a9e1a503-bcef-4103-9c94-ab351d543298\.system_generated\steps\501\
	                   1	C:\Users\DannyGeminiAnti\.gemini\antigravity\brain\a9e1a503-bcef-4103-9c94-ab351d543298\.system_generated\steps\509\
	                   1	C:\Users\DannyGeminiAnti\.gemini\antigravity\brain\a9e1a503-bcef-4103-9c94-ab351d543298\.system_generated\steps\51\
	                   1	C:\Users\DannyGeminiAnti\.gemini\antigravity\brain\a9e1a503-bcef-4103-9c94-ab351d543298\.system_generated\steps\511\
	                   1	C:\Users\DannyGeminiAnti\.gemini\antigravity\brain\a9e1a503-bcef-4103-9c94-ab351d543298\.system_generated\steps\513\
	                   1	C:\Users\DannyGeminiAnti\.gemini\antigravity\brain\a9e1a503-bcef-4103-9c94-ab351d543298\.system_generated\steps\515\
	                   1	C:\Users\DannyGeminiAnti\.gemini\antigravity\brain\a9e1a503-bcef-4103-9c94-ab351d543298\.system_generated\steps\517\
	                   1	C:\Users\DannyGeminiAnti\.gemini\antigravity\brain\a9e1a503-bcef-4103-9c94-ab351d543298\.system_generated\steps\519\
	                   1	C:\Users\DannyGeminiAnti\.gemini\antigravity\brain\a9e1a503-bcef-4103-9c94-ab351d543298\.system_generated\steps\521\
	                   1	C:\Users\DannyGeminiAnti\.gemini\antigravity\brain\a9e1a503-bcef-4103-9c94-ab351d543298\.system_generated\steps\523\
	                   1	C:\Users\DannyGeminiAnti\.gemini\antigravity\brain\a9e1a503-bcef-4103-9c94-ab351d543298\.system_generated\steps\525\
	                   1	C:\Users\DannyGeminiAnti\.gemini\antigravity\brain\a9e1a503-bcef-4103-9c94-ab351d543298\.system_generated\steps\53\
	                   1	C:\Users\DannyGeminiAnti\.gemini\antigravity\brain\a9e1a503-bcef-4103-9c94-ab351d543298\.system_generated\steps\531\
	                   1	C:\Users\DannyGeminiAnti\.gemini\antigravity\brain\a9e1a503-bcef-4103-9c94-ab351d543298\.system_generated\steps\533\
	                   1	C:\Users\DannyGeminiAnti\.gemini\antigravity\brain\a9e1a503-bcef-4103-9c94-ab351d543298\.system_generated\steps\535\
	                   1	C:\Users\DannyGeminiAnti\.gemini\antigravity\brain\a9e1a503-bcef-4103-9c94-ab351d543298\.system_generated\steps\537\
	                   1	C:\Users\DannyGeminiAnti\.gemini\antigravity\brain\a9e1a503-bcef-4103-9c94-ab351d543298\.system_generated\steps\539\
	                   1	C:\Users\DannyGeminiAnti\.gemini\antigravity\brain\a9e1a503-bcef-4103-9c94-ab351d543298\.system_generated\steps\541\
	                   1	C:\Users\DannyGeminiAnti\.gemini\antigravity\brain\a9e1a503-bcef-4103-9c94-ab351d543298\.system_generated\steps\543\
	                   1	C:\Users\DannyGeminiAnti\.gemini\antigravity\brain\a9e1a503-bcef-4103-9c94-ab351d543298\.system_generated\steps\545\
	                   1	C:\Users\DannyGeminiAnti\.gemini\antigravity\brain\a9e1a503-bcef-4103-9c94-ab351d543298\.system_generated\steps\547\
	                   1	C:\Users\DannyGeminiAnti\.gemini\antigravity\brain\a9e1a503-bcef-4103-9c94-ab351d543298\.system_generated\steps\549\
	                   1	C:\Users\DannyGeminiAnti\.gemini\antigravity\brain\a9e1a503-bcef-4103-9c94-ab351d543298\.system_generated\steps\55\
	                   1	C:\Users\DannyGeminiAnti\.gemini\antigravity\brain\a9e1a503-bcef-4103-9c94-ab351d543298\.system_generated\steps\551\
	                   1	C:\Users\DannyGeminiAnti\.gemini\antigravity\brain\a9e1a503-bcef-4103-9c94-ab351d543298\.system_generated\steps\553\
	                   1	C:\Users\DannyGeminiAnti\.gemini\antigravity\brain\a9e1a503-bcef-4103-9c94-ab351d543298\.system_generated\steps\555\
	                   1	C:\Users\DannyGeminiAnti\.gemini\antigravity\brain\a9e1a503-bcef-4103-9c94-ab351d543298\.system_generated\steps\557\
	                   1	C:\Users\DannyGeminiAnti\.gemini\antigravity\brain\a9e1a503-bcef-4103-9c94-ab351d543298\.system_generated\steps\559\
	                   1	C:\Users\DannyGeminiAnti\.gemini\antigravity\brain\a9e1a503-bcef-4103-9c94-ab351d543298\.system_generated\steps\561\
	                   1	C:\Users\DannyGeminiAnti\.gemini\antigravity\brain\a9e1a503-bcef-4103-9c94-ab351d543298\.system_generated\steps\563\
	                   1	C:\Users\DannyGeminiAnti\.gemini\antigravity\brain\a9e1a503-bcef-4103-9c94-ab351d543298\.system_generated\steps\565\
	                   1	C:\Users\DannyGeminiAnti\.gemini\antigravity\brain\a9e1a503-bcef-4103-9c94-ab351d543298\.system_generated\steps\567\
	                   1	C:\Users\DannyGeminiAnti\.gemini\antigravity\brain\a9e1a503-bcef-4103-9c94-ab351d543298\.system_generated\steps\569\
	                   1	C:\Users\DannyGeminiAnti\.gemini\antigravity\brain\a9e1a503-bcef-4103-9c94-ab351d543298\.system_generated\steps\57\
	                   1	C:\Users\DannyGeminiAnti\.gemini\antigravity\brain\a9e1a503-bcef-4103-9c94-ab351d543298\.system_generated\steps\572\
	                   1	C:\Users\DannyGeminiAnti\.gemini\antigravity\brain\a9e1a503-bcef-4103-9c94-ab351d543298\.system_generated\steps\574\
	                   1	C:\Users\DannyGeminiAnti\.gemini\antigravity\brain\a9e1a503-bcef-4103-9c94-ab351d543298\.system_generated\steps\576\
	                   1	C:\Users\DannyGeminiAnti\.gemini\antigravity\brain\a9e1a503-bcef-4103-9c94-ab351d543298\.system_generated\steps\578\
	                   1	C:\Users\DannyGeminiAnti\.gemini\antigravity\brain\a9e1a503-bcef-4103-9c94-ab351d543298\.system_generated\steps\580\
	                   1	C:\Users\DannyGeminiAnti\.gemini\antigravity\brain\a9e1a503-bcef-4103-9c94-ab351d543298\.system_generated\steps\582\
	                   1	C:\Users\DannyGeminiAnti\.gemini\antigravity\brain\a9e1a503-bcef-4103-9c94-ab351d543298\.system_generated\steps\59\
	                   1	C:\Users\DannyGeminiAnti\.gemini\antigravity\brain\a9e1a503-bcef-4103-9c94-ab351d543298\.system_generated\steps\598\
	                   1	C:\Users\DannyGeminiAnti\.gemini\antigravity\brain\a9e1a503-bcef-4103-9c94-ab351d543298\.system_generated\steps\600\
	                   1	C:\Users\DannyGeminiAnti\.gemini\antigravity\brain\a9e1a503-bcef-4103-9c94-ab351d543298\.system_generated\steps\602\
	                   1	C:\Users\DannyGeminiAnti\.gemini\antigravity\brain\a9e1a503-bcef-4103-9c94-ab351d543298\.system_generated\steps\604\
	                   1	C:\Users\DannyGeminiAnti\.gemini\antigravity\brain\a9e1a503-bcef-4103-9c94-ab351d543298\.system_generated\steps\606\
	                   1	C:\Users\DannyGeminiAnti\.gemini\antigravity\brain\a9e1a503-bcef-4103-9c94-ab351d543298\.system_generated\steps\608\
	                   1	C:\Users\DannyGeminiAnti\.gemini\antigravity\brain\a9e1a503-bcef-4103-9c94-ab351d543298\.system_generated\steps\612\
	                   1	C:\Users\DannyGeminiAnti\.gemini\antigravity\brain\a9e1a503-bcef-4103-9c94-ab351d543298\.system_generated\steps\614\
	                   1	C:\Users\DannyGeminiAnti\.gemini\antigravity\brain\a9e1a503-bcef-4103-9c94-ab351d543298\.system_generated\steps\616\
	                   1	C:\Users\DannyGeminiAnti\.gemini\antigravity\brain\a9e1a503-bcef-4103-9c94-ab351d543298\.system_generated\steps\618\
	                   1	C:\Users\DannyGeminiAnti\.gemini\antigravity\brain\a9e1a503-bcef-4103-9c94-ab351d543298\.system_generated\steps\620\
	                   1	C:\Users\DannyGeminiAnti\.gemini\antigravity\brain\a9e1a503-bcef-4103-9c94-ab351d543298\.system_generated\steps\622\
	                   1	C:\Users\DannyGeminiAnti\.gemini\antigravity\brain\a9e1a503-bcef-4103-9c94-ab351d543298\.system_generated\steps\624\
	                   1	C:\Users\DannyGeminiAnti\.gemini\antigravity\brain\a9e1a503-bcef-4103-9c94-ab351d543298\.system_generated\steps\626\
	                   1	C:\Users\DannyGeminiAnti\.gemini\antigravity\brain\a9e1a503-bcef-4103-9c94-ab351d543298\.system_generated\steps\628\
	                   1	C:\Users\DannyGeminiAnti\.gemini\antigravity\brain\a9e1a503-bcef-4103-9c94-ab351d543298\.system_generated\steps\63\
	                   1	C:\Users\DannyGeminiAnti\.gemini\antigravity\brain\a9e1a503-bcef-4103-9c94-ab351d543298\.system_generated\steps\630\
	                   1	C:\Users\DannyGeminiAnti\.gemini\antigravity\brain\a9e1a503-bcef-4103-9c94-ab351d543298\.system_generated\steps\632\
	                   1	C:\Users\DannyGeminiAnti\.gemini\antigravity\brain\a9e1a503-bcef-4103-9c94-ab351d543298\.system_generated\steps\634\
	                   1	C:\Users\DannyGeminiAnti\.gemini\antigravity\brain\a9e1a503-bcef-4103-9c94-ab351d543298\.system_generated\steps\636\
	                   1	C:\Users\DannyGeminiAnti\.gemini\antigravity\brain\a9e1a503-bcef-4103-9c94-ab351d543298\.system_generated\steps\638\
	                   1	C:\Users\DannyGeminiAnti\.gemini\antigravity\brain\a9e1a503-bcef-4103-9c94-ab351d543298\.system_generated\steps\640\
	                   1	C:\Users\DannyGeminiAnti\.gemini\antigravity\brain\a9e1a503-bcef-4103-9c94-ab351d543298\.system_generated\steps\642\
	                   1	C:\Users\DannyGeminiAnti\.gemini\antigravity\brain\a9e1a503-bcef-4103-9c94-ab351d543298\.system_generated\steps\644\
	                   1	C:\Users\DannyGeminiAnti\.gemini\antigravity\brain\a9e1a503-bcef-4103-9c94-ab351d543298\.system_generated\steps\646\
	                   1	C:\Users\DannyGeminiAnti\.gemini\antigravity\brain\a9e1a503-bcef-4103-9c94-ab351d543298\.system_generated\steps\648\
	                   1	C:\Users\DannyGeminiAnti\.gemini\antigravity\brain\a9e1a503-bcef-4103-9c94-ab351d543298\.system_generated\steps\65\
	                   1	C:\Users\DannyGeminiAnti\.gemini\antigravity\brain\a9e1a503-bcef-4103-9c94-ab351d543298\.system_generated\steps\650\
	                   1	C:\Users\DannyGeminiAnti\.gemini\antigravity\brain\a9e1a503-bcef-4103-9c94-ab351d543298\.system_generated\steps\652\
	                   1	C:\Users\DannyGeminiAnti\.gemini\antigravity\brain\a9e1a503-bcef-4103-9c94-ab351d543298\.system_generated\steps\654\
	                   1	C:\Users\DannyGeminiAnti\.gemini\antigravity\brain\a9e1a503-bcef-4103-9c94-ab351d543298\.system_generated\steps\656\
	                   1	C:\Users\DannyGeminiAnti\.gemini\antigravity\brain\a9e1a503-bcef-4103-9c94-ab351d543298\.system_generated\steps\658\
	                   1	C:\Users\DannyGeminiAnti\.gemini\antigravity\brain\a9e1a503-bcef-4103-9c94-ab351d543298\.system_generated\steps\660\
	                   1	C:\Users\DannyGeminiAnti\.gemini\antigravity\brain\a9e1a503-bcef-4103-9c94-ab351d543298\.system_generated\steps\662\
	                   1	C:\Users\DannyGeminiAnti\.gemini\antigravity\brain\a9e1a503-bcef-4103-9c94-ab351d543298\.system_generated\steps\666\
	                   1	C:\Users\DannyGeminiAnti\.gemini\antigravity\brain\a9e1a503-bcef-4103-9c94-ab351d543298\.system_generated\steps\669\
	                   1	C:\Users\DannyGeminiAnti\.gemini\antigravity\brain\a9e1a503-bcef-4103-9c94-ab351d543298\.system_generated\steps\67\
	                   1	C:\Users\DannyGeminiAnti\.gemini\antigravity\brain\a9e1a503-bcef-4103-9c94-ab351d543298\.system_generated\steps\673\
	                   1	C:\Users\DannyGeminiAnti\.gemini\antigravity\brain\a9e1a503-bcef-4103-9c94-ab351d543298\.system_generated\steps\678\
	                   1	C:\Users\DannyGeminiAnti\.gemini\antigravity\brain\a9e1a503-bcef-4103-9c94-ab351d543298\.system_generated\steps\680\
	                   1	C:\Users\DannyGeminiAnti\.gemini\antigravity\brain\a9e1a503-bcef-4103-9c94-ab351d543298\.system_generated\steps\682\
	                   1	C:\Users\DannyGeminiAnti\.gemini\antigravity\brain\a9e1a503-bcef-4103-9c94-ab351d543298\.system_generated\steps\687\
	                   1	C:\Users\DannyGeminiAnti\.gemini\antigravity\brain\a9e1a503-bcef-4103-9c94-ab351d543298\.system_generated\steps\689\
	                   1	C:\Users\DannyGeminiAnti\.gemini\antigravity\brain\a9e1a503-bcef-4103-9c94-ab351d543298\.system_generated\steps\691\
	                   1	C:\Users\DannyGeminiAnti\.gemini\antigravity\brain\a9e1a503-bcef-4103-9c94-ab351d543298\.system_generated\steps\695\
	                   1	C:\Users\DannyGeminiAnti\.gemini\antigravity\brain\a9e1a503-bcef-4103-9c94-ab351d543298\.system_generated\steps\697\
	                   1	C:\Users\DannyGeminiAnti\.gemini\antigravity\brain\a9e1a503-bcef-4103-9c94-ab351d543298\.system_generated\steps\699\
	                   1	C:\Users\DannyGeminiAnti\.gemini\antigravity\brain\a9e1a503-bcef-4103-9c94-ab351d543298\.system_generated\steps\701\
	                   1	C:\Users\DannyGeminiAnti\.gemini\antigravity\brain\a9e1a503-bcef-4103-9c94-ab351d543298\.system_generated\steps\705\
	                   1	C:\Users\DannyGeminiAnti\.gemini\antigravity\brain\a9e1a503-bcef-4103-9c94-ab351d543298\.system_generated\steps\707\
	                   1	C:\Users\DannyGeminiAnti\.gemini\antigravity\brain\a9e1a503-bcef-4103-9c94-ab351d543298\.system_generated\steps\71\
	                   1	C:\Users\DannyGeminiAnti\.gemini\antigravity\brain\a9e1a503-bcef-4103-9c94-ab351d543298\.system_generated\steps\713\
	                   1	C:\Users\DannyGeminiAnti\.gemini\antigravity\brain\a9e1a503-bcef-4103-9c94-ab351d543298\.system_generated\steps\715\
	                   1	C:\Users\DannyGeminiAnti\.gemini\antigravity\brain\a9e1a503-bcef-4103-9c94-ab351d543298\.system_generated\steps\719\
	                   1	C:\Users\DannyGeminiAnti\.gemini\antigravity\brain\a9e1a503-bcef-4103-9c94-ab351d543298\.system_generated\steps\721\
	                   1	C:\Users\DannyGeminiAnti\.gemini\antigravity\brain\a9e1a503-bcef-4103-9c94-ab351d543298\.system_generated\steps\73\
	                   1	C:\Users\DannyGeminiAnti\.gemini\antigravity\brain\a9e1a503-bcef-4103-9c94-ab351d543298\.system_generated\steps\730\
	                   1	C:\Users\DannyGeminiAnti\.gemini\antigravity\brain\a9e1a503-bcef-4103-9c94-ab351d543298\.system_generated\steps\740\
	                   1	C:\Users\DannyGeminiAnti\.gemini\antigravity\brain\a9e1a503-bcef-4103-9c94-ab351d543298\.system_generated\steps\742\
	                   1	C:\Users\DannyGeminiAnti\.gemini\antigravity\brain\a9e1a503-bcef-4103-9c94-ab351d543298\.system_generated\steps\744\
	                   1	C:\Users\DannyGeminiAnti\.gemini\antigravity\brain\a9e1a503-bcef-4103-9c94-ab351d543298\.system_generated\steps\746\
	                   1	C:\Users\DannyGeminiAnti\.gemini\antigravity\brain\a9e1a503-bcef-4103-9c94-ab351d543298\.system_generated\steps\748\
	                   1	C:\Users\DannyGeminiAnti\.gemini\antigravity\brain\a9e1a503-bcef-4103-9c94-ab351d543298\.system_generated\steps\75\
	                   1	C:\Users\DannyGeminiAnti\.gemini\antigravity\brain\a9e1a503-bcef-4103-9c94-ab351d543298\.system_generated\steps\750\
	                   1	C:\Users\DannyGeminiAnti\.gemini\antigravity\brain\a9e1a503-bcef-4103-9c94-ab351d543298\.system_generated\steps\752\
	                   1	C:\Users\DannyGeminiAnti\.gemini\antigravity\brain\a9e1a503-bcef-4103-9c94-ab351d543298\.system_generated\steps\754\
	                   1	C:\Users\DannyGeminiAnti\.gemini\antigravity\brain\a9e1a503-bcef-4103-9c94-ab351d543298\.system_generated\steps\756\
	                   1	C:\Users\DannyGeminiAnti\.gemini\antigravity\brain\a9e1a503-bcef-4103-9c94-ab351d543298\.system_generated\steps\768\
	                   1	C:\Users\DannyGeminiAnti\.gemini\antigravity\brain\a9e1a503-bcef-4103-9c94-ab351d543298\.system_generated\steps\770\
	                   1	C:\Users\DannyGeminiAnti\.gemini\antigravity\brain\a9e1a503-bcef-4103-9c94-ab351d543298\.system_generated\steps\772\
	                   1	C:\Users\DannyGeminiAnti\.gemini\antigravity\brain\a9e1a503-bcef-4103-9c94-ab351d543298\.system_generated\steps\774\
	                   1	C:\Users\DannyGeminiAnti\.gemini\antigravity\brain\a9e1a503-bcef-4103-9c94-ab351d543298\.system_generated\steps\776\
	                   1	C:\Users\DannyGeminiAnti\.gemini\antigravity\brain\a9e1a503-bcef-4103-9c94-ab351d543298\.system_generated\steps\778\
	                   1	C:\Users\DannyGeminiAnti\.gemini\antigravity\brain\a9e1a503-bcef-4103-9c94-ab351d543298\.system_generated\steps\780\
	                   1	C:\Users\DannyGeminiAnti\.gemini\antigravity\brain\a9e1a503-bcef-4103-9c94-ab351d543298\.system_generated\steps\784\
	                   1	C:\Users\DannyGeminiAnti\.gemini\antigravity\brain\a9e1a503-bcef-4103-9c94-ab351d543298\.system_generated\steps\786\
	                   1	C:\Users\DannyGeminiAnti\.gemini\antigravity\brain\a9e1a503-bcef-4103-9c94-ab351d543298\.system_generated\steps\789\
	                   1	C:\Users\DannyGeminiAnti\.gemini\antigravity\brain\a9e1a503-bcef-4103-9c94-ab351d543298\.system_generated\steps\79\
	                   1	C:\Users\DannyGeminiAnti\.gemini\antigravity\brain\a9e1a503-bcef-4103-9c94-ab351d543298\.system_generated\steps\793\
	                   1	C:\Users\DannyGeminiAnti\.gemini\antigravity\brain\a9e1a503-bcef-4103-9c94-ab351d543298\.system_generated\steps\797\
	                   1	C:\Users\DannyGeminiAnti\.gemini\antigravity\brain\a9e1a503-bcef-4103-9c94-ab351d543298\.system_generated\steps\799\
	                   1	C:\Users\DannyGeminiAnti\.gemini\antigravity\brain\a9e1a503-bcef-4103-9c94-ab351d543298\.system_generated\steps\804\
	                   1	C:\Users\DannyGeminiAnti\.gemini\antigravity\brain\a9e1a503-bcef-4103-9c94-ab351d543298\.system_generated\steps\806\
	                   1	C:\Users\DannyGeminiAnti\.gemini\antigravity\brain\a9e1a503-bcef-4103-9c94-ab351d543298\.system_generated\steps\808\
	                   1	C:\Users\DannyGeminiAnti\.gemini\antigravity\brain\a9e1a503-bcef-4103-9c94-ab351d543298\.system_generated\steps\810\
	                   1	C:\Users\DannyGeminiAnti\.gemini\antigravity\brain\a9e1a503-bcef-4103-9c94-ab351d543298\.system_generated\steps\812\
	                   1	C:\Users\DannyGeminiAnti\.gemini\antigravity\brain\a9e1a503-bcef-4103-9c94-ab351d543298\.system_generated\steps\814\
	                   1	C:\Users\DannyGeminiAnti\.gemini\antigravity\brain\a9e1a503-bcef-4103-9c94-ab351d543298\.system_generated\steps\816\
	                   1	C:\Users\DannyGeminiAnti\.gemini\antigravity\brain\a9e1a503-bcef-4103-9c94-ab351d543298\.system_generated\steps\818\
	                   1	C:\Users\DannyGeminiAnti\.gemini\antigravity\brain\a9e1a503-bcef-4103-9c94-ab351d543298\.system_generated\steps\820\
	                   1	C:\Users\DannyGeminiAnti\.gemini\antigravity\brain\a9e1a503-bcef-4103-9c94-ab351d543298\.system_generated\steps\823\
	                   1	C:\Users\DannyGeminiAnti\.gemini\antigravity\brain\a9e1a503-bcef-4103-9c94-ab351d543298\.system_generated\steps\825\
	                   1	C:\Users\DannyGeminiAnti\.gemini\antigravity\brain\a9e1a503-bcef-4103-9c94-ab351d543298\.system_generated\steps\827\
	                   1	C:\Users\DannyGeminiAnti\.gemini\antigravity\brain\a9e1a503-bcef-4103-9c94-ab351d543298\.system_generated\steps\829\
	                   1	C:\Users\DannyGeminiAnti\.gemini\antigravity\brain\a9e1a503-bcef-4103-9c94-ab351d543298\.system_generated\steps\831\
	                   1	C:\Users\DannyGeminiAnti\.gemini\antigravity\brain\a9e1a503-bcef-4103-9c94-ab351d543298\.system_generated\steps\833\
	                   1	C:\Users\DannyGeminiAnti\.gemini\antigravity\brain\a9e1a503-bcef-4103-9c94-ab351d543298\.system_generated\steps\835\
	                   1	C:\Users\DannyGeminiAnti\.gemini\antigravity\brain\a9e1a503-bcef-4103-9c94-ab351d543298\.system_generated\steps\837\
	                   1	C:\Users\DannyGeminiAnti\.gemini\antigravity\brain\a9e1a503-bcef-4103-9c94-ab351d543298\.system_generated\steps\839\
	                   1	C:\Users\DannyGeminiAnti\.gemini\antigravity\brain\a9e1a503-bcef-4103-9c94-ab351d543298\.system_generated\steps\84\
	                   1	C:\Users\DannyGeminiAnti\.gemini\antigravity\brain\a9e1a503-bcef-4103-9c94-ab351d543298\.system_generated\steps\841\
	                   1	C:\Users\DannyGeminiAnti\.gemini\antigravity\brain\a9e1a503-bcef-4103-9c94-ab351d543298\.system_generated\steps\843\
	                   1	C:\Users\DannyGeminiAnti\.gemini\antigravity\brain\a9e1a503-bcef-4103-9c94-ab351d543298\.system_generated\steps\845\
	                   1	C:\Users\DannyGeminiAnti\.gemini\antigravity\brain\a9e1a503-bcef-4103-9c94-ab351d543298\.system_generated\steps\847\
	                   1	C:\Users\DannyGeminiAnti\.gemini\antigravity\brain\a9e1a503-bcef-4103-9c94-ab351d543298\.system_generated\steps\850\
	                   1	C:\Users\DannyGeminiAnti\.gemini\antigravity\brain\a9e1a503-bcef-4103-9c94-ab351d543298\.system_generated\steps\852\
	                   1	C:\Users\DannyGeminiAnti\.gemini\antigravity\brain\a9e1a503-bcef-4103-9c94-ab351d543298\.system_generated\steps\854\
	                   1	C:\Users\DannyGeminiAnti\.gemini\antigravity\brain\a9e1a503-bcef-4103-9c94-ab351d543298\.system_generated\steps\859\
	                   1	C:\Users\DannyGeminiAnti\.gemini\antigravity\brain\a9e1a503-bcef-4103-9c94-ab351d543298\.system_generated\steps\86\
	                   1	C:\Users\DannyGeminiAnti\.gemini\antigravity\brain\a9e1a503-bcef-4103-9c94-ab351d543298\.system_generated\steps\861\
	                   1	C:\Users\DannyGeminiAnti\.gemini\antigravity\brain\a9e1a503-bcef-4103-9c94-ab351d543298\.system_generated\steps\863\
	                   1	C:\Users\DannyGeminiAnti\.gemini\antigravity\brain\a9e1a503-bcef-4103-9c94-ab351d543298\.system_generated\steps\865\
	                   1	C:\Users\DannyGeminiAnti\.gemini\antigravity\brain\a9e1a503-bcef-4103-9c94-ab351d543298\.system_generated\steps\867\
	                   1	C:\Users\DannyGeminiAnti\.gemini\antigravity\brain\a9e1a503-bcef-4103-9c94-ab351d543298\.system_generated\steps\871\
	                   1	C:\Users\DannyGeminiAnti\.gemini\antigravity\brain\a9e1a503-bcef-4103-9c94-ab351d543298\.system_generated\steps\875\
	                   1	C:\Users\DannyGeminiAnti\.gemini\antigravity\brain\a9e1a503-bcef-4103-9c94-ab351d543298\.system_generated\steps\877\
	                   1	C:\Users\DannyGeminiAnti\.gemini\antigravity\brain\a9e1a503-bcef-4103-9c94-ab351d543298\.system_generated\steps\879\
	                   1	C:\Users\DannyGeminiAnti\.gemini\antigravity\brain\a9e1a503-bcef-4103-9c94-ab351d543298\.system_generated\steps\88\
	                   1	C:\Users\DannyGeminiAnti\.gemini\antigravity\brain\a9e1a503-bcef-4103-9c94-ab351d543298\.system_generated\steps\881\
	                   1	C:\Users\DannyGeminiAnti\.gemini\antigravity\brain\a9e1a503-bcef-4103-9c94-ab351d543298\.system_generated\steps\883\
	                   1	C:\Users\DannyGeminiAnti\.gemini\antigravity\brain\a9e1a503-bcef-4103-9c94-ab351d543298\.system_generated\steps\885\
	                   1	C:\Users\DannyGeminiAnti\.gemini\antigravity\brain\a9e1a503-bcef-4103-9c94-ab351d543298\.system_generated\steps\891\
	                   1	C:\Users\DannyGeminiAnti\.gemini\antigravity\brain\a9e1a503-bcef-4103-9c94-ab351d543298\.system_generated\steps\893\
	                   1	C:\Users\DannyGeminiAnti\.gemini\antigravity\brain\a9e1a503-bcef-4103-9c94-ab351d543298\.system_generated\steps\895\
	                   1	C:\Users\DannyGeminiAnti\.gemini\antigravity\brain\a9e1a503-bcef-4103-9c94-ab351d543298\.system_generated\steps\897\
	                   1	C:\Users\DannyGeminiAnti\.gemini\antigravity\brain\a9e1a503-bcef-4103-9c94-ab351d543298\.system_generated\steps\899\
	                   1	C:\Users\DannyGeminiAnti\.gemini\antigravity\brain\a9e1a503-bcef-4103-9c94-ab351d543298\.system_generated\steps\90\
	                   1	C:\Users\DannyGeminiAnti\.gemini\antigravity\brain\a9e1a503-bcef-4103-9c94-ab351d543298\.system_generated\steps\901\
	                   1	C:\Users\DannyGeminiAnti\.gemini\antigravity\brain\a9e1a503-bcef-4103-9c94-ab351d543298\.system_generated\steps\903\
	                   1	C:\Users\DannyGeminiAnti\.gemini\antigravity\brain\a9e1a503-bcef-4103-9c94-ab351d543298\.system_generated\steps\905\
	                   1	C:\Users\DannyGeminiAnti\.gemini\antigravity\brain\a9e1a503-bcef-4103-9c94-ab351d543298\.system_generated\steps\907\
	                   1	C:\Users\DannyGeminiAnti\.gemini\antigravity\brain\a9e1a503-bcef-4103-9c94-ab351d543298\.system_generated\steps\910\
	                   1	C:\Users\DannyGeminiAnti\.gemini\antigravity\brain\a9e1a503-bcef-4103-9c94-ab351d543298\.system_generated\steps\912\
	                   1	C:\Users\DannyGeminiAnti\.gemini\antigravity\brain\a9e1a503-bcef-4103-9c94-ab351d543298\.system_generated\steps\914\
	                   1	C:\Users\DannyGeminiAnti\.gemini\antigravity\brain\a9e1a503-bcef-4103-9c94-ab351d543298\.system_generated\steps\919\
	                   1	C:\Users\DannyGeminiAnti\.gemini\antigravity\brain\a9e1a503-bcef-4103-9c94-ab351d543298\.system_generated\steps\92\
	                   1	C:\Users\DannyGeminiAnti\.gemini\antigravity\brain\a9e1a503-bcef-4103-9c94-ab351d543298\.system_generated\steps\921\
	                   1	C:\Users\DannyGeminiAnti\.gemini\antigravity\brain\a9e1a503-bcef-4103-9c94-ab351d543298\.system_generated\steps\923\
	                   1	C:\Users\DannyGeminiAnti\.gemini\antigravity\brain\a9e1a503-bcef-4103-9c94-ab351d543298\.system_generated\steps\925\
	                   1	C:\Users\DannyGeminiAnti\.gemini\antigravity\brain\a9e1a503-bcef-4103-9c94-ab351d543298\.system_generated\steps\927\
	                   1	C:\Users\DannyGeminiAnti\.gemini\antigravity\brain\a9e1a503-bcef-4103-9c94-ab351d543298\.system_generated\steps\929\
	                   1	C:\Users\DannyGeminiAnti\.gemini\antigravity\brain\a9e1a503-bcef-4103-9c94-ab351d543298\.system_generated\steps\931\
	                   1	C:\Users\DannyGeminiAnti\.gemini\antigravity\brain\a9e1a503-bcef-4103-9c94-ab351d543298\.system_generated\steps\933\
	                   1	C:\Users\DannyGeminiAnti\.gemini\antigravity\brain\a9e1a503-bcef-4103-9c94-ab351d543298\.system_generated\steps\935\
	                   1	C:\Users\DannyGeminiAnti\.gemini\antigravity\brain\a9e1a503-bcef-4103-9c94-ab351d543298\.system_generated\steps\937\
	                   1	C:\Users\DannyGeminiAnti\.gemini\antigravity\brain\a9e1a503-bcef-4103-9c94-ab351d543298\.system_generated\steps\939\
	                   1	C:\Users\DannyGeminiAnti\.gemini\antigravity\brain\a9e1a503-bcef-4103-9c94-ab351d543298\.system_generated\steps\942\
	                   1	C:\Users\DannyGeminiAnti\.gemini\antigravity\brain\a9e1a503-bcef-4103-9c94-ab351d543298\.system_generated\steps\945\
	                   1	C:\Users\DannyGeminiAnti\.gemini\antigravity\brain\a9e1a503-bcef-4103-9c94-ab351d543298\.system_generated\steps\947\
	                   1	C:\Users\DannyGeminiAnti\.gemini\antigravity\brain\a9e1a503-bcef-4103-9c94-ab351d543298\.system_generated\steps\949\
	                   1	C:\Users\DannyGeminiAnti\.gemini\antigravity\brain\a9e1a503-bcef-4103-9c94-ab351d543298\.system_generated\steps\951\
	                   1	C:\Users\DannyGeminiAnti\.gemini\antigravity\brain\a9e1a503-bcef-4103-9c94-ab351d543298\.system_generated\steps\953\
	                   1	C:\Users\DannyGeminiAnti\.gemini\antigravity\brain\a9e1a503-bcef-4103-9c94-ab351d543298\.system_generated\steps\955\
	                   1	C:\Users\DannyGeminiAnti\.gemini\antigravity\brain\a9e1a503-bcef-4103-9c94-ab351d543298\.system_generated\steps\957\
	                   1	C:\Users\DannyGeminiAnti\.gemini\antigravity\brain\a9e1a503-bcef-4103-9c94-ab351d543298\.system_generated\steps\959\
	                   1	C:\Users\DannyGeminiAnti\.gemini\antigravity\brain\a9e1a503-bcef-4103-9c94-ab351d543298\.system_generated\steps\96\
	                   1	C:\Users\DannyGeminiAnti\.gemini\antigravity\brain\a9e1a503-bcef-4103-9c94-ab351d543298\.system_generated\steps\961\
	                   1	C:\Users\DannyGeminiAnti\.gemini\antigravity\brain\a9e1a503-bcef-4103-9c94-ab351d543298\.system_generated\steps\964\
	                   1	C:\Users\DannyGeminiAnti\.gemini\antigravity\brain\a9e1a503-bcef-4103-9c94-ab351d543298\.system_generated\steps\970\
	                   1	C:\Users\DannyGeminiAnti\.gemini\antigravity\brain\a9e1a503-bcef-4103-9c94-ab351d543298\.system_generated\steps\972\
	                   1	C:\Users\DannyGeminiAnti\.gemini\antigravity\brain\a9e1a503-bcef-4103-9c94-ab351d543298\.system_generated\steps\974\
	                   1	C:\Users\DannyGeminiAnti\.gemini\antigravity\brain\a9e1a503-bcef-4103-9c94-ab351d543298\.system_generated\steps\976\
	                   1	C:\Users\DannyGeminiAnti\.gemini\antigravity\brain\a9e1a503-bcef-4103-9c94-ab351d543298\.system_generated\steps\978\
	                   1	C:\Users\DannyGeminiAnti\.gemini\antigravity\brain\a9e1a503-bcef-4103-9c94-ab351d543298\.system_generated\steps\98\
	                   1	C:\Users\DannyGeminiAnti\.gemini\antigravity\brain\a9e1a503-bcef-4103-9c94-ab351d543298\.system_generated\steps\980\
	                   1	C:\Users\DannyGeminiAnti\.gemini\antigravity\brain\a9e1a503-bcef-4103-9c94-ab351d543298\.system_generated\steps\982\
	                   1	C:\Users\DannyGeminiAnti\.gemini\antigravity\brain\a9e1a503-bcef-4103-9c94-ab351d543298\.system_generated\steps\984\
	                   1	C:\Users\DannyGeminiAnti\.gemini\antigravity\brain\a9e1a503-bcef-4103-9c94-ab351d543298\.system_generated\steps\986\
	                   1	C:\Users\DannyGeminiAnti\.gemini\antigravity\brain\a9e1a503-bcef-4103-9c94-ab351d543298\.system_generated\steps\988\
	                   1	C:\Users\DannyGeminiAnti\.gemini\antigravity\brain\a9e1a503-bcef-4103-9c94-ab351d543298\.system_generated\steps\990\
	                   1	C:\Users\DannyGeminiAnti\.gemini\antigravity\brain\a9e1a503-bcef-4103-9c94-ab351d543298\.system_generated\steps\992\
	                   1	C:\Users\DannyGeminiAnti\.gemini\antigravity\brain\a9e1a503-bcef-4103-9c94-ab351d543298\.system_generated\steps\994\
	                   1	C:\Users\DannyGeminiAnti\.gemini\antigravity\brain\a9e1a503-bcef-4103-9c94-ab351d543298\.system_generated\steps\996\
	                   1	C:\Users\DannyGeminiAnti\.gemini\antigravity\brain\a9e1a503-bcef-4103-9c94-ab351d543298\.system_generated\steps\998\
	                  40	C:\Users\DannyGeminiAnti\.gemini\antigravity\brain\a9e1a503-bcef-4103-9c94-ab351d543298\.user_uploaded\
	                   0	C:\Users\DannyGeminiAnti\.gemini\antigravity\brain\b2b1d6ab-93e7-4464-8a49-b2a90e6ec6e5\
	                   0	C:\Users\DannyGeminiAnti\.gemini\antigravity\brain\b2b1d6ab-93e7-4464-8a49-b2a90e6ec6e5\.system_generated\
	                   2	C:\Users\DannyGeminiAnti\.gemini\antigravity\brain\b2b1d6ab-93e7-4464-8a49-b2a90e6ec6e5\.system_generated\logs\
	                   0	C:\Users\DannyGeminiAnti\.gemini\antigravity\brain\b2b1d6ab-93e7-4464-8a49-b2a90e6ec6e5\.system_generated\logs\chunks\
	                   2	C:\Users\DannyGeminiAnti\.gemini\antigravity\brain\b2b1d6ab-93e7-4464-8a49-b2a90e6ec6e5\.system_generated\logs\chunks\transcript\
	                   3	C:\Users\DannyGeminiAnti\.gemini\antigravity\brain\b2b1d6ab-93e7-4464-8a49-b2a90e6ec6e5\.system_generated\logs\chunks\transcript_full\
	                   2	C:\Users\DannyGeminiAnti\.gemini\antigravity\brain\b2b1d6ab-93e7-4464-8a49-b2a90e6ec6e5\.system_generated\messages\
	                   0	C:\Users\DannyGeminiAnti\.gemini\antigravity\brain\b2b1d6ab-93e7-4464-8a49-b2a90e6ec6e5\.system_generated\messages\undelivered\
	                   0	C:\Users\DannyGeminiAnti\.gemini\antigravity\brain\b2b1d6ab-93e7-4464-8a49-b2a90e6ec6e5\.system_generated\steps\
	                   1	C:\Users\DannyGeminiAnti\.gemini\antigravity\brain\b2b1d6ab-93e7-4464-8a49-b2a90e6ec6e5\.system_generated\steps\101\
	                   1	C:\Users\DannyGeminiAnti\.gemini\antigravity\brain\b2b1d6ab-93e7-4464-8a49-b2a90e6ec6e5\.system_generated\steps\103\
	                   1	C:\Users\DannyGeminiAnti\.gemini\antigravity\brain\b2b1d6ab-93e7-4464-8a49-b2a90e6ec6e5\.system_generated\steps\105\
	                   1	C:\Users\DannyGeminiAnti\.gemini\antigravity\brain\b2b1d6ab-93e7-4464-8a49-b2a90e6ec6e5\.system_generated\steps\107\
	                   1	C:\Users\DannyGeminiAnti\.gemini\antigravity\brain\b2b1d6ab-93e7-4464-8a49-b2a90e6ec6e5\.system_generated\steps\109\
	                   1	C:\Users\DannyGeminiAnti\.gemini\antigravity\brain\b2b1d6ab-93e7-4464-8a49-b2a90e6ec6e5\.system_generated\steps\113\
	                   1	C:\Users\DannyGeminiAnti\.gemini\antigravity\brain\b2b1d6ab-93e7-4464-8a49-b2a90e6ec6e5\.system_generated\steps\115\
	                   1	C:\Users\DannyGeminiAnti\.gemini\antigravity\brain\b2b1d6ab-93e7-4464-8a49-b2a90e6ec6e5\.system_generated\steps\12\
	                   1	C:\Users\DannyGeminiAnti\.gemini\antigravity\brain\b2b1d6ab-93e7-4464-8a49-b2a90e6ec6e5\.system_generated\steps\2\
	                   1	C:\Users\DannyGeminiAnti\.gemini\antigravity\brain\b2b1d6ab-93e7-4464-8a49-b2a90e6ec6e5\.system_generated\steps\20\
	                   1	C:\Users\DannyGeminiAnti\.gemini\antigravity\brain\b2b1d6ab-93e7-4464-8a49-b2a90e6ec6e5\.system_generated\steps\22\
	                   1	C:\Users\DannyGeminiAnti\.gemini\antigravity\brain\b2b1d6ab-93e7-4464-8a49-b2a90e6ec6e5\.system_generated\steps\24\
	                   1	C:\Users\DannyGeminiAnti\.gemini\antigravity\brain\b2b1d6ab-93e7-4464-8a49-b2a90e6ec6e5\.system_generated\steps\26\
	                   1	C:\Users\DannyGeminiAnti\.gemini\antigravity\brain\b2b1d6ab-93e7-4464-8a49-b2a90e6ec6e5\.system_generated\steps\28\
	                   1	C:\Users\DannyGeminiAnti\.gemini\antigravity\brain\b2b1d6ab-93e7-4464-8a49-b2a90e6ec6e5\.system_generated\steps\30\
	                   1	C:\Users\DannyGeminiAnti\.gemini\antigravity\brain\b2b1d6ab-93e7-4464-8a49-b2a90e6ec6e5\.system_generated\steps\32\
	                   1	C:\Users\DannyGeminiAnti\.gemini\antigravity\brain\b2b1d6ab-93e7-4464-8a49-b2a90e6ec6e5\.system_generated\steps\34\
	                   1	C:\Users\DannyGeminiAnti\.gemini\antigravity\brain\b2b1d6ab-93e7-4464-8a49-b2a90e6ec6e5\.system_generated\steps\36\
	                   1	C:\Users\DannyGeminiAnti\.gemini\antigravity\brain\b2b1d6ab-93e7-4464-8a49-b2a90e6ec6e5\.system_generated\steps\38\
	                   1	C:\Users\DannyGeminiAnti\.gemini\antigravity\brain\b2b1d6ab-93e7-4464-8a49-b2a90e6ec6e5\.system_generated\steps\40\
	                   1	C:\Users\DannyGeminiAnti\.gemini\antigravity\brain\b2b1d6ab-93e7-4464-8a49-b2a90e6ec6e5\.system_generated\steps\42\
	                   1	C:\Users\DannyGeminiAnti\.gemini\antigravity\brain\b2b1d6ab-93e7-4464-8a49-b2a90e6ec6e5\.system_generated\steps\44\
	                   1	C:\Users\DannyGeminiAnti\.gemini\antigravity\brain\b2b1d6ab-93e7-4464-8a49-b2a90e6ec6e5\.system_generated\steps\46\
	                   1	C:\Users\DannyGeminiAnti\.gemini\antigravity\brain\b2b1d6ab-93e7-4464-8a49-b2a90e6ec6e5\.system_generated\steps\48\
	                   1	C:\Users\DannyGeminiAnti\.gemini\antigravity\brain\b2b1d6ab-93e7-4464-8a49-b2a90e6ec6e5\.system_generated\steps\50\
	                   1	C:\Users\DannyGeminiAnti\.gemini\antigravity\brain\b2b1d6ab-93e7-4464-8a49-b2a90e6ec6e5\.system_generated\steps\52\
	                   1	C:\Users\DannyGeminiAnti\.gemini\antigravity\brain\b2b1d6ab-93e7-4464-8a49-b2a90e6ec6e5\.system_generated\steps\54\
	                   1	C:\Users\DannyGeminiAnti\.gemini\antigravity\brain\b2b1d6ab-93e7-4464-8a49-b2a90e6ec6e5\.system_generated\steps\56\
	                   1	C:\Users\DannyGeminiAnti\.gemini\antigravity\brain\b2b1d6ab-93e7-4464-8a49-b2a90e6ec6e5\.system_generated\steps\58\
	                   1	C:\Users\DannyGeminiAnti\.gemini\antigravity\brain\b2b1d6ab-93e7-4464-8a49-b2a90e6ec6e5\.system_generated\steps\6\
	                   1	C:\Users\DannyGeminiAnti\.gemini\antigravity\brain\b2b1d6ab-93e7-4464-8a49-b2a90e6ec6e5\.system_generated\steps\60\
	                   1	C:\Users\DannyGeminiAnti\.gemini\antigravity\brain\b2b1d6ab-93e7-4464-8a49-b2a90e6ec6e5\.system_generated\steps\62\
	                   1	C:\Users\DannyGeminiAnti\.gemini\antigravity\brain\b2b1d6ab-93e7-4464-8a49-b2a90e6ec6e5\.system_generated\steps\64\
	                   1	C:\Users\DannyGeminiAnti\.gemini\antigravity\brain\b2b1d6ab-93e7-4464-8a49-b2a90e6ec6e5\.system_generated\steps\66\
	                   1	C:\Users\DannyGeminiAnti\.gemini\antigravity\brain\b2b1d6ab-93e7-4464-8a49-b2a90e6ec6e5\.system_generated\steps\68\
	                   1	C:\Users\DannyGeminiAnti\.gemini\antigravity\brain\b2b1d6ab-93e7-4464-8a49-b2a90e6ec6e5\.system_generated\steps\70\
	                   1	C:\Users\DannyGeminiAnti\.gemini\antigravity\brain\b2b1d6ab-93e7-4464-8a49-b2a90e6ec6e5\.system_generated\steps\73\
	                   1	C:\Users\DannyGeminiAnti\.gemini\antigravity\brain\b2b1d6ab-93e7-4464-8a49-b2a90e6ec6e5\.system_generated\steps\77\
	                   1	C:\Users\DannyGeminiAnti\.gemini\antigravity\brain\b2b1d6ab-93e7-4464-8a49-b2a90e6ec6e5\.system_generated\steps\79\
	                   1	C:\Users\DannyGeminiAnti\.gemini\antigravity\brain\b2b1d6ab-93e7-4464-8a49-b2a90e6ec6e5\.system_generated\steps\81\
	                   1	C:\Users\DannyGeminiAnti\.gemini\antigravity\brain\b2b1d6ab-93e7-4464-8a49-b2a90e6ec6e5\.system_generated\steps\83\
	                   1	C:\Users\DannyGeminiAnti\.gemini\antigravity\brain\b2b1d6ab-93e7-4464-8a49-b2a90e6ec6e5\.system_generated\steps\85\
	                   1	C:\Users\DannyGeminiAnti\.gemini\antigravity\brain\b2b1d6ab-93e7-4464-8a49-b2a90e6ec6e5\.system_generated\steps\87\
	                   1	C:\Users\DannyGeminiAnti\.gemini\antigravity\brain\b2b1d6ab-93e7-4464-8a49-b2a90e6ec6e5\.system_generated\steps\89\
	                   1	C:\Users\DannyGeminiAnti\.gemini\antigravity\brain\b2b1d6ab-93e7-4464-8a49-b2a90e6ec6e5\.system_generated\steps\93\
	                   1	C:\Users\DannyGeminiAnti\.gemini\antigravity\brain\b2b1d6ab-93e7-4464-8a49-b2a90e6ec6e5\.system_generated\steps\95\
	                   0	C:\Users\DannyGeminiAnti\.gemini\antigravity\brain\b2b1d6ab-93e7-4464-8a49-b2a90e6ec6e5\.user_uploaded\
	                   0	C:\Users\DannyGeminiAnti\.gemini\antigravity\brain\c38a65d5-9892-49ca-a791-fa8c25332d53\
	                   0	C:\Users\DannyGeminiAnti\.gemini\antigravity\brain\c38a65d5-9892-49ca-a791-fa8c25332d53\.system_generated\
	                   2	C:\Users\DannyGeminiAnti\.gemini\antigravity\brain\c38a65d5-9892-49ca-a791-fa8c25332d53\.system_generated\logs\
	                   0	C:\Users\DannyGeminiAnti\.gemini\antigravity\brain\c38a65d5-9892-49ca-a791-fa8c25332d53\.system_generated\logs\chunks\
	                  20	C:\Users\DannyGeminiAnti\.gemini\antigravity\brain\c38a65d5-9892-49ca-a791-fa8c25332d53\.system_generated\logs\chunks\transcript\
	                  29	C:\Users\DannyGeminiAnti\.gemini\antigravity\brain\c38a65d5-9892-49ca-a791-fa8c25332d53\.system_generated\logs\chunks\transcript_full\
	                  14	C:\Users\DannyGeminiAnti\.gemini\antigravity\brain\c38a65d5-9892-49ca-a791-fa8c25332d53\.system_generated\messages\
	                   0	C:\Users\DannyGeminiAnti\.gemini\antigravity\brain\c38a65d5-9892-49ca-a791-fa8c25332d53\.system_generated\messages\undelivered\
	                   0	C:\Users\DannyGeminiAnti\.gemini\antigravity\brain\c38a65d5-9892-49ca-a791-fa8c25332d53\.system_generated\steps\
	                   1	C:\Users\DannyGeminiAnti\.gemini\antigravity\brain\c38a65d5-9892-49ca-a791-fa8c25332d53\.system_generated\steps\1000\
	                   1	C:\Users\DannyGeminiAnti\.gemini\antigravity\brain\c38a65d5-9892-49ca-a791-fa8c25332d53\.system_generated\steps\1004\
	                   1	C:\Users\DannyGeminiAnti\.gemini\antigravity\brain\c38a65d5-9892-49ca-a791-fa8c25332d53\.system_generated\steps\1006\
	                   1	C:\Users\DannyGeminiAnti\.gemini\antigravity\brain\c38a65d5-9892-49ca-a791-fa8c25332d53\.system_generated\steps\1008\
	                   1	C:\Users\DannyGeminiAnti\.gemini\antigravity\brain\c38a65d5-9892-49ca-a791-fa8c25332d53\.system_generated\steps\1010\
	                   1	C:\Users\DannyGeminiAnti\.gemini\antigravity\brain\c38a65d5-9892-49ca-a791-fa8c25332d53\.system_generated\steps\1012\
	                   1	C:\Users\DannyGeminiAnti\.gemini\antigravity\brain\c38a65d5-9892-49ca-a791-fa8c25332d53\.system_generated\steps\1014\
	                   1	C:\Users\DannyGeminiAnti\.gemini\antigravity\brain\c38a65d5-9892-49ca-a791-fa8c25332d53\.system_generated\steps\1016\
	                   1	C:\Users\DannyGeminiAnti\.gemini\antigravity\brain\c38a65d5-9892-49ca-a791-fa8c25332d53\.system_generated\steps\1018\
	                   1	C:\Users\DannyGeminiAnti\.gemini\antigravity\brain\c38a65d5-9892-49ca-a791-fa8c25332d53\.system_generated\steps\1020\
	                   1	C:\Users\DannyGeminiAnti\.gemini\antigravity\brain\c38a65d5-9892-49ca-a791-fa8c25332d53\.system_generated\steps\1022\
	                   1	C:\Users\DannyGeminiAnti\.gemini\antigravity\brain\c38a65d5-9892-49ca-a791-fa8c25332d53\.system_generated\steps\1024\
	                   1	C:\Users\DannyGeminiAnti\.gemini\antigravity\brain\c38a65d5-9892-49ca-a791-fa8c25332d53\.system_generated\steps\1026\
	                   1	C:\Users\DannyGeminiAnti\.gemini\antigravity\brain\c38a65d5-9892-49ca-a791-fa8c25332d53\.system_generated\steps\1028\
	                   1	C:\Users\DannyGeminiAnti\.gemini\antigravity\brain\c38a65d5-9892-49ca-a791-fa8c25332d53\.system_generated\steps\1030\
	                   1	C:\Users\DannyGeminiAnti\.gemini\antigravity\brain\c38a65d5-9892-49ca-a791-fa8c25332d53\.system_generated\steps\1032\
	                   1	C:\Users\DannyGeminiAnti\.gemini\antigravity\brain\c38a65d5-9892-49ca-a791-fa8c25332d53\.system_generated\steps\1034\
	                   1	C:\Users\DannyGeminiAnti\.gemini\antigravity\brain\c38a65d5-9892-49ca-a791-fa8c25332d53\.system_generated\steps\1036\
	                   1	C:\Users\DannyGeminiAnti\.gemini\antigravity\brain\c38a65d5-9892-49ca-a791-fa8c25332d53\.system_generated\steps\1038\
	                   1	C:\Users\DannyGeminiAnti\.gemini\antigravity\brain\c38a65d5-9892-49ca-a791-fa8c25332d53\.system_generated\steps\1040\
	                   1	C:\Users\DannyGeminiAnti\.gemini\antigravity\brain\c38a65d5-9892-49ca-a791-fa8c25332d53\.system_generated\steps\1042\
	                   1	C:\Users\DannyGeminiAnti\.gemini\antigravity\brain\c38a65d5-9892-49ca-a791-fa8c25332d53\.system_generated\steps\1060\
	                   1	C:\Users\DannyGeminiAnti\.gemini\antigravity\brain\c38a65d5-9892-49ca-a791-fa8c25332d53\.system_generated\steps\1062\
	                   1	C:\Users\DannyGeminiAnti\.gemini\antigravity\brain\c38a65d5-9892-49ca-a791-fa8c25332d53\.system_generated\steps\1064\
	                   1	C:\Users\DannyGeminiAnti\.gemini\antigravity\brain\c38a65d5-9892-49ca-a791-fa8c25332d53\.system_generated\steps\1066\
	                   1	C:\Users\DannyGeminiAnti\.gemini\antigravity\brain\c38a65d5-9892-49ca-a791-fa8c25332d53\.system_generated\steps\1078\
	                   1	C:\Users\DannyGeminiAnti\.gemini\antigravity\brain\c38a65d5-9892-49ca-a791-fa8c25332d53\.system_generated\steps\1080\
	                   1	C:\Users\DannyGeminiAnti\.gemini\antigravity\brain\c38a65d5-9892-49ca-a791-fa8c25332d53\.system_generated\steps\1084\
	                   1	C:\Users\DannyGeminiAnti\.gemini\antigravity\brain\c38a65d5-9892-49ca-a791-fa8c25332d53\.system_generated\steps\1088\
	                   1	C:\Users\DannyGeminiAnti\.gemini\antigravity\brain\c38a65d5-9892-49ca-a791-fa8c25332d53\.system_generated\steps\109\
	                   1	C:\Users\DannyGeminiAnti\.gemini\antigravity\brain\c38a65d5-9892-49ca-a791-fa8c25332d53\.system_generated\steps\1094\
	                   1	C:\Users\DannyGeminiAnti\.gemini\antigravity\brain\c38a65d5-9892-49ca-a791-fa8c25332d53\.system_generated\steps\1100\
	                   1	C:\Users\DannyGeminiAnti\.gemini\antigravity\brain\c38a65d5-9892-49ca-a791-fa8c25332d53\.system_generated\steps\1102\
	                   1	C:\Users\DannyGeminiAnti\.gemini\antigravity\brain\c38a65d5-9892-49ca-a791-fa8c25332d53\.system_generated\steps\1104\
	                   1	C:\Users\DannyGeminiAnti\.gemini\antigravity\brain\c38a65d5-9892-49ca-a791-fa8c25332d53\.system_generated\steps\1106\
	                   1	C:\Users\DannyGeminiAnti\.gemini\antigravity\brain\c38a65d5-9892-49ca-a791-fa8c25332d53\.system_generated\steps\1108\
	                   1	C:\Users\DannyGeminiAnti\.gemini\antigravity\brain\c38a65d5-9892-49ca-a791-fa8c25332d53\.system_generated\steps\111\
	                   1	C:\Users\DannyGeminiAnti\.gemini\antigravity\brain\c38a65d5-9892-49ca-a791-fa8c25332d53\.system_generated\steps\1110\
	                   1	C:\Users\DannyGeminiAnti\.gemini\antigravity\brain\c38a65d5-9892-49ca-a791-fa8c25332d53\.system_generated\steps\1112\
	                   1	C:\Users\DannyGeminiAnti\.gemini\antigravity\brain\c38a65d5-9892-49ca-a791-fa8c25332d53\.system_generated\steps\1114\
	                   1	C:\Users\DannyGeminiAnti\.gemini\antigravity\brain\c38a65d5-9892-49ca-a791-fa8c25332d53\.system_generated\steps\1116\
	                   1	C:\Users\DannyGeminiAnti\.gemini\antigravity\brain\c38a65d5-9892-49ca-a791-fa8c25332d53\.system_generated\steps\1118\
	                   1	C:\Users\DannyGeminiAnti\.gemini\antigravity\brain\c38a65d5-9892-49ca-a791-fa8c25332d53\.system_generated\steps\1120\
	                   1	C:\Users\DannyGeminiAnti\.gemini\antigravity\brain\c38a65d5-9892-49ca-a791-fa8c25332d53\.system_generated\steps\1122\
	                   1	C:\Users\DannyGeminiAnti\.gemini\antigravity\brain\c38a65d5-9892-49ca-a791-fa8c25332d53\.system_generated\steps\1124\
	                   1	C:\Users\DannyGeminiAnti\.gemini\antigravity\brain\c38a65d5-9892-49ca-a791-fa8c25332d53\.system_generated\steps\1126\
	                   1	C:\Users\DannyGeminiAnti\.gemini\antigravity\brain\c38a65d5-9892-49ca-a791-fa8c25332d53\.system_generated\steps\1128\
	                   1	C:\Users\DannyGeminiAnti\.gemini\antigravity\brain\c38a65d5-9892-49ca-a791-fa8c25332d53\.system_generated\steps\113\
	                   1	C:\Users\DannyGeminiAnti\.gemini\antigravity\brain\c38a65d5-9892-49ca-a791-fa8c25332d53\.system_generated\steps\1130\
	                   1	C:\Users\DannyGeminiAnti\.gemini\antigravity\brain\c38a65d5-9892-49ca-a791-fa8c25332d53\.system_generated\steps\1134\
	                   1	C:\Users\DannyGeminiAnti\.gemini\antigravity\brain\c38a65d5-9892-49ca-a791-fa8c25332d53\.system_generated\steps\1136\
	                   1	C:\Users\DannyGeminiAnti\.gemini\antigravity\brain\c38a65d5-9892-49ca-a791-fa8c25332d53\.system_generated\steps\1138\
	                   1	C:\Users\DannyGeminiAnti\.gemini\antigravity\brain\c38a65d5-9892-49ca-a791-fa8c25332d53\.system_generated\steps\1140\
	                   1	C:\Users\DannyGeminiAnti\.gemini\antigravity\brain\c38a65d5-9892-49ca-a791-fa8c25332d53\.system_generated\steps\1142\
	                   1	C:\Users\DannyGeminiAnti\.gemini\antigravity\brain\c38a65d5-9892-49ca-a791-fa8c25332d53\.system_generated\steps\1148\
	                   1	C:\Users\DannyGeminiAnti\.gemini\antigravity\brain\c38a65d5-9892-49ca-a791-fa8c25332d53\.system_generated\steps\115\
	                   1	C:\Users\DannyGeminiAnti\.gemini\antigravity\brain\c38a65d5-9892-49ca-a791-fa8c25332d53\.system_generated\steps\1159\
	                   1	C:\Users\DannyGeminiAnti\.gemini\antigravity\brain\c38a65d5-9892-49ca-a791-fa8c25332d53\.system_generated\steps\1161\
	                   1	C:\Users\DannyGeminiAnti\.gemini\antigravity\brain\c38a65d5-9892-49ca-a791-fa8c25332d53\.system_generated\steps\1163\
	                   1	C:\Users\DannyGeminiAnti\.gemini\antigravity\brain\c38a65d5-9892-49ca-a791-fa8c25332d53\.system_generated\steps\1165\
	                   1	C:\Users\DannyGeminiAnti\.gemini\antigravity\brain\c38a65d5-9892-49ca-a791-fa8c25332d53\.system_generated\steps\1167\
	                   1	C:\Users\DannyGeminiAnti\.gemini\antigravity\brain\c38a65d5-9892-49ca-a791-fa8c25332d53\.system_generated\steps\1169\
	                   1	C:\Users\DannyGeminiAnti\.gemini\antigravity\brain\c38a65d5-9892-49ca-a791-fa8c25332d53\.system_generated\steps\117\
	                   1	C:\Users\DannyGeminiAnti\.gemini\antigravity\brain\c38a65d5-9892-49ca-a791-fa8c25332d53\.system_generated\steps\1173\
	                   1	C:\Users\DannyGeminiAnti\.gemini\antigravity\brain\c38a65d5-9892-49ca-a791-fa8c25332d53\.system_generated\steps\1175\
	                   1	C:\Users\DannyGeminiAnti\.gemini\antigravity\brain\c38a65d5-9892-49ca-a791-fa8c25332d53\.system_generated\steps\1177\
	                   1	C:\Users\DannyGeminiAnti\.gemini\antigravity\brain\c38a65d5-9892-49ca-a791-fa8c25332d53\.system_generated\steps\1179\
	                   1	C:\Users\DannyGeminiAnti\.gemini\antigravity\brain\c38a65d5-9892-49ca-a791-fa8c25332d53\.system_generated\steps\1181\
	                   1	C:\Users\DannyGeminiAnti\.gemini\antigravity\brain\c38a65d5-9892-49ca-a791-fa8c25332d53\.system_generated\steps\1183\
	                   1	C:\Users\DannyGeminiAnti\.gemini\antigravity\brain\c38a65d5-9892-49ca-a791-fa8c25332d53\.system_generated\steps\1185\
	                   1	C:\Users\DannyGeminiAnti\.gemini\antigravity\brain\c38a65d5-9892-49ca-a791-fa8c25332d53\.system_generated\steps\1187\
	                   1	C:\Users\DannyGeminiAnti\.gemini\antigravity\brain\c38a65d5-9892-49ca-a791-fa8c25332d53\.system_generated\steps\1189\
	                   1	C:\Users\DannyGeminiAnti\.gemini\antigravity\brain\c38a65d5-9892-49ca-a791-fa8c25332d53\.system_generated\steps\119\
	                   1	C:\Users\DannyGeminiAnti\.gemini\antigravity\brain\c38a65d5-9892-49ca-a791-fa8c25332d53\.system_generated\steps\1191\
	                   1	C:\Users\DannyGeminiAnti\.gemini\antigravity\brain\c38a65d5-9892-49ca-a791-fa8c25332d53\.system_generated\steps\1193\
	                   1	C:\Users\DannyGeminiAnti\.gemini\antigravity\brain\c38a65d5-9892-49ca-a791-fa8c25332d53\.system_generated\steps\1195\
	                   1	C:\Users\DannyGeminiAnti\.gemini\antigravity\brain\c38a65d5-9892-49ca-a791-fa8c25332d53\.system_generated\steps\1197\
	                   1	C:\Users\DannyGeminiAnti\.gemini\antigravity\brain\c38a65d5-9892-49ca-a791-fa8c25332d53\.system_generated\steps\1200\
	                   1	C:\Users\DannyGeminiAnti\.gemini\antigravity\brain\c38a65d5-9892-49ca-a791-fa8c25332d53\.system_generated\steps\1202\
	                   1	C:\Users\DannyGeminiAnti\.gemini\antigravity\brain\c38a65d5-9892-49ca-a791-fa8c25332d53\.system_generated\steps\1204\
	                   1	C:\Users\DannyGeminiAnti\.gemini\antigravity\brain\c38a65d5-9892-49ca-a791-fa8c25332d53\.system_generated\steps\1206\
	                   1	C:\Users\DannyGeminiAnti\.gemini\antigravity\brain\c38a65d5-9892-49ca-a791-fa8c25332d53\.system_generated\steps\1208\
	                   1	C:\Users\DannyGeminiAnti\.gemini\antigravity\brain\c38a65d5-9892-49ca-a791-fa8c25332d53\.system_generated\steps\1210\
	                   1	C:\Users\DannyGeminiAnti\.gemini\antigravity\brain\c38a65d5-9892-49ca-a791-fa8c25332d53\.system_generated\steps\1212\
	                   1	C:\Users\DannyGeminiAnti\.gemini\antigravity\brain\c38a65d5-9892-49ca-a791-fa8c25332d53\.system_generated\steps\1214\
	                   1	C:\Users\DannyGeminiAnti\.gemini\antigravity\brain\c38a65d5-9892-49ca-a791-fa8c25332d53\.system_generated\steps\1216\
	                   1	C:\Users\DannyGeminiAnti\.gemini\antigravity\brain\c38a65d5-9892-49ca-a791-fa8c25332d53\.system_generated\steps\1218\
	                   1	C:\Users\DannyGeminiAnti\.gemini\antigravity\brain\c38a65d5-9892-49ca-a791-fa8c25332d53\.system_generated\steps\1222\
	                   1	C:\Users\DannyGeminiAnti\.gemini\antigravity\brain\c38a65d5-9892-49ca-a791-fa8c25332d53\.system_generated\steps\1224\
	                   1	C:\Users\DannyGeminiAnti\.gemini\antigravity\brain\c38a65d5-9892-49ca-a791-fa8c25332d53\.system_generated\steps\1226\
	                   1	C:\Users\DannyGeminiAnti\.gemini\antigravity\brain\c38a65d5-9892-49ca-a791-fa8c25332d53\.system_generated\steps\1228\
	                   1	C:\Users\DannyGeminiAnti\.gemini\antigravity\brain\c38a65d5-9892-49ca-a791-fa8c25332d53\.system_generated\steps\1230\
	                   1	C:\Users\DannyGeminiAnti\.gemini\antigravity\brain\c38a65d5-9892-49ca-a791-fa8c25332d53\.system_generated\steps\1232\
	                   1	C:\Users\DannyGeminiAnti\.gemini\antigravity\brain\c38a65d5-9892-49ca-a791-fa8c25332d53\.system_generated\steps\1234\
	                   1	C:\Users\DannyGeminiAnti\.gemini\antigravity\brain\c38a65d5-9892-49ca-a791-fa8c25332d53\.system_generated\steps\1236\
	                   1	C:\Users\DannyGeminiAnti\.gemini\antigravity\brain\c38a65d5-9892-49ca-a791-fa8c25332d53\.system_generated\steps\1238\
	                   1	C:\Users\DannyGeminiAnti\.gemini\antigravity\brain\c38a65d5-9892-49ca-a791-fa8c25332d53\.system_generated\steps\1240\
	                   1	C:\Users\DannyGeminiAnti\.gemini\antigravity\brain\c38a65d5-9892-49ca-a791-fa8c25332d53\.system_generated\steps\1242\
	                   1	C:\Users\DannyGeminiAnti\.gemini\antigravity\brain\c38a65d5-9892-49ca-a791-fa8c25332d53\.system_generated\steps\1244\
	                   1	C:\Users\DannyGeminiAnti\.gemini\antigravity\brain\c38a65d5-9892-49ca-a791-fa8c25332d53\.system_generated\steps\1246\
	                   1	C:\Users\DannyGeminiAnti\.gemini\antigravity\brain\c38a65d5-9892-49ca-a791-fa8c25332d53\.system_generated\steps\1248\
	                   1	C:\Users\DannyGeminiAnti\.gemini\antigravity\brain\c38a65d5-9892-49ca-a791-fa8c25332d53\.system_generated\steps\1250\
	                   1	C:\Users\DannyGeminiAnti\.gemini\antigravity\brain\c38a65d5-9892-49ca-a791-fa8c25332d53\.system_generated\steps\1252\
	                   1	C:\Users\DannyGeminiAnti\.gemini\antigravity\brain\c38a65d5-9892-49ca-a791-fa8c25332d53\.system_generated\steps\1254\
	                   1	C:\Users\DannyGeminiAnti\.gemini\antigravity\brain\c38a65d5-9892-49ca-a791-fa8c25332d53\.system_generated\steps\1256\
	                   1	C:\Users\DannyGeminiAnti\.gemini\antigravity\brain\c38a65d5-9892-49ca-a791-fa8c25332d53\.system_generated\steps\1258\
	                   1	C:\Users\DannyGeminiAnti\.gemini\antigravity\brain\c38a65d5-9892-49ca-a791-fa8c25332d53\.system_generated\steps\1260\
	                   1	C:\Users\DannyGeminiAnti\.gemini\antigravity\brain\c38a65d5-9892-49ca-a791-fa8c25332d53\.system_generated\steps\1262\
	                   1	C:\Users\DannyGeminiAnti\.gemini\antigravity\brain\c38a65d5-9892-49ca-a791-fa8c25332d53\.system_generated\steps\1264\
	                   1	C:\Users\DannyGeminiAnti\.gemini\antigravity\brain\c38a65d5-9892-49ca-a791-fa8c25332d53\.system_generated\steps\1267\
	                   1	C:\Users\DannyGeminiAnti\.gemini\antigravity\brain\c38a65d5-9892-49ca-a791-fa8c25332d53\.system_generated\steps\1269\
	                   1	C:\Users\DannyGeminiAnti\.gemini\antigravity\brain\c38a65d5-9892-49ca-a791-fa8c25332d53\.system_generated\steps\1271\
	                   1	C:\Users\DannyGeminiAnti\.gemini\antigravity\brain\c38a65d5-9892-49ca-a791-fa8c25332d53\.system_generated\steps\1273\
	                   1	C:\Users\DannyGeminiAnti\.gemini\antigravity\brain\c38a65d5-9892-49ca-a791-fa8c25332d53\.system_generated\steps\1275\
	                   1	C:\Users\DannyGeminiAnti\.gemini\antigravity\brain\c38a65d5-9892-49ca-a791-fa8c25332d53\.system_generated\steps\1277\
	                   1	C:\Users\DannyGeminiAnti\.gemini\antigravity\brain\c38a65d5-9892-49ca-a791-fa8c25332d53\.system_generated\steps\1281\
	                   1	C:\Users\DannyGeminiAnti\.gemini\antigravity\brain\c38a65d5-9892-49ca-a791-fa8c25332d53\.system_generated\steps\1283\
	                   1	C:\Users\DannyGeminiAnti\.gemini\antigravity\brain\c38a65d5-9892-49ca-a791-fa8c25332d53\.system_generated\steps\1285\
	                   1	C:\Users\DannyGeminiAnti\.gemini\antigravity\brain\c38a65d5-9892-49ca-a791-fa8c25332d53\.system_generated\steps\1287\
	                   1	C:\Users\DannyGeminiAnti\.gemini\antigravity\brain\c38a65d5-9892-49ca-a791-fa8c25332d53\.system_generated\steps\1289\
	                   1	C:\Users\DannyGeminiAnti\.gemini\antigravity\brain\c38a65d5-9892-49ca-a791-fa8c25332d53\.system_generated\steps\129\
	                   1	C:\Users\DannyGeminiAnti\.gemini\antigravity\brain\c38a65d5-9892-49ca-a791-fa8c25332d53\.system_generated\steps\1291\
	                   1	C:\Users\DannyGeminiAnti\.gemini\antigravity\brain\c38a65d5-9892-49ca-a791-fa8c25332d53\.system_generated\steps\1293\
	                   1	C:\Users\DannyGeminiAnti\.gemini\antigravity\brain\c38a65d5-9892-49ca-a791-fa8c25332d53\.system_generated\steps\1295\
	                   1	C:\Users\DannyGeminiAnti\.gemini\antigravity\brain\c38a65d5-9892-49ca-a791-fa8c25332d53\.system_generated\steps\1297\
	                   1	C:\Users\DannyGeminiAnti\.gemini\antigravity\brain\c38a65d5-9892-49ca-a791-fa8c25332d53\.system_generated\steps\1299\
	                   1	C:\Users\DannyGeminiAnti\.gemini\antigravity\brain\c38a65d5-9892-49ca-a791-fa8c25332d53\.system_generated\steps\1301\
	                   1	C:\Users\DannyGeminiAnti\.gemini\antigravity\brain\c38a65d5-9892-49ca-a791-fa8c25332d53\.system_generated\steps\1303\
	                   1	C:\Users\DannyGeminiAnti\.gemini\antigravity\brain\c38a65d5-9892-49ca-a791-fa8c25332d53\.system_generated\steps\1305\
	                   1	C:\Users\DannyGeminiAnti\.gemini\antigravity\brain\c38a65d5-9892-49ca-a791-fa8c25332d53\.system_generated\steps\1307\
	                   1	C:\Users\DannyGeminiAnti\.gemini\antigravity\brain\c38a65d5-9892-49ca-a791-fa8c25332d53\.system_generated\steps\1309\
	                   1	C:\Users\DannyGeminiAnti\.gemini\antigravity\brain\c38a65d5-9892-49ca-a791-fa8c25332d53\.system_generated\steps\131\
	                   1	C:\Users\DannyGeminiAnti\.gemini\antigravity\brain\c38a65d5-9892-49ca-a791-fa8c25332d53\.system_generated\steps\1311\
	                   1	C:\Users\DannyGeminiAnti\.gemini\antigravity\brain\c38a65d5-9892-49ca-a791-fa8c25332d53\.system_generated\steps\1313\
	                   1	C:\Users\DannyGeminiAnti\.gemini\antigravity\brain\c38a65d5-9892-49ca-a791-fa8c25332d53\.system_generated\steps\1315\
	                   1	C:\Users\DannyGeminiAnti\.gemini\antigravity\brain\c38a65d5-9892-49ca-a791-fa8c25332d53\.system_generated\steps\1317\
	                   1	C:\Users\DannyGeminiAnti\.gemini\antigravity\brain\c38a65d5-9892-49ca-a791-fa8c25332d53\.system_generated\steps\1319\
	                   1	C:\Users\DannyGeminiAnti\.gemini\antigravity\brain\c38a65d5-9892-49ca-a791-fa8c25332d53\.system_generated\steps\1321\
	                   1	C:\Users\DannyGeminiAnti\.gemini\antigravity\brain\c38a65d5-9892-49ca-a791-fa8c25332d53\.system_generated\steps\1323\
	                   1	C:\Users\DannyGeminiAnti\.gemini\antigravity\brain\c38a65d5-9892-49ca-a791-fa8c25332d53\.system_generated\steps\1325\
	                   1	C:\Users\DannyGeminiAnti\.gemini\antigravity\brain\c38a65d5-9892-49ca-a791-fa8c25332d53\.system_generated\steps\1327\
	                   1	C:\Users\DannyGeminiAnti\.gemini\antigravity\brain\c38a65d5-9892-49ca-a791-fa8c25332d53\.system_generated\steps\1329\
	                   1	C:\Users\DannyGeminiAnti\.gemini\antigravity\brain\c38a65d5-9892-49ca-a791-fa8c25332d53\.system_generated\steps\1333\
	                   1	C:\Users\DannyGeminiAnti\.gemini\antigravity\brain\c38a65d5-9892-49ca-a791-fa8c25332d53\.system_generated\steps\1335\
	                   1	C:\Users\DannyGeminiAnti\.gemini\antigravity\brain\c38a65d5-9892-49ca-a791-fa8c25332d53\.system_generated\steps\1337\
	                   1	C:\Users\DannyGeminiAnti\.gemini\antigravity\brain\c38a65d5-9892-49ca-a791-fa8c25332d53\.system_generated\steps\1339\
	                   1	C:\Users\DannyGeminiAnti\.gemini\antigravity\brain\c38a65d5-9892-49ca-a791-fa8c25332d53\.system_generated\steps\1341\
	                   1	C:\Users\DannyGeminiAnti\.gemini\antigravity\brain\c38a65d5-9892-49ca-a791-fa8c25332d53\.system_generated\steps\1343\
	                   1	C:\Users\DannyGeminiAnti\.gemini\antigravity\brain\c38a65d5-9892-49ca-a791-fa8c25332d53\.system_generated\steps\1345\
	                   1	C:\Users\DannyGeminiAnti\.gemini\antigravity\brain\c38a65d5-9892-49ca-a791-fa8c25332d53\.system_generated\steps\1347\
	                   1	C:\Users\DannyGeminiAnti\.gemini\antigravity\brain\c38a65d5-9892-49ca-a791-fa8c25332d53\.system_generated\steps\1349\
	                   1	C:\Users\DannyGeminiAnti\.gemini\antigravity\brain\c38a65d5-9892-49ca-a791-fa8c25332d53\.system_generated\steps\1351\
	                   1	C:\Users\DannyGeminiAnti\.gemini\antigravity\brain\c38a65d5-9892-49ca-a791-fa8c25332d53\.system_generated\steps\1353\
	                   1	C:\Users\DannyGeminiAnti\.gemini\antigravity\brain\c38a65d5-9892-49ca-a791-fa8c25332d53\.system_generated\steps\1355\
	                   1	C:\Users\DannyGeminiAnti\.gemini\antigravity\brain\c38a65d5-9892-49ca-a791-fa8c25332d53\.system_generated\steps\1358\
	                   1	C:\Users\DannyGeminiAnti\.gemini\antigravity\brain\c38a65d5-9892-49ca-a791-fa8c25332d53\.system_generated\steps\1360\
	                   1	C:\Users\DannyGeminiAnti\.gemini\antigravity\brain\c38a65d5-9892-49ca-a791-fa8c25332d53\.system_generated\steps\1362\
	                   1	C:\Users\DannyGeminiAnti\.gemini\antigravity\brain\c38a65d5-9892-49ca-a791-fa8c25332d53\.system_generated\steps\1364\
	                   1	C:\Users\DannyGeminiAnti\.gemini\antigravity\brain\c38a65d5-9892-49ca-a791-fa8c25332d53\.system_generated\steps\1366\
	                   1	C:\Users\DannyGeminiAnti\.gemini\antigravity\brain\c38a65d5-9892-49ca-a791-fa8c25332d53\.system_generated\steps\1368\
	                   1	C:\Users\DannyGeminiAnti\.gemini\antigravity\brain\c38a65d5-9892-49ca-a791-fa8c25332d53\.system_generated\steps\1370\
	                   1	C:\Users\DannyGeminiAnti\.gemini\antigravity\brain\c38a65d5-9892-49ca-a791-fa8c25332d53\.system_generated\steps\1372\
	                   1	C:\Users\DannyGeminiAnti\.gemini\antigravity\brain\c38a65d5-9892-49ca-a791-fa8c25332d53\.system_generated\steps\1374\
	                   1	C:\Users\DannyGeminiAnti\.gemini\antigravity\brain\c38a65d5-9892-49ca-a791-fa8c25332d53\.system_generated\steps\1376\
	                   1	C:\Users\DannyGeminiAnti\.gemini\antigravity\brain\c38a65d5-9892-49ca-a791-fa8c25332d53\.system_generated\steps\1378\
	                   1	C:\Users\DannyGeminiAnti\.gemini\antigravity\brain\c38a65d5-9892-49ca-a791-fa8c25332d53\.system_generated\steps\1380\
	                   1	C:\Users\DannyGeminiAnti\.gemini\antigravity\brain\c38a65d5-9892-49ca-a791-fa8c25332d53\.system_generated\steps\1382\
	                   1	C:\Users\DannyGeminiAnti\.gemini\antigravity\brain\c38a65d5-9892-49ca-a791-fa8c25332d53\.system_generated\steps\1384\
	                   1	C:\Users\DannyGeminiAnti\.gemini\antigravity\brain\c38a65d5-9892-49ca-a791-fa8c25332d53\.system_generated\steps\1386\
	                   1	C:\Users\DannyGeminiAnti\.gemini\antigravity\brain\c38a65d5-9892-49ca-a791-fa8c25332d53\.system_generated\steps\1388\
	                   1	C:\Users\DannyGeminiAnti\.gemini\antigravity\brain\c38a65d5-9892-49ca-a791-fa8c25332d53\.system_generated\steps\139\
	                   1	C:\Users\DannyGeminiAnti\.gemini\antigravity\brain\c38a65d5-9892-49ca-a791-fa8c25332d53\.system_generated\steps\1390\
	                   1	C:\Users\DannyGeminiAnti\.gemini\antigravity\brain\c38a65d5-9892-49ca-a791-fa8c25332d53\.system_generated\steps\1398\
	                   1	C:\Users\DannyGeminiAnti\.gemini\antigravity\brain\c38a65d5-9892-49ca-a791-fa8c25332d53\.system_generated\steps\14\
	                   1	C:\Users\DannyGeminiAnti\.gemini\antigravity\brain\c38a65d5-9892-49ca-a791-fa8c25332d53\.system_generated\steps\1405\
	                   1	C:\Users\DannyGeminiAnti\.gemini\antigravity\brain\c38a65d5-9892-49ca-a791-fa8c25332d53\.system_generated\steps\1407\
	                   1	C:\Users\DannyGeminiAnti\.gemini\antigravity\brain\c38a65d5-9892-49ca-a791-fa8c25332d53\.system_generated\steps\1409\
	                   1	C:\Users\DannyGeminiAnti\.gemini\antigravity\brain\c38a65d5-9892-49ca-a791-fa8c25332d53\.system_generated\steps\141\
	                   1	C:\Users\DannyGeminiAnti\.gemini\antigravity\brain\c38a65d5-9892-49ca-a791-fa8c25332d53\.system_generated\steps\1411\
	                   1	C:\Users\DannyGeminiAnti\.gemini\antigravity\brain\c38a65d5-9892-49ca-a791-fa8c25332d53\.system_generated\steps\143\
	                   1	C:\Users\DannyGeminiAnti\.gemini\antigravity\brain\c38a65d5-9892-49ca-a791-fa8c25332d53\.system_generated\steps\146\
	                   1	C:\Users\DannyGeminiAnti\.gemini\antigravity\brain\c38a65d5-9892-49ca-a791-fa8c25332d53\.system_generated\steps\148\
	                   1	C:\Users\DannyGeminiAnti\.gemini\antigravity\brain\c38a65d5-9892-49ca-a791-fa8c25332d53\.system_generated\steps\150\
	                   1	C:\Users\DannyGeminiAnti\.gemini\antigravity\brain\c38a65d5-9892-49ca-a791-fa8c25332d53\.system_generated\steps\152\
	                   1	C:\Users\DannyGeminiAnti\.gemini\antigravity\brain\c38a65d5-9892-49ca-a791-fa8c25332d53\.system_generated\steps\154\
	                   1	C:\Users\DannyGeminiAnti\.gemini\antigravity\brain\c38a65d5-9892-49ca-a791-fa8c25332d53\.system_generated\steps\156\
	                   1	C:\Users\DannyGeminiAnti\.gemini\antigravity\brain\c38a65d5-9892-49ca-a791-fa8c25332d53\.system_generated\steps\158\
	                   1	C:\Users\DannyGeminiAnti\.gemini\antigravity\brain\c38a65d5-9892-49ca-a791-fa8c25332d53\.system_generated\steps\16\
	                   1	C:\Users\DannyGeminiAnti\.gemini\antigravity\brain\c38a65d5-9892-49ca-a791-fa8c25332d53\.system_generated\steps\162\
	                   1	C:\Users\DannyGeminiAnti\.gemini\antigravity\brain\c38a65d5-9892-49ca-a791-fa8c25332d53\.system_generated\steps\166\
	                   1	C:\Users\DannyGeminiAnti\.gemini\antigravity\brain\c38a65d5-9892-49ca-a791-fa8c25332d53\.system_generated\steps\168\
	                   1	C:\Users\DannyGeminiAnti\.gemini\antigravity\brain\c38a65d5-9892-49ca-a791-fa8c25332d53\.system_generated\steps\170\
	                   1	C:\Users\DannyGeminiAnti\.gemini\antigravity\brain\c38a65d5-9892-49ca-a791-fa8c25332d53\.system_generated\steps\172\
	                   1	C:\Users\DannyGeminiAnti\.gemini\antigravity\brain\c38a65d5-9892-49ca-a791-fa8c25332d53\.system_generated\steps\174\
	                   1	C:\Users\DannyGeminiAnti\.gemini\antigravity\brain\c38a65d5-9892-49ca-a791-fa8c25332d53\.system_generated\steps\176\
	                   1	C:\Users\DannyGeminiAnti\.gemini\antigravity\brain\c38a65d5-9892-49ca-a791-fa8c25332d53\.system_generated\steps\18\
	                   1	C:\Users\DannyGeminiAnti\.gemini\antigravity\brain\c38a65d5-9892-49ca-a791-fa8c25332d53\.system_generated\steps\180\
	                   1	C:\Users\DannyGeminiAnti\.gemini\antigravity\brain\c38a65d5-9892-49ca-a791-fa8c25332d53\.system_generated\steps\182\
	                   1	C:\Users\DannyGeminiAnti\.gemini\antigravity\brain\c38a65d5-9892-49ca-a791-fa8c25332d53\.system_generated\steps\184\
	                   1	C:\Users\DannyGeminiAnti\.gemini\antigravity\brain\c38a65d5-9892-49ca-a791-fa8c25332d53\.system_generated\steps\186\
	                   1	C:\Users\DannyGeminiAnti\.gemini\antigravity\brain\c38a65d5-9892-49ca-a791-fa8c25332d53\.system_generated\steps\188\
	                   1	C:\Users\DannyGeminiAnti\.gemini\antigravity\brain\c38a65d5-9892-49ca-a791-fa8c25332d53\.system_generated\steps\192\
	                   1	C:\Users\DannyGeminiAnti\.gemini\antigravity\brain\c38a65d5-9892-49ca-a791-fa8c25332d53\.system_generated\steps\198\
	                   1	C:\Users\DannyGeminiAnti\.gemini\antigravity\brain\c38a65d5-9892-49ca-a791-fa8c25332d53\.system_generated\steps\2\
	                   1	C:\Users\DannyGeminiAnti\.gemini\antigravity\brain\c38a65d5-9892-49ca-a791-fa8c25332d53\.system_generated\steps\20\
	                   1	C:\Users\DannyGeminiAnti\.gemini\antigravity\brain\c38a65d5-9892-49ca-a791-fa8c25332d53\.system_generated\steps\204\
	                   1	C:\Users\DannyGeminiAnti\.gemini\antigravity\brain\c38a65d5-9892-49ca-a791-fa8c25332d53\.system_generated\steps\206\
	                   1	C:\Users\DannyGeminiAnti\.gemini\antigravity\brain\c38a65d5-9892-49ca-a791-fa8c25332d53\.system_generated\steps\208\
	                   1	C:\Users\DannyGeminiAnti\.gemini\antigravity\brain\c38a65d5-9892-49ca-a791-fa8c25332d53\.system_generated\steps\210\
	                   1	C:\Users\DannyGeminiAnti\.gemini\antigravity\brain\c38a65d5-9892-49ca-a791-fa8c25332d53\.system_generated\steps\216\
	                   1	C:\Users\DannyGeminiAnti\.gemini\antigravity\brain\c38a65d5-9892-49ca-a791-fa8c25332d53\.system_generated\steps\218\
	                   1	C:\Users\DannyGeminiAnti\.gemini\antigravity\brain\c38a65d5-9892-49ca-a791-fa8c25332d53\.system_generated\steps\22\
	                   1	C:\Users\DannyGeminiAnti\.gemini\antigravity\brain\c38a65d5-9892-49ca-a791-fa8c25332d53\.system_generated\steps\220\
	                   1	C:\Users\DannyGeminiAnti\.gemini\antigravity\brain\c38a65d5-9892-49ca-a791-fa8c25332d53\.system_generated\steps\222\
	                   1	C:\Users\DannyGeminiAnti\.gemini\antigravity\brain\c38a65d5-9892-49ca-a791-fa8c25332d53\.system_generated\steps\228\
	                   1	C:\Users\DannyGeminiAnti\.gemini\antigravity\brain\c38a65d5-9892-49ca-a791-fa8c25332d53\.system_generated\steps\232\
	                   1	C:\Users\DannyGeminiAnti\.gemini\antigravity\brain\c38a65d5-9892-49ca-a791-fa8c25332d53\.system_generated\steps\234\
	                   1	C:\Users\DannyGeminiAnti\.gemini\antigravity\brain\c38a65d5-9892-49ca-a791-fa8c25332d53\.system_generated\steps\238\
	                   1	C:\Users\DannyGeminiAnti\.gemini\antigravity\brain\c38a65d5-9892-49ca-a791-fa8c25332d53\.system_generated\steps\24\
	                   1	C:\Users\DannyGeminiAnti\.gemini\antigravity\brain\c38a65d5-9892-49ca-a791-fa8c25332d53\.system_generated\steps\244\
	                   1	C:\Users\DannyGeminiAnti\.gemini\antigravity\brain\c38a65d5-9892-49ca-a791-fa8c25332d53\.system_generated\steps\246\
	                   1	C:\Users\DannyGeminiAnti\.gemini\antigravity\brain\c38a65d5-9892-49ca-a791-fa8c25332d53\.system_generated\steps\248\
	                   1	C:\Users\DannyGeminiAnti\.gemini\antigravity\brain\c38a65d5-9892-49ca-a791-fa8c25332d53\.system_generated\steps\250\
	                   1	C:\Users\DannyGeminiAnti\.gemini\antigravity\brain\c38a65d5-9892-49ca-a791-fa8c25332d53\.system_generated\steps\252\
	                   1	C:\Users\DannyGeminiAnti\.gemini\antigravity\brain\c38a65d5-9892-49ca-a791-fa8c25332d53\.system_generated\steps\254\
	                   1	C:\Users\DannyGeminiAnti\.gemini\antigravity\brain\c38a65d5-9892-49ca-a791-fa8c25332d53\.system_generated\steps\256\
	                   1	C:\Users\DannyGeminiAnti\.gemini\antigravity\brain\c38a65d5-9892-49ca-a791-fa8c25332d53\.system_generated\steps\258\
	                   1	C:\Users\DannyGeminiAnti\.gemini\antigravity\brain\c38a65d5-9892-49ca-a791-fa8c25332d53\.system_generated\steps\26\
	                   1	C:\Users\DannyGeminiAnti\.gemini\antigravity\brain\c38a65d5-9892-49ca-a791-fa8c25332d53\.system_generated\steps\260\
	                   1	C:\Users\DannyGeminiAnti\.gemini\antigravity\brain\c38a65d5-9892-49ca-a791-fa8c25332d53\.system_generated\steps\262\
	                   1	C:\Users\DannyGeminiAnti\.gemini\antigravity\brain\c38a65d5-9892-49ca-a791-fa8c25332d53\.system_generated\steps\264\
	                   1	C:\Users\DannyGeminiAnti\.gemini\antigravity\brain\c38a65d5-9892-49ca-a791-fa8c25332d53\.system_generated\steps\266\
	                   1	C:\Users\DannyGeminiAnti\.gemini\antigravity\brain\c38a65d5-9892-49ca-a791-fa8c25332d53\.system_generated\steps\274\
	                   1	C:\Users\DannyGeminiAnti\.gemini\antigravity\brain\c38a65d5-9892-49ca-a791-fa8c25332d53\.system_generated\steps\276\
	                   1	C:\Users\DannyGeminiAnti\.gemini\antigravity\brain\c38a65d5-9892-49ca-a791-fa8c25332d53\.system_generated\steps\278\
	                   1	C:\Users\DannyGeminiAnti\.gemini\antigravity\brain\c38a65d5-9892-49ca-a791-fa8c25332d53\.system_generated\steps\28\
	                   1	C:\Users\DannyGeminiAnti\.gemini\antigravity\brain\c38a65d5-9892-49ca-a791-fa8c25332d53\.system_generated\steps\286\
	                   1	C:\Users\DannyGeminiAnti\.gemini\antigravity\brain\c38a65d5-9892-49ca-a791-fa8c25332d53\.system_generated\steps\290\
	                   1	C:\Users\DannyGeminiAnti\.gemini\antigravity\brain\c38a65d5-9892-49ca-a791-fa8c25332d53\.system_generated\steps\294\
	                   1	C:\Users\DannyGeminiAnti\.gemini\antigravity\brain\c38a65d5-9892-49ca-a791-fa8c25332d53\.system_generated\steps\298\
	                   1	C:\Users\DannyGeminiAnti\.gemini\antigravity\brain\c38a65d5-9892-49ca-a791-fa8c25332d53\.system_generated\steps\30\
	                   1	C:\Users\DannyGeminiAnti\.gemini\antigravity\brain\c38a65d5-9892-49ca-a791-fa8c25332d53\.system_generated\steps\300\
	                   1	C:\Users\DannyGeminiAnti\.gemini\antigravity\brain\c38a65d5-9892-49ca-a791-fa8c25332d53\.system_generated\steps\302\
	                   1	C:\Users\DannyGeminiAnti\.gemini\antigravity\brain\c38a65d5-9892-49ca-a791-fa8c25332d53\.system_generated\steps\304\
	                   1	C:\Users\DannyGeminiAnti\.gemini\antigravity\brain\c38a65d5-9892-49ca-a791-fa8c25332d53\.system_generated\steps\306\
	                   1	C:\Users\DannyGeminiAnti\.gemini\antigravity\brain\c38a65d5-9892-49ca-a791-fa8c25332d53\.system_generated\steps\308\
	                   1	C:\Users\DannyGeminiAnti\.gemini\antigravity\brain\c38a65d5-9892-49ca-a791-fa8c25332d53\.system_generated\steps\310\
	                   1	C:\Users\DannyGeminiAnti\.gemini\antigravity\brain\c38a65d5-9892-49ca-a791-fa8c25332d53\.system_generated\steps\312\
	                   1	C:\Users\DannyGeminiAnti\.gemini\antigravity\brain\c38a65d5-9892-49ca-a791-fa8c25332d53\.system_generated\steps\318\
	                   1	C:\Users\DannyGeminiAnti\.gemini\antigravity\brain\c38a65d5-9892-49ca-a791-fa8c25332d53\.system_generated\steps\320\
	                   1	C:\Users\DannyGeminiAnti\.gemini\antigravity\brain\c38a65d5-9892-49ca-a791-fa8c25332d53\.system_generated\steps\322\
	                   1	C:\Users\DannyGeminiAnti\.gemini\antigravity\brain\c38a65d5-9892-49ca-a791-fa8c25332d53\.system_generated\steps\334\
	                   1	C:\Users\DannyGeminiAnti\.gemini\antigravity\brain\c38a65d5-9892-49ca-a791-fa8c25332d53\.system_generated\steps\336\
	                   1	C:\Users\DannyGeminiAnti\.gemini\antigravity\brain\c38a65d5-9892-49ca-a791-fa8c25332d53\.system_generated\steps\34\
	                   1	C:\Users\DannyGeminiAnti\.gemini\antigravity\brain\c38a65d5-9892-49ca-a791-fa8c25332d53\.system_generated\steps\356\
	                   1	C:\Users\DannyGeminiAnti\.gemini\antigravity\brain\c38a65d5-9892-49ca-a791-fa8c25332d53\.system_generated\steps\358\
	                   1	C:\Users\DannyGeminiAnti\.gemini\antigravity\brain\c38a65d5-9892-49ca-a791-fa8c25332d53\.system_generated\steps\360\
	                   1	C:\Users\DannyGeminiAnti\.gemini\antigravity\brain\c38a65d5-9892-49ca-a791-fa8c25332d53\.system_generated\steps\362\
	                   1	C:\Users\DannyGeminiAnti\.gemini\antigravity\brain\c38a65d5-9892-49ca-a791-fa8c25332d53\.system_generated\steps\374\
	                   1	C:\Users\DannyGeminiAnti\.gemini\antigravity\brain\c38a65d5-9892-49ca-a791-fa8c25332d53\.system_generated\steps\376\
	                   1	C:\Users\DannyGeminiAnti\.gemini\antigravity\brain\c38a65d5-9892-49ca-a791-fa8c25332d53\.system_generated\steps\38\
	                   1	C:\Users\DannyGeminiAnti\.gemini\antigravity\brain\c38a65d5-9892-49ca-a791-fa8c25332d53\.system_generated\steps\384\
	                   1	C:\Users\DannyGeminiAnti\.gemini\antigravity\brain\c38a65d5-9892-49ca-a791-fa8c25332d53\.system_generated\steps\407\
	                   1	C:\Users\DannyGeminiAnti\.gemini\antigravity\brain\c38a65d5-9892-49ca-a791-fa8c25332d53\.system_generated\steps\409\
	                   1	C:\Users\DannyGeminiAnti\.gemini\antigravity\brain\c38a65d5-9892-49ca-a791-fa8c25332d53\.system_generated\steps\411\
	                   1	C:\Users\DannyGeminiAnti\.gemini\antigravity\brain\c38a65d5-9892-49ca-a791-fa8c25332d53\.system_generated\steps\42\
	                   1	C:\Users\DannyGeminiAnti\.gemini\antigravity\brain\c38a65d5-9892-49ca-a791-fa8c25332d53\.system_generated\steps\455\
	                   1	C:\Users\DannyGeminiAnti\.gemini\antigravity\brain\c38a65d5-9892-49ca-a791-fa8c25332d53\.system_generated\steps\457\
	                   1	C:\Users\DannyGeminiAnti\.gemini\antigravity\brain\c38a65d5-9892-49ca-a791-fa8c25332d53\.system_generated\steps\459\
	                   1	C:\Users\DannyGeminiAnti\.gemini\antigravity\brain\c38a65d5-9892-49ca-a791-fa8c25332d53\.system_generated\steps\46\
	                   1	C:\Users\DannyGeminiAnti\.gemini\antigravity\brain\c38a65d5-9892-49ca-a791-fa8c25332d53\.system_generated\steps\461\
	                   1	C:\Users\DannyGeminiAnti\.gemini\antigravity\brain\c38a65d5-9892-49ca-a791-fa8c25332d53\.system_generated\steps\463\
	                   1	C:\Users\DannyGeminiAnti\.gemini\antigravity\brain\c38a65d5-9892-49ca-a791-fa8c25332d53\.system_generated\steps\473\
	                   1	C:\Users\DannyGeminiAnti\.gemini\antigravity\brain\c38a65d5-9892-49ca-a791-fa8c25332d53\.system_generated\steps\475\
	                   1	C:\Users\DannyGeminiAnti\.gemini\antigravity\brain\c38a65d5-9892-49ca-a791-fa8c25332d53\.system_generated\steps\477\
	                   1	C:\Users\DannyGeminiAnti\.gemini\antigravity\brain\c38a65d5-9892-49ca-a791-fa8c25332d53\.system_generated\steps\479\
	                   1	C:\Users\DannyGeminiAnti\.gemini\antigravity\brain\c38a65d5-9892-49ca-a791-fa8c25332d53\.system_generated\steps\48\
	                   1	C:\Users\DannyGeminiAnti\.gemini\antigravity\brain\c38a65d5-9892-49ca-a791-fa8c25332d53\.system_generated\steps\481\
	                   1	C:\Users\DannyGeminiAnti\.gemini\antigravity\brain\c38a65d5-9892-49ca-a791-fa8c25332d53\.system_generated\steps\483\
	                   1	C:\Users\DannyGeminiAnti\.gemini\antigravity\brain\c38a65d5-9892-49ca-a791-fa8c25332d53\.system_generated\steps\485\
	                   1	C:\Users\DannyGeminiAnti\.gemini\antigravity\brain\c38a65d5-9892-49ca-a791-fa8c25332d53\.system_generated\steps\487\
	                   1	C:\Users\DannyGeminiAnti\.gemini\antigravity\brain\c38a65d5-9892-49ca-a791-fa8c25332d53\.system_generated\steps\491\
	                   1	C:\Users\DannyGeminiAnti\.gemini\antigravity\brain\c38a65d5-9892-49ca-a791-fa8c25332d53\.system_generated\steps\495\
	                   1	C:\Users\DannyGeminiAnti\.gemini\antigravity\brain\c38a65d5-9892-49ca-a791-fa8c25332d53\.system_generated\steps\501\
	                   1	C:\Users\DannyGeminiAnti\.gemini\antigravity\brain\c38a65d5-9892-49ca-a791-fa8c25332d53\.system_generated\steps\505\
	                   1	C:\Users\DannyGeminiAnti\.gemini\antigravity\brain\c38a65d5-9892-49ca-a791-fa8c25332d53\.system_generated\steps\507\
	                   1	C:\Users\DannyGeminiAnti\.gemini\antigravity\brain\c38a65d5-9892-49ca-a791-fa8c25332d53\.system_generated\steps\509\
	                   1	C:\Users\DannyGeminiAnti\.gemini\antigravity\brain\c38a65d5-9892-49ca-a791-fa8c25332d53\.system_generated\steps\511\
	                   1	C:\Users\DannyGeminiAnti\.gemini\antigravity\brain\c38a65d5-9892-49ca-a791-fa8c25332d53\.system_generated\steps\513\
	                   1	C:\Users\DannyGeminiAnti\.gemini\antigravity\brain\c38a65d5-9892-49ca-a791-fa8c25332d53\.system_generated\steps\515\
	                   1	C:\Users\DannyGeminiAnti\.gemini\antigravity\brain\c38a65d5-9892-49ca-a791-fa8c25332d53\.system_generated\steps\523\
	                   1	C:\Users\DannyGeminiAnti\.gemini\antigravity\brain\c38a65d5-9892-49ca-a791-fa8c25332d53\.system_generated\steps\525\
	                   1	C:\Users\DannyGeminiAnti\.gemini\antigravity\brain\c38a65d5-9892-49ca-a791-fa8c25332d53\.system_generated\steps\527\
	                   1	C:\Users\DannyGeminiAnti\.gemini\antigravity\brain\c38a65d5-9892-49ca-a791-fa8c25332d53\.system_generated\steps\529\
	                   1	C:\Users\DannyGeminiAnti\.gemini\antigravity\brain\c38a65d5-9892-49ca-a791-fa8c25332d53\.system_generated\steps\533\
	                   1	C:\Users\DannyGeminiAnti\.gemini\antigravity\brain\c38a65d5-9892-49ca-a791-fa8c25332d53\.system_generated\steps\537\
	                   1	C:\Users\DannyGeminiAnti\.gemini\antigravity\brain\c38a65d5-9892-49ca-a791-fa8c25332d53\.system_generated\steps\539\
	                   1	C:\Users\DannyGeminiAnti\.gemini\antigravity\brain\c38a65d5-9892-49ca-a791-fa8c25332d53\.system_generated\steps\541\
	                   1	C:\Users\DannyGeminiAnti\.gemini\antigravity\brain\c38a65d5-9892-49ca-a791-fa8c25332d53\.system_generated\steps\543\
	                   1	C:\Users\DannyGeminiAnti\.gemini\antigravity\brain\c38a65d5-9892-49ca-a791-fa8c25332d53\.system_generated\steps\545\
	                   1	C:\Users\DannyGeminiAnti\.gemini\antigravity\brain\c38a65d5-9892-49ca-a791-fa8c25332d53\.system_generated\steps\547\
	                   1	C:\Users\DannyGeminiAnti\.gemini\antigravity\brain\c38a65d5-9892-49ca-a791-fa8c25332d53\.system_generated\steps\549\
	                   1	C:\Users\DannyGeminiAnti\.gemini\antigravity\brain\c38a65d5-9892-49ca-a791-fa8c25332d53\.system_generated\steps\55\
	                   1	C:\Users\DannyGeminiAnti\.gemini\antigravity\brain\c38a65d5-9892-49ca-a791-fa8c25332d53\.system_generated\steps\551\
	                   1	C:\Users\DannyGeminiAnti\.gemini\antigravity\brain\c38a65d5-9892-49ca-a791-fa8c25332d53\.system_generated\steps\553\
	                   1	C:\Users\DannyGeminiAnti\.gemini\antigravity\brain\c38a65d5-9892-49ca-a791-fa8c25332d53\.system_generated\steps\555\
	                   1	C:\Users\DannyGeminiAnti\.gemini\antigravity\brain\c38a65d5-9892-49ca-a791-fa8c25332d53\.system_generated\steps\557\
	                   1	C:\Users\DannyGeminiAnti\.gemini\antigravity\brain\c38a65d5-9892-49ca-a791-fa8c25332d53\.system_generated\steps\559\
	                   1	C:\Users\DannyGeminiAnti\.gemini\antigravity\brain\c38a65d5-9892-49ca-a791-fa8c25332d53\.system_generated\steps\561\
	                   1	C:\Users\DannyGeminiAnti\.gemini\antigravity\brain\c38a65d5-9892-49ca-a791-fa8c25332d53\.system_generated\steps\565\
	                   1	C:\Users\DannyGeminiAnti\.gemini\antigravity\brain\c38a65d5-9892-49ca-a791-fa8c25332d53\.system_generated\steps\571\
	                   1	C:\Users\DannyGeminiAnti\.gemini\antigravity\brain\c38a65d5-9892-49ca-a791-fa8c25332d53\.system_generated\steps\573\
	                   1	C:\Users\DannyGeminiAnti\.gemini\antigravity\brain\c38a65d5-9892-49ca-a791-fa8c25332d53\.system_generated\steps\579\
	                   1	C:\Users\DannyGeminiAnti\.gemini\antigravity\brain\c38a65d5-9892-49ca-a791-fa8c25332d53\.system_generated\steps\581\
	                   1	C:\Users\DannyGeminiAnti\.gemini\antigravity\brain\c38a65d5-9892-49ca-a791-fa8c25332d53\.system_generated\steps\587\
	                   1	C:\Users\DannyGeminiAnti\.gemini\antigravity\brain\c38a65d5-9892-49ca-a791-fa8c25332d53\.system_generated\steps\589\
	                   1	C:\Users\DannyGeminiAnti\.gemini\antigravity\brain\c38a65d5-9892-49ca-a791-fa8c25332d53\.system_generated\steps\591\
	                   1	C:\Users\DannyGeminiAnti\.gemini\antigravity\brain\c38a65d5-9892-49ca-a791-fa8c25332d53\.system_generated\steps\593\
	                   1	C:\Users\DannyGeminiAnti\.gemini\antigravity\brain\c38a65d5-9892-49ca-a791-fa8c25332d53\.system_generated\steps\595\
	                   1	C:\Users\DannyGeminiAnti\.gemini\antigravity\brain\c38a65d5-9892-49ca-a791-fa8c25332d53\.system_generated\steps\597\
	                   1	C:\Users\DannyGeminiAnti\.gemini\antigravity\brain\c38a65d5-9892-49ca-a791-fa8c25332d53\.system_generated\steps\599\
	                   1	C:\Users\DannyGeminiAnti\.gemini\antigravity\brain\c38a65d5-9892-49ca-a791-fa8c25332d53\.system_generated\steps\6\
	                   1	C:\Users\DannyGeminiAnti\.gemini\antigravity\brain\c38a65d5-9892-49ca-a791-fa8c25332d53\.system_generated\steps\601\
	                   1	C:\Users\DannyGeminiAnti\.gemini\antigravity\brain\c38a65d5-9892-49ca-a791-fa8c25332d53\.system_generated\steps\604\
	                   1	C:\Users\DannyGeminiAnti\.gemini\antigravity\brain\c38a65d5-9892-49ca-a791-fa8c25332d53\.system_generated\steps\606\
	                   1	C:\Users\DannyGeminiAnti\.gemini\antigravity\brain\c38a65d5-9892-49ca-a791-fa8c25332d53\.system_generated\steps\608\
	                   1	C:\Users\DannyGeminiAnti\.gemini\antigravity\brain\c38a65d5-9892-49ca-a791-fa8c25332d53\.system_generated\steps\610\
	                   1	C:\Users\DannyGeminiAnti\.gemini\antigravity\brain\c38a65d5-9892-49ca-a791-fa8c25332d53\.system_generated\steps\612\
	                   1	C:\Users\DannyGeminiAnti\.gemini\antigravity\brain\c38a65d5-9892-49ca-a791-fa8c25332d53\.system_generated\steps\614\
	                   1	C:\Users\DannyGeminiAnti\.gemini\antigravity\brain\c38a65d5-9892-49ca-a791-fa8c25332d53\.system_generated\steps\616\
	                   1	C:\Users\DannyGeminiAnti\.gemini\antigravity\brain\c38a65d5-9892-49ca-a791-fa8c25332d53\.system_generated\steps\620\
	                   1	C:\Users\DannyGeminiAnti\.gemini\antigravity\brain\c38a65d5-9892-49ca-a791-fa8c25332d53\.system_generated\steps\622\
	                   1	C:\Users\DannyGeminiAnti\.gemini\antigravity\brain\c38a65d5-9892-49ca-a791-fa8c25332d53\.system_generated\steps\624\
	                   1	C:\Users\DannyGeminiAnti\.gemini\antigravity\brain\c38a65d5-9892-49ca-a791-fa8c25332d53\.system_generated\steps\626\
	                   1	C:\Users\DannyGeminiAnti\.gemini\antigravity\brain\c38a65d5-9892-49ca-a791-fa8c25332d53\.system_generated\steps\628\
	                   1	C:\Users\DannyGeminiAnti\.gemini\antigravity\brain\c38a65d5-9892-49ca-a791-fa8c25332d53\.system_generated\steps\63\
	                   1	C:\Users\DannyGeminiAnti\.gemini\antigravity\brain\c38a65d5-9892-49ca-a791-fa8c25332d53\.system_generated\steps\630\
	                   1	C:\Users\DannyGeminiAnti\.gemini\antigravity\brain\c38a65d5-9892-49ca-a791-fa8c25332d53\.system_generated\steps\632\
	                   1	C:\Users\DannyGeminiAnti\.gemini\antigravity\brain\c38a65d5-9892-49ca-a791-fa8c25332d53\.system_generated\steps\637\
	                   1	C:\Users\DannyGeminiAnti\.gemini\antigravity\brain\c38a65d5-9892-49ca-a791-fa8c25332d53\.system_generated\steps\639\
	                   1	C:\Users\DannyGeminiAnti\.gemini\antigravity\brain\c38a65d5-9892-49ca-a791-fa8c25332d53\.system_generated\steps\641\
	                   1	C:\Users\DannyGeminiAnti\.gemini\antigravity\brain\c38a65d5-9892-49ca-a791-fa8c25332d53\.system_generated\steps\643\
	                   1	C:\Users\DannyGeminiAnti\.gemini\antigravity\brain\c38a65d5-9892-49ca-a791-fa8c25332d53\.system_generated\steps\645\
	                   1	C:\Users\DannyGeminiAnti\.gemini\antigravity\brain\c38a65d5-9892-49ca-a791-fa8c25332d53\.system_generated\steps\647\
	                   1	C:\Users\DannyGeminiAnti\.gemini\antigravity\brain\c38a65d5-9892-49ca-a791-fa8c25332d53\.system_generated\steps\649\
	                   1	C:\Users\DannyGeminiAnti\.gemini\antigravity\brain\c38a65d5-9892-49ca-a791-fa8c25332d53\.system_generated\steps\65\
	                   1	C:\Users\DannyGeminiAnti\.gemini\antigravity\brain\c38a65d5-9892-49ca-a791-fa8c25332d53\.system_generated\steps\651\
	                   1	C:\Users\DannyGeminiAnti\.gemini\antigravity\brain\c38a65d5-9892-49ca-a791-fa8c25332d53\.system_generated\steps\653\
	                   1	C:\Users\DannyGeminiAnti\.gemini\antigravity\brain\c38a65d5-9892-49ca-a791-fa8c25332d53\.system_generated\steps\67\
	                   1	C:\Users\DannyGeminiAnti\.gemini\antigravity\brain\c38a65d5-9892-49ca-a791-fa8c25332d53\.system_generated\steps\671\
	                   1	C:\Users\DannyGeminiAnti\.gemini\antigravity\brain\c38a65d5-9892-49ca-a791-fa8c25332d53\.system_generated\steps\673\
	                   1	C:\Users\DannyGeminiAnti\.gemini\antigravity\brain\c38a65d5-9892-49ca-a791-fa8c25332d53\.system_generated\steps\675\
	                   1	C:\Users\DannyGeminiAnti\.gemini\antigravity\brain\c38a65d5-9892-49ca-a791-fa8c25332d53\.system_generated\steps\677\
	                   1	C:\Users\DannyGeminiAnti\.gemini\antigravity\brain\c38a65d5-9892-49ca-a791-fa8c25332d53\.system_generated\steps\679\
	                   1	C:\Users\DannyGeminiAnti\.gemini\antigravity\brain\c38a65d5-9892-49ca-a791-fa8c25332d53\.system_generated\steps\681\
	                   1	C:\Users\DannyGeminiAnti\.gemini\antigravity\brain\c38a65d5-9892-49ca-a791-fa8c25332d53\.system_generated\steps\683\
	                   1	C:\Users\DannyGeminiAnti\.gemini\antigravity\brain\c38a65d5-9892-49ca-a791-fa8c25332d53\.system_generated\steps\685\
	                   1	C:\Users\DannyGeminiAnti\.gemini\antigravity\brain\c38a65d5-9892-49ca-a791-fa8c25332d53\.system_generated\steps\687\
	                   1	C:\Users\DannyGeminiAnti\.gemini\antigravity\brain\c38a65d5-9892-49ca-a791-fa8c25332d53\.system_generated\steps\689\
	                   1	C:\Users\DannyGeminiAnti\.gemini\antigravity\brain\c38a65d5-9892-49ca-a791-fa8c25332d53\.system_generated\steps\691\
	                   1	C:\Users\DannyGeminiAnti\.gemini\antigravity\brain\c38a65d5-9892-49ca-a791-fa8c25332d53\.system_generated\steps\693\
	                   1	C:\Users\DannyGeminiAnti\.gemini\antigravity\brain\c38a65d5-9892-49ca-a791-fa8c25332d53\.system_generated\steps\695\
	                   1	C:\Users\DannyGeminiAnti\.gemini\antigravity\brain\c38a65d5-9892-49ca-a791-fa8c25332d53\.system_generated\steps\697\
	                   1	C:\Users\DannyGeminiAnti\.gemini\antigravity\brain\c38a65d5-9892-49ca-a791-fa8c25332d53\.system_generated\steps\699\
	                   1	C:\Users\DannyGeminiAnti\.gemini\antigravity\brain\c38a65d5-9892-49ca-a791-fa8c25332d53\.system_generated\steps\701\
	                   1	C:\Users\DannyGeminiAnti\.gemini\antigravity\brain\c38a65d5-9892-49ca-a791-fa8c25332d53\.system_generated\steps\703\
	                   1	C:\Users\DannyGeminiAnti\.gemini\antigravity\brain\c38a65d5-9892-49ca-a791-fa8c25332d53\.system_generated\steps\705\
	                   1	C:\Users\DannyGeminiAnti\.gemini\antigravity\brain\c38a65d5-9892-49ca-a791-fa8c25332d53\.system_generated\steps\707\
	                   1	C:\Users\DannyGeminiAnti\.gemini\antigravity\brain\c38a65d5-9892-49ca-a791-fa8c25332d53\.system_generated\steps\709\
	                   1	C:\Users\DannyGeminiAnti\.gemini\antigravity\brain\c38a65d5-9892-49ca-a791-fa8c25332d53\.system_generated\steps\71\
	                   1	C:\Users\DannyGeminiAnti\.gemini\antigravity\brain\c38a65d5-9892-49ca-a791-fa8c25332d53\.system_generated\steps\711\
	                   1	C:\Users\DannyGeminiAnti\.gemini\antigravity\brain\c38a65d5-9892-49ca-a791-fa8c25332d53\.system_generated\steps\713\
	                   1	C:\Users\DannyGeminiAnti\.gemini\antigravity\brain\c38a65d5-9892-49ca-a791-fa8c25332d53\.system_generated\steps\719\
	                   1	C:\Users\DannyGeminiAnti\.gemini\antigravity\brain\c38a65d5-9892-49ca-a791-fa8c25332d53\.system_generated\steps\721\
	                   1	C:\Users\DannyGeminiAnti\.gemini\antigravity\brain\c38a65d5-9892-49ca-a791-fa8c25332d53\.system_generated\steps\723\
	                   1	C:\Users\DannyGeminiAnti\.gemini\antigravity\brain\c38a65d5-9892-49ca-a791-fa8c25332d53\.system_generated\steps\725\
	                   1	C:\Users\DannyGeminiAnti\.gemini\antigravity\brain\c38a65d5-9892-49ca-a791-fa8c25332d53\.system_generated\steps\727\
	                   1	C:\Users\DannyGeminiAnti\.gemini\antigravity\brain\c38a65d5-9892-49ca-a791-fa8c25332d53\.system_generated\steps\729\
	                   1	C:\Users\DannyGeminiAnti\.gemini\antigravity\brain\c38a65d5-9892-49ca-a791-fa8c25332d53\.system_generated\steps\731\
	                   1	C:\Users\DannyGeminiAnti\.gemini\antigravity\brain\c38a65d5-9892-49ca-a791-fa8c25332d53\.system_generated\steps\737\
	                   1	C:\Users\DannyGeminiAnti\.gemini\antigravity\brain\c38a65d5-9892-49ca-a791-fa8c25332d53\.system_generated\steps\739\
	                   1	C:\Users\DannyGeminiAnti\.gemini\antigravity\brain\c38a65d5-9892-49ca-a791-fa8c25332d53\.system_generated\steps\743\
	                   1	C:\Users\DannyGeminiAnti\.gemini\antigravity\brain\c38a65d5-9892-49ca-a791-fa8c25332d53\.system_generated\steps\745\
	                   1	C:\Users\DannyGeminiAnti\.gemini\antigravity\brain\c38a65d5-9892-49ca-a791-fa8c25332d53\.system_generated\steps\747\
	                   1	C:\Users\DannyGeminiAnti\.gemini\antigravity\brain\c38a65d5-9892-49ca-a791-fa8c25332d53\.system_generated\steps\749\
	                   1	C:\Users\DannyGeminiAnti\.gemini\antigravity\brain\c38a65d5-9892-49ca-a791-fa8c25332d53\.system_generated\steps\75\
	                   1	C:\Users\DannyGeminiAnti\.gemini\antigravity\brain\c38a65d5-9892-49ca-a791-fa8c25332d53\.system_generated\steps\751\
	                   1	C:\Users\DannyGeminiAnti\.gemini\antigravity\brain\c38a65d5-9892-49ca-a791-fa8c25332d53\.system_generated\steps\753\
	                   1	C:\Users\DannyGeminiAnti\.gemini\antigravity\brain\c38a65d5-9892-49ca-a791-fa8c25332d53\.system_generated\steps\755\
	                   1	C:\Users\DannyGeminiAnti\.gemini\antigravity\brain\c38a65d5-9892-49ca-a791-fa8c25332d53\.system_generated\steps\757\
	                   1	C:\Users\DannyGeminiAnti\.gemini\antigravity\brain\c38a65d5-9892-49ca-a791-fa8c25332d53\.system_generated\steps\759\
	                   1	C:\Users\DannyGeminiAnti\.gemini\antigravity\brain\c38a65d5-9892-49ca-a791-fa8c25332d53\.system_generated\steps\761\
	                   1	C:\Users\DannyGeminiAnti\.gemini\antigravity\brain\c38a65d5-9892-49ca-a791-fa8c25332d53\.system_generated\steps\763\
	                   1	C:\Users\DannyGeminiAnti\.gemini\antigravity\brain\c38a65d5-9892-49ca-a791-fa8c25332d53\.system_generated\steps\765\
	                   1	C:\Users\DannyGeminiAnti\.gemini\antigravity\brain\c38a65d5-9892-49ca-a791-fa8c25332d53\.system_generated\steps\767\
	                   1	C:\Users\DannyGeminiAnti\.gemini\antigravity\brain\c38a65d5-9892-49ca-a791-fa8c25332d53\.system_generated\steps\769\
	                   1	C:\Users\DannyGeminiAnti\.gemini\antigravity\brain\c38a65d5-9892-49ca-a791-fa8c25332d53\.system_generated\steps\77\
	                   1	C:\Users\DannyGeminiAnti\.gemini\antigravity\brain\c38a65d5-9892-49ca-a791-fa8c25332d53\.system_generated\steps\771\
	                   1	C:\Users\DannyGeminiAnti\.gemini\antigravity\brain\c38a65d5-9892-49ca-a791-fa8c25332d53\.system_generated\steps\773\
	                   1	C:\Users\DannyGeminiAnti\.gemini\antigravity\brain\c38a65d5-9892-49ca-a791-fa8c25332d53\.system_generated\steps\779\
	                   1	C:\Users\DannyGeminiAnti\.gemini\antigravity\brain\c38a65d5-9892-49ca-a791-fa8c25332d53\.system_generated\steps\781\
	                   1	C:\Users\DannyGeminiAnti\.gemini\antigravity\brain\c38a65d5-9892-49ca-a791-fa8c25332d53\.system_generated\steps\791\
	                   1	C:\Users\DannyGeminiAnti\.gemini\antigravity\brain\c38a65d5-9892-49ca-a791-fa8c25332d53\.system_generated\steps\793\
	                   1	C:\Users\DannyGeminiAnti\.gemini\antigravity\brain\c38a65d5-9892-49ca-a791-fa8c25332d53\.system_generated\steps\795\
	                   1	C:\Users\DannyGeminiAnti\.gemini\antigravity\brain\c38a65d5-9892-49ca-a791-fa8c25332d53\.system_generated\steps\811\
	                   1	C:\Users\DannyGeminiAnti\.gemini\antigravity\brain\c38a65d5-9892-49ca-a791-fa8c25332d53\.system_generated\steps\813\
	                   1	C:\Users\DannyGeminiAnti\.gemini\antigravity\brain\c38a65d5-9892-49ca-a791-fa8c25332d53\.system_generated\steps\823\
	                   1	C:\Users\DannyGeminiAnti\.gemini\antigravity\brain\c38a65d5-9892-49ca-a791-fa8c25332d53\.system_generated\steps\827\
	                   1	C:\Users\DannyGeminiAnti\.gemini\antigravity\brain\c38a65d5-9892-49ca-a791-fa8c25332d53\.system_generated\steps\839\
	                   1	C:\Users\DannyGeminiAnti\.gemini\antigravity\brain\c38a65d5-9892-49ca-a791-fa8c25332d53\.system_generated\steps\845\
	                   1	C:\Users\DannyGeminiAnti\.gemini\antigravity\brain\c38a65d5-9892-49ca-a791-fa8c25332d53\.system_generated\steps\85\
	                   1	C:\Users\DannyGeminiAnti\.gemini\antigravity\brain\c38a65d5-9892-49ca-a791-fa8c25332d53\.system_generated\steps\855\
	                   1	C:\Users\DannyGeminiAnti\.gemini\antigravity\brain\c38a65d5-9892-49ca-a791-fa8c25332d53\.system_generated\steps\859\
	                   1	C:\Users\DannyGeminiAnti\.gemini\antigravity\brain\c38a65d5-9892-49ca-a791-fa8c25332d53\.system_generated\steps\863\
	                   1	C:\Users\DannyGeminiAnti\.gemini\antigravity\brain\c38a65d5-9892-49ca-a791-fa8c25332d53\.system_generated\steps\867\
	                   1	C:\Users\DannyGeminiAnti\.gemini\antigravity\brain\c38a65d5-9892-49ca-a791-fa8c25332d53\.system_generated\steps\87\
	                   1	C:\Users\DannyGeminiAnti\.gemini\antigravity\brain\c38a65d5-9892-49ca-a791-fa8c25332d53\.system_generated\steps\871\
	                   1	C:\Users\DannyGeminiAnti\.gemini\antigravity\brain\c38a65d5-9892-49ca-a791-fa8c25332d53\.system_generated\steps\875\
	                   1	C:\Users\DannyGeminiAnti\.gemini\antigravity\brain\c38a65d5-9892-49ca-a791-fa8c25332d53\.system_generated\steps\879\
	                   1	C:\Users\DannyGeminiAnti\.gemini\antigravity\brain\c38a65d5-9892-49ca-a791-fa8c25332d53\.system_generated\steps\885\
	                   1	C:\Users\DannyGeminiAnti\.gemini\antigravity\brain\c38a65d5-9892-49ca-a791-fa8c25332d53\.system_generated\steps\887\
	                   1	C:\Users\DannyGeminiAnti\.gemini\antigravity\brain\c38a65d5-9892-49ca-a791-fa8c25332d53\.system_generated\steps\889\
	                   1	C:\Users\DannyGeminiAnti\.gemini\antigravity\brain\c38a65d5-9892-49ca-a791-fa8c25332d53\.system_generated\steps\89\
	                   1	C:\Users\DannyGeminiAnti\.gemini\antigravity\brain\c38a65d5-9892-49ca-a791-fa8c25332d53\.system_generated\steps\891\
	                   1	C:\Users\DannyGeminiAnti\.gemini\antigravity\brain\c38a65d5-9892-49ca-a791-fa8c25332d53\.system_generated\steps\893\
	                   1	C:\Users\DannyGeminiAnti\.gemini\antigravity\brain\c38a65d5-9892-49ca-a791-fa8c25332d53\.system_generated\steps\895\
	                   1	C:\Users\DannyGeminiAnti\.gemini\antigravity\brain\c38a65d5-9892-49ca-a791-fa8c25332d53\.system_generated\steps\897\
	                   1	C:\Users\DannyGeminiAnti\.gemini\antigravity\brain\c38a65d5-9892-49ca-a791-fa8c25332d53\.system_generated\steps\899\
	                   1	C:\Users\DannyGeminiAnti\.gemini\antigravity\brain\c38a65d5-9892-49ca-a791-fa8c25332d53\.system_generated\steps\901\
	                   1	C:\Users\DannyGeminiAnti\.gemini\antigravity\brain\c38a65d5-9892-49ca-a791-fa8c25332d53\.system_generated\steps\903\
	                   1	C:\Users\DannyGeminiAnti\.gemini\antigravity\brain\c38a65d5-9892-49ca-a791-fa8c25332d53\.system_generated\steps\905\
	                   1	C:\Users\DannyGeminiAnti\.gemini\antigravity\brain\c38a65d5-9892-49ca-a791-fa8c25332d53\.system_generated\steps\909\
	                   1	C:\Users\DannyGeminiAnti\.gemini\antigravity\brain\c38a65d5-9892-49ca-a791-fa8c25332d53\.system_generated\steps\91\
	                   1	C:\Users\DannyGeminiAnti\.gemini\antigravity\brain\c38a65d5-9892-49ca-a791-fa8c25332d53\.system_generated\steps\911\
	                   1	C:\Users\DannyGeminiAnti\.gemini\antigravity\brain\c38a65d5-9892-49ca-a791-fa8c25332d53\.system_generated\steps\913\
	                   1	C:\Users\DannyGeminiAnti\.gemini\antigravity\brain\c38a65d5-9892-49ca-a791-fa8c25332d53\.system_generated\steps\917\
	                   1	C:\Users\DannyGeminiAnti\.gemini\antigravity\brain\c38a65d5-9892-49ca-a791-fa8c25332d53\.system_generated\steps\919\
	                   1	C:\Users\DannyGeminiAnti\.gemini\antigravity\brain\c38a65d5-9892-49ca-a791-fa8c25332d53\.system_generated\steps\925\
	                   1	C:\Users\DannyGeminiAnti\.gemini\antigravity\brain\c38a65d5-9892-49ca-a791-fa8c25332d53\.system_generated\steps\929\
	                   1	C:\Users\DannyGeminiAnti\.gemini\antigravity\brain\c38a65d5-9892-49ca-a791-fa8c25332d53\.system_generated\steps\93\
	                   1	C:\Users\DannyGeminiAnti\.gemini\antigravity\brain\c38a65d5-9892-49ca-a791-fa8c25332d53\.system_generated\steps\936\
	                   1	C:\Users\DannyGeminiAnti\.gemini\antigravity\brain\c38a65d5-9892-49ca-a791-fa8c25332d53\.system_generated\steps\940\
	                   1	C:\Users\DannyGeminiAnti\.gemini\antigravity\brain\c38a65d5-9892-49ca-a791-fa8c25332d53\.system_generated\steps\944\
	                   1	C:\Users\DannyGeminiAnti\.gemini\antigravity\brain\c38a65d5-9892-49ca-a791-fa8c25332d53\.system_generated\steps\95\
	                   1	C:\Users\DannyGeminiAnti\.gemini\antigravity\brain\c38a65d5-9892-49ca-a791-fa8c25332d53\.system_generated\steps\952\
	                   1	C:\Users\DannyGeminiAnti\.gemini\antigravity\brain\c38a65d5-9892-49ca-a791-fa8c25332d53\.system_generated\steps\956\
	                   1	C:\Users\DannyGeminiAnti\.gemini\antigravity\brain\c38a65d5-9892-49ca-a791-fa8c25332d53\.system_generated\steps\960\
	                   1	C:\Users\DannyGeminiAnti\.gemini\antigravity\brain\c38a65d5-9892-49ca-a791-fa8c25332d53\.system_generated\steps\964\
	                   1	C:\Users\DannyGeminiAnti\.gemini\antigravity\brain\c38a65d5-9892-49ca-a791-fa8c25332d53\.system_generated\steps\97\
	                   1	C:\Users\DannyGeminiAnti\.gemini\antigravity\brain\c38a65d5-9892-49ca-a791-fa8c25332d53\.system_generated\steps\970\
	                   1	C:\Users\DannyGeminiAnti\.gemini\antigravity\brain\c38a65d5-9892-49ca-a791-fa8c25332d53\.system_generated\steps\972\
	                   1	C:\Users\DannyGeminiAnti\.gemini\antigravity\brain\c38a65d5-9892-49ca-a791-fa8c25332d53\.system_generated\steps\974\
	                   1	C:\Users\DannyGeminiAnti\.gemini\antigravity\brain\c38a65d5-9892-49ca-a791-fa8c25332d53\.system_generated\steps\976\
	                   1	C:\Users\DannyGeminiAnti\.gemini\antigravity\brain\c38a65d5-9892-49ca-a791-fa8c25332d53\.system_generated\steps\978\
	                   1	C:\Users\DannyGeminiAnti\.gemini\antigravity\brain\c38a65d5-9892-49ca-a791-fa8c25332d53\.system_generated\steps\980\
	                   1	C:\Users\DannyGeminiAnti\.gemini\antigravity\brain\c38a65d5-9892-49ca-a791-fa8c25332d53\.system_generated\steps\982\
	                   1	C:\Users\DannyGeminiAnti\.gemini\antigravity\brain\c38a65d5-9892-49ca-a791-fa8c25332d53\.system_generated\steps\984\
	                   1	C:\Users\DannyGeminiAnti\.gemini\antigravity\brain\c38a65d5-9892-49ca-a791-fa8c25332d53\.system_generated\steps\986\
	                   1	C:\Users\DannyGeminiAnti\.gemini\antigravity\brain\c38a65d5-9892-49ca-a791-fa8c25332d53\.system_generated\steps\988\
	                   1	C:\Users\DannyGeminiAnti\.gemini\antigravity\brain\c38a65d5-9892-49ca-a791-fa8c25332d53\.system_generated\steps\99\
	                   1	C:\Users\DannyGeminiAnti\.gemini\antigravity\brain\c38a65d5-9892-49ca-a791-fa8c25332d53\.system_generated\steps\992\
	                   1	C:\Users\DannyGeminiAnti\.gemini\antigravity\brain\c38a65d5-9892-49ca-a791-fa8c25332d53\.system_generated\steps\994\
	                   1	C:\Users\DannyGeminiAnti\.gemini\antigravity\brain\c38a65d5-9892-49ca-a791-fa8c25332d53\.system_generated\steps\996\
	                   1	C:\Users\DannyGeminiAnti\.gemini\antigravity\brain\c38a65d5-9892-49ca-a791-fa8c25332d53\.system_generated\steps\998\
	                  15	C:\Users\DannyGeminiAnti\.gemini\antigravity\brain\c38a65d5-9892-49ca-a791-fa8c25332d53\.tempmediaStorage\
	                  19	C:\Users\DannyGeminiAnti\.gemini\antigravity\brain\c38a65d5-9892-49ca-a791-fa8c25332d53\.user_uploaded\
	                   2	C:\Users\DannyGeminiAnti\.gemini\antigravity\brain\c9af90e6-7f3b-4d4e-ade4-61eb30ce6b26\
	                   0	C:\Users\DannyGeminiAnti\.gemini\antigravity\brain\c9af90e6-7f3b-4d4e-ade4-61eb30ce6b26\.system_generated\
	                   2	C:\Users\DannyGeminiAnti\.gemini\antigravity\brain\c9af90e6-7f3b-4d4e-ade4-61eb30ce6b26\.system_generated\logs\
	                   0	C:\Users\DannyGeminiAnti\.gemini\antigravity\brain\c9af90e6-7f3b-4d4e-ade4-61eb30ce6b26\.system_generated\logs\chunks\
	                   4	C:\Users\DannyGeminiAnti\.gemini\antigravity\brain\c9af90e6-7f3b-4d4e-ade4-61eb30ce6b26\.system_generated\logs\chunks\transcript\
	                   5	C:\Users\DannyGeminiAnti\.gemini\antigravity\brain\c9af90e6-7f3b-4d4e-ade4-61eb30ce6b26\.system_generated\logs\chunks\transcript_full\
	                  33	C:\Users\DannyGeminiAnti\.gemini\antigravity\brain\c9af90e6-7f3b-4d4e-ade4-61eb30ce6b26\.system_generated\messages\
	                   0	C:\Users\DannyGeminiAnti\.gemini\antigravity\brain\c9af90e6-7f3b-4d4e-ade4-61eb30ce6b26\.system_generated\messages\undelivered\
	                   0	C:\Users\DannyGeminiAnti\.gemini\antigravity\brain\c9af90e6-7f3b-4d4e-ade4-61eb30ce6b26\.system_generated\steps\
	                   1	C:\Users\DannyGeminiAnti\.gemini\antigravity\brain\c9af90e6-7f3b-4d4e-ade4-61eb30ce6b26\.system_generated\steps\10\
	                   1	C:\Users\DannyGeminiAnti\.gemini\antigravity\brain\c9af90e6-7f3b-4d4e-ade4-61eb30ce6b26\.system_generated\steps\100\
	                   1	C:\Users\DannyGeminiAnti\.gemini\antigravity\brain\c9af90e6-7f3b-4d4e-ade4-61eb30ce6b26\.system_generated\steps\104\
	                   1	C:\Users\DannyGeminiAnti\.gemini\antigravity\brain\c9af90e6-7f3b-4d4e-ade4-61eb30ce6b26\.system_generated\steps\108\
	                   1	C:\Users\DannyGeminiAnti\.gemini\antigravity\brain\c9af90e6-7f3b-4d4e-ade4-61eb30ce6b26\.system_generated\steps\110\
	                   1	C:\Users\DannyGeminiAnti\.gemini\antigravity\brain\c9af90e6-7f3b-4d4e-ade4-61eb30ce6b26\.system_generated\steps\112\
	                   1	C:\Users\DannyGeminiAnti\.gemini\antigravity\brain\c9af90e6-7f3b-4d4e-ade4-61eb30ce6b26\.system_generated\steps\114\
	                   1	C:\Users\DannyGeminiAnti\.gemini\antigravity\brain\c9af90e6-7f3b-4d4e-ade4-61eb30ce6b26\.system_generated\steps\119\
	                   1	C:\Users\DannyGeminiAnti\.gemini\antigravity\brain\c9af90e6-7f3b-4d4e-ade4-61eb30ce6b26\.system_generated\steps\123\
	                   1	C:\Users\DannyGeminiAnti\.gemini\antigravity\brain\c9af90e6-7f3b-4d4e-ade4-61eb30ce6b26\.system_generated\steps\125\
	                   1	C:\Users\DannyGeminiAnti\.gemini\antigravity\brain\c9af90e6-7f3b-4d4e-ade4-61eb30ce6b26\.system_generated\steps\129\
	                   1	C:\Users\DannyGeminiAnti\.gemini\antigravity\brain\c9af90e6-7f3b-4d4e-ade4-61eb30ce6b26\.system_generated\steps\133\
	                   1	C:\Users\DannyGeminiAnti\.gemini\antigravity\brain\c9af90e6-7f3b-4d4e-ade4-61eb30ce6b26\.system_generated\steps\135\
	                   1	C:\Users\DannyGeminiAnti\.gemini\antigravity\brain\c9af90e6-7f3b-4d4e-ade4-61eb30ce6b26\.system_generated\steps\137\
	                   1	C:\Users\DannyGeminiAnti\.gemini\antigravity\brain\c9af90e6-7f3b-4d4e-ade4-61eb30ce6b26\.system_generated\steps\139\
	                   1	C:\Users\DannyGeminiAnti\.gemini\antigravity\brain\c9af90e6-7f3b-4d4e-ade4-61eb30ce6b26\.system_generated\steps\14\
	                   1	C:\Users\DannyGeminiAnti\.gemini\antigravity\brain\c9af90e6-7f3b-4d4e-ade4-61eb30ce6b26\.system_generated\steps\141\
	                   1	C:\Users\DannyGeminiAnti\.gemini\antigravity\brain\c9af90e6-7f3b-4d4e-ade4-61eb30ce6b26\.system_generated\steps\143\
	                   1	C:\Users\DannyGeminiAnti\.gemini\antigravity\brain\c9af90e6-7f3b-4d4e-ade4-61eb30ce6b26\.system_generated\steps\147\
	                   1	C:\Users\DannyGeminiAnti\.gemini\antigravity\brain\c9af90e6-7f3b-4d4e-ade4-61eb30ce6b26\.system_generated\steps\155\
	                   1	C:\Users\DannyGeminiAnti\.gemini\antigravity\brain\c9af90e6-7f3b-4d4e-ade4-61eb30ce6b26\.system_generated\steps\157\
	                   1	C:\Users\DannyGeminiAnti\.gemini\antigravity\brain\c9af90e6-7f3b-4d4e-ade4-61eb30ce6b26\.system_generated\steps\159\
	                   1	C:\Users\DannyGeminiAnti\.gemini\antigravity\brain\c9af90e6-7f3b-4d4e-ade4-61eb30ce6b26\.system_generated\steps\16\
	                   1	C:\Users\DannyGeminiAnti\.gemini\antigravity\brain\c9af90e6-7f3b-4d4e-ade4-61eb30ce6b26\.system_generated\steps\163\
	                   1	C:\Users\DannyGeminiAnti\.gemini\antigravity\brain\c9af90e6-7f3b-4d4e-ade4-61eb30ce6b26\.system_generated\steps\165\
	                   1	C:\Users\DannyGeminiAnti\.gemini\antigravity\brain\c9af90e6-7f3b-4d4e-ade4-61eb30ce6b26\.system_generated\steps\167\
	                   1	C:\Users\DannyGeminiAnti\.gemini\antigravity\brain\c9af90e6-7f3b-4d4e-ade4-61eb30ce6b26\.system_generated\steps\171\
	                   1	C:\Users\DannyGeminiAnti\.gemini\antigravity\brain\c9af90e6-7f3b-4d4e-ade4-61eb30ce6b26\.system_generated\steps\175\
	                   1	C:\Users\DannyGeminiAnti\.gemini\antigravity\brain\c9af90e6-7f3b-4d4e-ade4-61eb30ce6b26\.system_generated\steps\177\
	                   1	C:\Users\DannyGeminiAnti\.gemini\antigravity\brain\c9af90e6-7f3b-4d4e-ade4-61eb30ce6b26\.system_generated\steps\18\
	                   1	C:\Users\DannyGeminiAnti\.gemini\antigravity\brain\c9af90e6-7f3b-4d4e-ade4-61eb30ce6b26\.system_generated\steps\181\
	                   1	C:\Users\DannyGeminiAnti\.gemini\antigravity\brain\c9af90e6-7f3b-4d4e-ade4-61eb30ce6b26\.system_generated\steps\188\
	                   1	C:\Users\DannyGeminiAnti\.gemini\antigravity\brain\c9af90e6-7f3b-4d4e-ade4-61eb30ce6b26\.system_generated\steps\190\
	                   1	C:\Users\DannyGeminiAnti\.gemini\antigravity\brain\c9af90e6-7f3b-4d4e-ade4-61eb30ce6b26\.system_generated\steps\194\
	                   1	C:\Users\DannyGeminiAnti\.gemini\antigravity\brain\c9af90e6-7f3b-4d4e-ade4-61eb30ce6b26\.system_generated\steps\2\
	                   1	C:\Users\DannyGeminiAnti\.gemini\antigravity\brain\c9af90e6-7f3b-4d4e-ade4-61eb30ce6b26\.system_generated\steps\20\
	                   1	C:\Users\DannyGeminiAnti\.gemini\antigravity\brain\c9af90e6-7f3b-4d4e-ade4-61eb30ce6b26\.system_generated\steps\202\
	                   1	C:\Users\DannyGeminiAnti\.gemini\antigravity\brain\c9af90e6-7f3b-4d4e-ade4-61eb30ce6b26\.system_generated\steps\204\
	                   1	C:\Users\DannyGeminiAnti\.gemini\antigravity\brain\c9af90e6-7f3b-4d4e-ade4-61eb30ce6b26\.system_generated\steps\208\
	                   1	C:\Users\DannyGeminiAnti\.gemini\antigravity\brain\c9af90e6-7f3b-4d4e-ade4-61eb30ce6b26\.system_generated\steps\218\
	                   1	C:\Users\DannyGeminiAnti\.gemini\antigravity\brain\c9af90e6-7f3b-4d4e-ade4-61eb30ce6b26\.system_generated\steps\22\
	                   1	C:\Users\DannyGeminiAnti\.gemini\antigravity\brain\c9af90e6-7f3b-4d4e-ade4-61eb30ce6b26\.system_generated\steps\220\
	                   1	C:\Users\DannyGeminiAnti\.gemini\antigravity\brain\c9af90e6-7f3b-4d4e-ade4-61eb30ce6b26\.system_generated\steps\222\
	                   1	C:\Users\DannyGeminiAnti\.gemini\antigravity\brain\c9af90e6-7f3b-4d4e-ade4-61eb30ce6b26\.system_generated\steps\226\
	                   1	C:\Users\DannyGeminiAnti\.gemini\antigravity\brain\c9af90e6-7f3b-4d4e-ade4-61eb30ce6b26\.system_generated\steps\230\
	                   1	C:\Users\DannyGeminiAnti\.gemini\antigravity\brain\c9af90e6-7f3b-4d4e-ade4-61eb30ce6b26\.system_generated\steps\234\
	                   1	C:\Users\DannyGeminiAnti\.gemini\antigravity\brain\c9af90e6-7f3b-4d4e-ade4-61eb30ce6b26\.system_generated\steps\236\
	                   1	C:\Users\DannyGeminiAnti\.gemini\antigravity\brain\c9af90e6-7f3b-4d4e-ade4-61eb30ce6b26\.system_generated\steps\24\
	                   1	C:\Users\DannyGeminiAnti\.gemini\antigravity\brain\c9af90e6-7f3b-4d4e-ade4-61eb30ce6b26\.system_generated\steps\244\
	                   1	C:\Users\DannyGeminiAnti\.gemini\antigravity\brain\c9af90e6-7f3b-4d4e-ade4-61eb30ce6b26\.system_generated\steps\246\
	                   1	C:\Users\DannyGeminiAnti\.gemini\antigravity\brain\c9af90e6-7f3b-4d4e-ade4-61eb30ce6b26\.system_generated\steps\248\
	                   1	C:\Users\DannyGeminiAnti\.gemini\antigravity\brain\c9af90e6-7f3b-4d4e-ade4-61eb30ce6b26\.system_generated\steps\250\
	                   1	C:\Users\DannyGeminiAnti\.gemini\antigravity\brain\c9af90e6-7f3b-4d4e-ade4-61eb30ce6b26\.system_generated\steps\254\
	                   1	C:\Users\DannyGeminiAnti\.gemini\antigravity\brain\c9af90e6-7f3b-4d4e-ade4-61eb30ce6b26\.system_generated\steps\258\
	                   1	C:\Users\DannyGeminiAnti\.gemini\antigravity\brain\c9af90e6-7f3b-4d4e-ade4-61eb30ce6b26\.system_generated\steps\26\
	                   1	C:\Users\DannyGeminiAnti\.gemini\antigravity\brain\c9af90e6-7f3b-4d4e-ade4-61eb30ce6b26\.system_generated\steps\265\
	                   1	C:\Users\DannyGeminiAnti\.gemini\antigravity\brain\c9af90e6-7f3b-4d4e-ade4-61eb30ce6b26\.system_generated\steps\267\
	                   1	C:\Users\DannyGeminiAnti\.gemini\antigravity\brain\c9af90e6-7f3b-4d4e-ade4-61eb30ce6b26\.system_generated\steps\269\
	                   1	C:\Users\DannyGeminiAnti\.gemini\antigravity\brain\c9af90e6-7f3b-4d4e-ade4-61eb30ce6b26\.system_generated\steps\271\
	                   1	C:\Users\DannyGeminiAnti\.gemini\antigravity\brain\c9af90e6-7f3b-4d4e-ade4-61eb30ce6b26\.system_generated\steps\273\
	                   1	C:\Users\DannyGeminiAnti\.gemini\antigravity\brain\c9af90e6-7f3b-4d4e-ade4-61eb30ce6b26\.system_generated\steps\275\
	                   1	C:\Users\DannyGeminiAnti\.gemini\antigravity\brain\c9af90e6-7f3b-4d4e-ade4-61eb30ce6b26\.system_generated\steps\277\
	                   1	C:\Users\DannyGeminiAnti\.gemini\antigravity\brain\c9af90e6-7f3b-4d4e-ade4-61eb30ce6b26\.system_generated\steps\28\
	                   1	C:\Users\DannyGeminiAnti\.gemini\antigravity\brain\c9af90e6-7f3b-4d4e-ade4-61eb30ce6b26\.system_generated\steps\281\
	                   1	C:\Users\DannyGeminiAnti\.gemini\antigravity\brain\c9af90e6-7f3b-4d4e-ade4-61eb30ce6b26\.system_generated\steps\283\
	                   1	C:\Users\DannyGeminiAnti\.gemini\antigravity\brain\c9af90e6-7f3b-4d4e-ade4-61eb30ce6b26\.system_generated\steps\287\
	                   1	C:\Users\DannyGeminiAnti\.gemini\antigravity\brain\c9af90e6-7f3b-4d4e-ade4-61eb30ce6b26\.system_generated\steps\291\
	                   1	C:\Users\DannyGeminiAnti\.gemini\antigravity\brain\c9af90e6-7f3b-4d4e-ade4-61eb30ce6b26\.system_generated\steps\297\
	                   1	C:\Users\DannyGeminiAnti\.gemini\antigravity\brain\c9af90e6-7f3b-4d4e-ade4-61eb30ce6b26\.system_generated\steps\299\
	                   1	C:\Users\DannyGeminiAnti\.gemini\antigravity\brain\c9af90e6-7f3b-4d4e-ade4-61eb30ce6b26\.system_generated\steps\30\
	                   1	C:\Users\DannyGeminiAnti\.gemini\antigravity\brain\c9af90e6-7f3b-4d4e-ade4-61eb30ce6b26\.system_generated\steps\303\
	                   1	C:\Users\DannyGeminiAnti\.gemini\antigravity\brain\c9af90e6-7f3b-4d4e-ade4-61eb30ce6b26\.system_generated\steps\305\
	                   1	C:\Users\DannyGeminiAnti\.gemini\antigravity\brain\c9af90e6-7f3b-4d4e-ade4-61eb30ce6b26\.system_generated\steps\309\
	                   1	C:\Users\DannyGeminiAnti\.gemini\antigravity\brain\c9af90e6-7f3b-4d4e-ade4-61eb30ce6b26\.system_generated\steps\315\
	                   1	C:\Users\DannyGeminiAnti\.gemini\antigravity\brain\c9af90e6-7f3b-4d4e-ade4-61eb30ce6b26\.system_generated\steps\32\
	                   1	C:\Users\DannyGeminiAnti\.gemini\antigravity\brain\c9af90e6-7f3b-4d4e-ade4-61eb30ce6b26\.system_generated\steps\34\
	                   1	C:\Users\DannyGeminiAnti\.gemini\antigravity\brain\c9af90e6-7f3b-4d4e-ade4-61eb30ce6b26\.system_generated\steps\36\
	                   1	C:\Users\DannyGeminiAnti\.gemini\antigravity\brain\c9af90e6-7f3b-4d4e-ade4-61eb30ce6b26\.system_generated\steps\43\
	                   1	C:\Users\DannyGeminiAnti\.gemini\antigravity\brain\c9af90e6-7f3b-4d4e-ade4-61eb30ce6b26\.system_generated\steps\45\
	                   1	C:\Users\DannyGeminiAnti\.gemini\antigravity\brain\c9af90e6-7f3b-4d4e-ade4-61eb30ce6b26\.system_generated\steps\49\
	                   1	C:\Users\DannyGeminiAnti\.gemini\antigravity\brain\c9af90e6-7f3b-4d4e-ade4-61eb30ce6b26\.system_generated\steps\51\
	                   1	C:\Users\DannyGeminiAnti\.gemini\antigravity\brain\c9af90e6-7f3b-4d4e-ade4-61eb30ce6b26\.system_generated\steps\53\
	                   1	C:\Users\DannyGeminiAnti\.gemini\antigravity\brain\c9af90e6-7f3b-4d4e-ade4-61eb30ce6b26\.system_generated\steps\55\
	                   1	C:\Users\DannyGeminiAnti\.gemini\antigravity\brain\c9af90e6-7f3b-4d4e-ade4-61eb30ce6b26\.system_generated\steps\59\
	                   1	C:\Users\DannyGeminiAnti\.gemini\antigravity\brain\c9af90e6-7f3b-4d4e-ade4-61eb30ce6b26\.system_generated\steps\63\
	                   1	C:\Users\DannyGeminiAnti\.gemini\antigravity\brain\c9af90e6-7f3b-4d4e-ade4-61eb30ce6b26\.system_generated\steps\69\
	                   1	C:\Users\DannyGeminiAnti\.gemini\antigravity\brain\c9af90e6-7f3b-4d4e-ade4-61eb30ce6b26\.system_generated\steps\71\
	                   1	C:\Users\DannyGeminiAnti\.gemini\antigravity\brain\c9af90e6-7f3b-4d4e-ade4-61eb30ce6b26\.system_generated\steps\73\
	                   1	C:\Users\DannyGeminiAnti\.gemini\antigravity\brain\c9af90e6-7f3b-4d4e-ade4-61eb30ce6b26\.system_generated\steps\77\
	                   1	C:\Users\DannyGeminiAnti\.gemini\antigravity\brain\c9af90e6-7f3b-4d4e-ade4-61eb30ce6b26\.system_generated\steps\79\
	                   1	C:\Users\DannyGeminiAnti\.gemini\antigravity\brain\c9af90e6-7f3b-4d4e-ade4-61eb30ce6b26\.system_generated\steps\8\
	                   1	C:\Users\DannyGeminiAnti\.gemini\antigravity\brain\c9af90e6-7f3b-4d4e-ade4-61eb30ce6b26\.system_generated\steps\81\
	                   1	C:\Users\DannyGeminiAnti\.gemini\antigravity\brain\c9af90e6-7f3b-4d4e-ade4-61eb30ce6b26\.system_generated\steps\83\
	                   1	C:\Users\DannyGeminiAnti\.gemini\antigravity\brain\c9af90e6-7f3b-4d4e-ade4-61eb30ce6b26\.system_generated\steps\85\
	                   1	C:\Users\DannyGeminiAnti\.gemini\antigravity\brain\c9af90e6-7f3b-4d4e-ade4-61eb30ce6b26\.system_generated\steps\88\
	                   1	C:\Users\DannyGeminiAnti\.gemini\antigravity\brain\c9af90e6-7f3b-4d4e-ade4-61eb30ce6b26\.system_generated\steps\92\
	                   6	C:\Users\DannyGeminiAnti\.gemini\antigravity\brain\c9af90e6-7f3b-4d4e-ade4-61eb30ce6b26\.user_uploaded\
	                   4	C:\Users\DannyGeminiAnti\.gemini\antigravity\brain\dbc863f5-3420-43f7-8599-9356b258e609\
	                   0	C:\Users\DannyGeminiAnti\.gemini\antigravity\brain\dbc863f5-3420-43f7-8599-9356b258e609\.system_generated\
	                   2	C:\Users\DannyGeminiAnti\.gemini\antigravity\brain\dbc863f5-3420-43f7-8599-9356b258e609\.system_generated\logs\
	                   0	C:\Users\DannyGeminiAnti\.gemini\antigravity\brain\dbc863f5-3420-43f7-8599-9356b258e609\.system_generated\logs\chunks\
	                   7	C:\Users\DannyGeminiAnti\.gemini\antigravity\brain\dbc863f5-3420-43f7-8599-9356b258e609\.system_generated\logs\chunks\transcript\
	                   9	C:\Users\DannyGeminiAnti\.gemini\antigravity\brain\dbc863f5-3420-43f7-8599-9356b258e609\.system_generated\logs\chunks\transcript_full\
	                  13	C:\Users\DannyGeminiAnti\.gemini\antigravity\brain\dbc863f5-3420-43f7-8599-9356b258e609\.system_generated\messages\
	                   0	C:\Users\DannyGeminiAnti\.gemini\antigravity\brain\dbc863f5-3420-43f7-8599-9356b258e609\.system_generated\messages\undelivered\
	                   0	C:\Users\DannyGeminiAnti\.gemini\antigravity\brain\dbc863f5-3420-43f7-8599-9356b258e609\.system_generated\steps\
	                   1	C:\Users\DannyGeminiAnti\.gemini\antigravity\brain\dbc863f5-3420-43f7-8599-9356b258e609\.system_generated\steps\104\
	                   1	C:\Users\DannyGeminiAnti\.gemini\antigravity\brain\dbc863f5-3420-43f7-8599-9356b258e609\.system_generated\steps\106\
	                   1	C:\Users\DannyGeminiAnti\.gemini\antigravity\brain\dbc863f5-3420-43f7-8599-9356b258e609\.system_generated\steps\108\
	                   1	C:\Users\DannyGeminiAnti\.gemini\antigravity\brain\dbc863f5-3420-43f7-8599-9356b258e609\.system_generated\steps\110\
	                   1	C:\Users\DannyGeminiAnti\.gemini\antigravity\brain\dbc863f5-3420-43f7-8599-9356b258e609\.system_generated\steps\114\
	                   1	C:\Users\DannyGeminiAnti\.gemini\antigravity\brain\dbc863f5-3420-43f7-8599-9356b258e609\.system_generated\steps\116\
	                   1	C:\Users\DannyGeminiAnti\.gemini\antigravity\brain\dbc863f5-3420-43f7-8599-9356b258e609\.system_generated\steps\118\
	                   1	C:\Users\DannyGeminiAnti\.gemini\antigravity\brain\dbc863f5-3420-43f7-8599-9356b258e609\.system_generated\steps\122\
	                   1	C:\Users\DannyGeminiAnti\.gemini\antigravity\brain\dbc863f5-3420-43f7-8599-9356b258e609\.system_generated\steps\124\
	                   1	C:\Users\DannyGeminiAnti\.gemini\antigravity\brain\dbc863f5-3420-43f7-8599-9356b258e609\.system_generated\steps\128\
	                   1	C:\Users\DannyGeminiAnti\.gemini\antigravity\brain\dbc863f5-3420-43f7-8599-9356b258e609\.system_generated\steps\132\
	                   1	C:\Users\DannyGeminiAnti\.gemini\antigravity\brain\dbc863f5-3420-43f7-8599-9356b258e609\.system_generated\steps\134\
	                   1	C:\Users\DannyGeminiAnti\.gemini\antigravity\brain\dbc863f5-3420-43f7-8599-9356b258e609\.system_generated\steps\136\
	                   1	C:\Users\DannyGeminiAnti\.gemini\antigravity\brain\dbc863f5-3420-43f7-8599-9356b258e609\.system_generated\steps\138\
	                   1	C:\Users\DannyGeminiAnti\.gemini\antigravity\brain\dbc863f5-3420-43f7-8599-9356b258e609\.system_generated\steps\142\
	                   1	C:\Users\DannyGeminiAnti\.gemini\antigravity\brain\dbc863f5-3420-43f7-8599-9356b258e609\.system_generated\steps\144\
	                   1	C:\Users\DannyGeminiAnti\.gemini\antigravity\brain\dbc863f5-3420-43f7-8599-9356b258e609\.system_generated\steps\150\
	                   1	C:\Users\DannyGeminiAnti\.gemini\antigravity\brain\dbc863f5-3420-43f7-8599-9356b258e609\.system_generated\steps\152\
	                   1	C:\Users\DannyGeminiAnti\.gemini\antigravity\brain\dbc863f5-3420-43f7-8599-9356b258e609\.system_generated\steps\160\
	                   1	C:\Users\DannyGeminiAnti\.gemini\antigravity\brain\dbc863f5-3420-43f7-8599-9356b258e609\.system_generated\steps\162\
	                   1	C:\Users\DannyGeminiAnti\.gemini\antigravity\brain\dbc863f5-3420-43f7-8599-9356b258e609\.system_generated\steps\170\
	                   1	C:\Users\DannyGeminiAnti\.gemini\antigravity\brain\dbc863f5-3420-43f7-8599-9356b258e609\.system_generated\steps\174\
	                   1	C:\Users\DannyGeminiAnti\.gemini\antigravity\brain\dbc863f5-3420-43f7-8599-9356b258e609\.system_generated\steps\176\
	                   1	C:\Users\DannyGeminiAnti\.gemini\antigravity\brain\dbc863f5-3420-43f7-8599-9356b258e609\.system_generated\steps\182\
	                   1	C:\Users\DannyGeminiAnti\.gemini\antigravity\brain\dbc863f5-3420-43f7-8599-9356b258e609\.system_generated\steps\184\
	                   1	C:\Users\DannyGeminiAnti\.gemini\antigravity\brain\dbc863f5-3420-43f7-8599-9356b258e609\.system_generated\steps\190\
	                   1	C:\Users\DannyGeminiAnti\.gemini\antigravity\brain\dbc863f5-3420-43f7-8599-9356b258e609\.system_generated\steps\192\
	                   1	C:\Users\DannyGeminiAnti\.gemini\antigravity\brain\dbc863f5-3420-43f7-8599-9356b258e609\.system_generated\steps\194\
	                   1	C:\Users\DannyGeminiAnti\.gemini\antigravity\brain\dbc863f5-3420-43f7-8599-9356b258e609\.system_generated\steps\196\
	                   1	C:\Users\DannyGeminiAnti\.gemini\antigravity\brain\dbc863f5-3420-43f7-8599-9356b258e609\.system_generated\steps\198\
	                   1	C:\Users\DannyGeminiAnti\.gemini\antigravity\brain\dbc863f5-3420-43f7-8599-9356b258e609\.system_generated\steps\200\
	                   1	C:\Users\DannyGeminiAnti\.gemini\antigravity\brain\dbc863f5-3420-43f7-8599-9356b258e609\.system_generated\steps\202\
	                   1	C:\Users\DannyGeminiAnti\.gemini\antigravity\brain\dbc863f5-3420-43f7-8599-9356b258e609\.system_generated\steps\204\
	                   1	C:\Users\DannyGeminiAnti\.gemini\antigravity\brain\dbc863f5-3420-43f7-8599-9356b258e609\.system_generated\steps\206\
	                   1	C:\Users\DannyGeminiAnti\.gemini\antigravity\brain\dbc863f5-3420-43f7-8599-9356b258e609\.system_generated\steps\208\
	                   1	C:\Users\DannyGeminiAnti\.gemini\antigravity\brain\dbc863f5-3420-43f7-8599-9356b258e609\.system_generated\steps\210\
	                   1	C:\Users\DannyGeminiAnti\.gemini\antigravity\brain\dbc863f5-3420-43f7-8599-9356b258e609\.system_generated\steps\212\
	                   1	C:\Users\DannyGeminiAnti\.gemini\antigravity\brain\dbc863f5-3420-43f7-8599-9356b258e609\.system_generated\steps\215\
	                   1	C:\Users\DannyGeminiAnti\.gemini\antigravity\brain\dbc863f5-3420-43f7-8599-9356b258e609\.system_generated\steps\217\
	                   1	C:\Users\DannyGeminiAnti\.gemini\antigravity\brain\dbc863f5-3420-43f7-8599-9356b258e609\.system_generated\steps\219\
	                   1	C:\Users\DannyGeminiAnti\.gemini\antigravity\brain\dbc863f5-3420-43f7-8599-9356b258e609\.system_generated\steps\225\
	                   1	C:\Users\DannyGeminiAnti\.gemini\antigravity\brain\dbc863f5-3420-43f7-8599-9356b258e609\.system_generated\steps\227\
	                   1	C:\Users\DannyGeminiAnti\.gemini\antigravity\brain\dbc863f5-3420-43f7-8599-9356b258e609\.system_generated\steps\229\
	                   1	C:\Users\DannyGeminiAnti\.gemini\antigravity\brain\dbc863f5-3420-43f7-8599-9356b258e609\.system_generated\steps\23\
	                   1	C:\Users\DannyGeminiAnti\.gemini\antigravity\brain\dbc863f5-3420-43f7-8599-9356b258e609\.system_generated\steps\235\
	                   1	C:\Users\DannyGeminiAnti\.gemini\antigravity\brain\dbc863f5-3420-43f7-8599-9356b258e609\.system_generated\steps\237\
	                   1	C:\Users\DannyGeminiAnti\.gemini\antigravity\brain\dbc863f5-3420-43f7-8599-9356b258e609\.system_generated\steps\239\
	                   1	C:\Users\DannyGeminiAnti\.gemini\antigravity\brain\dbc863f5-3420-43f7-8599-9356b258e609\.system_generated\steps\243\
	                   1	C:\Users\DannyGeminiAnti\.gemini\antigravity\brain\dbc863f5-3420-43f7-8599-9356b258e609\.system_generated\steps\245\
	                   1	C:\Users\DannyGeminiAnti\.gemini\antigravity\brain\dbc863f5-3420-43f7-8599-9356b258e609\.system_generated\steps\247\
	                   1	C:\Users\DannyGeminiAnti\.gemini\antigravity\brain\dbc863f5-3420-43f7-8599-9356b258e609\.system_generated\steps\251\
	                   1	C:\Users\DannyGeminiAnti\.gemini\antigravity\brain\dbc863f5-3420-43f7-8599-9356b258e609\.system_generated\steps\253\
	                   1	C:\Users\DannyGeminiAnti\.gemini\antigravity\brain\dbc863f5-3420-43f7-8599-9356b258e609\.system_generated\steps\262\
	                   1	C:\Users\DannyGeminiAnti\.gemini\antigravity\brain\dbc863f5-3420-43f7-8599-9356b258e609\.system_generated\steps\264\
	                   1	C:\Users\DannyGeminiAnti\.gemini\antigravity\brain\dbc863f5-3420-43f7-8599-9356b258e609\.system_generated\steps\266\
	                   1	C:\Users\DannyGeminiAnti\.gemini\antigravity\brain\dbc863f5-3420-43f7-8599-9356b258e609\.system_generated\steps\268\
	                   1	C:\Users\DannyGeminiAnti\.gemini\antigravity\brain\dbc863f5-3420-43f7-8599-9356b258e609\.system_generated\steps\270\
	                   1	C:\Users\DannyGeminiAnti\.gemini\antigravity\brain\dbc863f5-3420-43f7-8599-9356b258e609\.system_generated\steps\272\
	                   1	C:\Users\DannyGeminiAnti\.gemini\antigravity\brain\dbc863f5-3420-43f7-8599-9356b258e609\.system_generated\steps\274\
	                   1	C:\Users\DannyGeminiAnti\.gemini\antigravity\brain\dbc863f5-3420-43f7-8599-9356b258e609\.system_generated\steps\276\
	                   1	C:\Users\DannyGeminiAnti\.gemini\antigravity\brain\dbc863f5-3420-43f7-8599-9356b258e609\.system_generated\steps\278\
	                   1	C:\Users\DannyGeminiAnti\.gemini\antigravity\brain\dbc863f5-3420-43f7-8599-9356b258e609\.system_generated\steps\280\
	                   1	C:\Users\DannyGeminiAnti\.gemini\antigravity\brain\dbc863f5-3420-43f7-8599-9356b258e609\.system_generated\steps\282\
	                   1	C:\Users\DannyGeminiAnti\.gemini\antigravity\brain\dbc863f5-3420-43f7-8599-9356b258e609\.system_generated\steps\286\
	                   1	C:\Users\DannyGeminiAnti\.gemini\antigravity\brain\dbc863f5-3420-43f7-8599-9356b258e609\.system_generated\steps\29\
	                   1	C:\Users\DannyGeminiAnti\.gemini\antigravity\brain\dbc863f5-3420-43f7-8599-9356b258e609\.system_generated\steps\290\
	                   1	C:\Users\DannyGeminiAnti\.gemini\antigravity\brain\dbc863f5-3420-43f7-8599-9356b258e609\.system_generated\steps\294\
	                   1	C:\Users\DannyGeminiAnti\.gemini\antigravity\brain\dbc863f5-3420-43f7-8599-9356b258e609\.system_generated\steps\296\
	                   1	C:\Users\DannyGeminiAnti\.gemini\antigravity\brain\dbc863f5-3420-43f7-8599-9356b258e609\.system_generated\steps\300\
	                   1	C:\Users\DannyGeminiAnti\.gemini\antigravity\brain\dbc863f5-3420-43f7-8599-9356b258e609\.system_generated\steps\302\
	                   1	C:\Users\DannyGeminiAnti\.gemini\antigravity\brain\dbc863f5-3420-43f7-8599-9356b258e609\.system_generated\steps\304\
	                   1	C:\Users\DannyGeminiAnti\.gemini\antigravity\brain\dbc863f5-3420-43f7-8599-9356b258e609\.system_generated\steps\306\
	                   1	C:\Users\DannyGeminiAnti\.gemini\antigravity\brain\dbc863f5-3420-43f7-8599-9356b258e609\.system_generated\steps\308\
	                   1	C:\Users\DannyGeminiAnti\.gemini\antigravity\brain\dbc863f5-3420-43f7-8599-9356b258e609\.system_generated\steps\31\
	                   1	C:\Users\DannyGeminiAnti\.gemini\antigravity\brain\dbc863f5-3420-43f7-8599-9356b258e609\.system_generated\steps\310\
	                   1	C:\Users\DannyGeminiAnti\.gemini\antigravity\brain\dbc863f5-3420-43f7-8599-9356b258e609\.system_generated\steps\312\
	                   1	C:\Users\DannyGeminiAnti\.gemini\antigravity\brain\dbc863f5-3420-43f7-8599-9356b258e609\.system_generated\steps\314\
	                   1	C:\Users\DannyGeminiAnti\.gemini\antigravity\brain\dbc863f5-3420-43f7-8599-9356b258e609\.system_generated\steps\316\
	                   1	C:\Users\DannyGeminiAnti\.gemini\antigravity\brain\dbc863f5-3420-43f7-8599-9356b258e609\.system_generated\steps\318\
	                   1	C:\Users\DannyGeminiAnti\.gemini\antigravity\brain\dbc863f5-3420-43f7-8599-9356b258e609\.system_generated\steps\320\
	                   1	C:\Users\DannyGeminiAnti\.gemini\antigravity\brain\dbc863f5-3420-43f7-8599-9356b258e609\.system_generated\steps\322\
	                   1	C:\Users\DannyGeminiAnti\.gemini\antigravity\brain\dbc863f5-3420-43f7-8599-9356b258e609\.system_generated\steps\324\
	                   1	C:\Users\DannyGeminiAnti\.gemini\antigravity\brain\dbc863f5-3420-43f7-8599-9356b258e609\.system_generated\steps\326\
	                   1	C:\Users\DannyGeminiAnti\.gemini\antigravity\brain\dbc863f5-3420-43f7-8599-9356b258e609\.system_generated\steps\328\
	                   1	C:\Users\DannyGeminiAnti\.gemini\antigravity\brain\dbc863f5-3420-43f7-8599-9356b258e609\.system_generated\steps\330\
	                   1	C:\Users\DannyGeminiAnti\.gemini\antigravity\brain\dbc863f5-3420-43f7-8599-9356b258e609\.system_generated\steps\332\
	                   1	C:\Users\DannyGeminiAnti\.gemini\antigravity\brain\dbc863f5-3420-43f7-8599-9356b258e609\.system_generated\steps\334\
	                   1	C:\Users\DannyGeminiAnti\.gemini\antigravity\brain\dbc863f5-3420-43f7-8599-9356b258e609\.system_generated\steps\336\
	                   1	C:\Users\DannyGeminiAnti\.gemini\antigravity\brain\dbc863f5-3420-43f7-8599-9356b258e609\.system_generated\steps\338\
	                   1	C:\Users\DannyGeminiAnti\.gemini\antigravity\brain\dbc863f5-3420-43f7-8599-9356b258e609\.system_generated\steps\340\
	                   1	C:\Users\DannyGeminiAnti\.gemini\antigravity\brain\dbc863f5-3420-43f7-8599-9356b258e609\.system_generated\steps\343\
	                   1	C:\Users\DannyGeminiAnti\.gemini\antigravity\brain\dbc863f5-3420-43f7-8599-9356b258e609\.system_generated\steps\345\
	                   1	C:\Users\DannyGeminiAnti\.gemini\antigravity\brain\dbc863f5-3420-43f7-8599-9356b258e609\.system_generated\steps\347\
	                   1	C:\Users\DannyGeminiAnti\.gemini\antigravity\brain\dbc863f5-3420-43f7-8599-9356b258e609\.system_generated\steps\351\
	                   1	C:\Users\DannyGeminiAnti\.gemini\antigravity\brain\dbc863f5-3420-43f7-8599-9356b258e609\.system_generated\steps\355\
	                   1	C:\Users\DannyGeminiAnti\.gemini\antigravity\brain\dbc863f5-3420-43f7-8599-9356b258e609\.system_generated\steps\359\
	                   1	C:\Users\DannyGeminiAnti\.gemini\antigravity\brain\dbc863f5-3420-43f7-8599-9356b258e609\.system_generated\steps\363\
	                   1	C:\Users\DannyGeminiAnti\.gemini\antigravity\brain\dbc863f5-3420-43f7-8599-9356b258e609\.system_generated\steps\365\
	                   1	C:\Users\DannyGeminiAnti\.gemini\antigravity\brain\dbc863f5-3420-43f7-8599-9356b258e609\.system_generated\steps\367\
	                   1	C:\Users\DannyGeminiAnti\.gemini\antigravity\brain\dbc863f5-3420-43f7-8599-9356b258e609\.system_generated\steps\37\
	                   1	C:\Users\DannyGeminiAnti\.gemini\antigravity\brain\dbc863f5-3420-43f7-8599-9356b258e609\.system_generated\steps\374\
	                   1	C:\Users\DannyGeminiAnti\.gemini\antigravity\brain\dbc863f5-3420-43f7-8599-9356b258e609\.system_generated\steps\376\
	                   1	C:\Users\DannyGeminiAnti\.gemini\antigravity\brain\dbc863f5-3420-43f7-8599-9356b258e609\.system_generated\steps\378\
	                   1	C:\Users\DannyGeminiAnti\.gemini\antigravity\brain\dbc863f5-3420-43f7-8599-9356b258e609\.system_generated\steps\380\
	                   1	C:\Users\DannyGeminiAnti\.gemini\antigravity\brain\dbc863f5-3420-43f7-8599-9356b258e609\.system_generated\steps\382\
	                   1	C:\Users\DannyGeminiAnti\.gemini\antigravity\brain\dbc863f5-3420-43f7-8599-9356b258e609\.system_generated\steps\385\
	                   1	C:\Users\DannyGeminiAnti\.gemini\antigravity\brain\dbc863f5-3420-43f7-8599-9356b258e609\.system_generated\steps\387\
	                   1	C:\Users\DannyGeminiAnti\.gemini\antigravity\brain\dbc863f5-3420-43f7-8599-9356b258e609\.system_generated\steps\389\
	                   1	C:\Users\DannyGeminiAnti\.gemini\antigravity\brain\dbc863f5-3420-43f7-8599-9356b258e609\.system_generated\steps\391\
	                   1	C:\Users\DannyGeminiAnti\.gemini\antigravity\brain\dbc863f5-3420-43f7-8599-9356b258e609\.system_generated\steps\393\
	                   1	C:\Users\DannyGeminiAnti\.gemini\antigravity\brain\dbc863f5-3420-43f7-8599-9356b258e609\.system_generated\steps\395\
	                   1	C:\Users\DannyGeminiAnti\.gemini\antigravity\brain\dbc863f5-3420-43f7-8599-9356b258e609\.system_generated\steps\397\
	                   1	C:\Users\DannyGeminiAnti\.gemini\antigravity\brain\dbc863f5-3420-43f7-8599-9356b258e609\.system_generated\steps\399\
	                   1	C:\Users\DannyGeminiAnti\.gemini\antigravity\brain\dbc863f5-3420-43f7-8599-9356b258e609\.system_generated\steps\401\
	                   1	C:\Users\DannyGeminiAnti\.gemini\antigravity\brain\dbc863f5-3420-43f7-8599-9356b258e609\.system_generated\steps\403\
	                   1	C:\Users\DannyGeminiAnti\.gemini\antigravity\brain\dbc863f5-3420-43f7-8599-9356b258e609\.system_generated\steps\405\
	                   1	C:\Users\DannyGeminiAnti\.gemini\antigravity\brain\dbc863f5-3420-43f7-8599-9356b258e609\.system_generated\steps\409\
	                   1	C:\Users\DannyGeminiAnti\.gemini\antigravity\brain\dbc863f5-3420-43f7-8599-9356b258e609\.system_generated\steps\411\
	                   1	C:\Users\DannyGeminiAnti\.gemini\antigravity\brain\dbc863f5-3420-43f7-8599-9356b258e609\.system_generated\steps\413\
	                   1	C:\Users\DannyGeminiAnti\.gemini\antigravity\brain\dbc863f5-3420-43f7-8599-9356b258e609\.system_generated\steps\417\
	                   1	C:\Users\DannyGeminiAnti\.gemini\antigravity\brain\dbc863f5-3420-43f7-8599-9356b258e609\.system_generated\steps\421\
	                   1	C:\Users\DannyGeminiAnti\.gemini\antigravity\brain\dbc863f5-3420-43f7-8599-9356b258e609\.system_generated\steps\425\
	                   1	C:\Users\DannyGeminiAnti\.gemini\antigravity\brain\dbc863f5-3420-43f7-8599-9356b258e609\.system_generated\steps\431\
	                   1	C:\Users\DannyGeminiAnti\.gemini\antigravity\brain\dbc863f5-3420-43f7-8599-9356b258e609\.system_generated\steps\433\
	                   1	C:\Users\DannyGeminiAnti\.gemini\antigravity\brain\dbc863f5-3420-43f7-8599-9356b258e609\.system_generated\steps\435\
	                   1	C:\Users\DannyGeminiAnti\.gemini\antigravity\brain\dbc863f5-3420-43f7-8599-9356b258e609\.system_generated\steps\437\
	                   1	C:\Users\DannyGeminiAnti\.gemini\antigravity\brain\dbc863f5-3420-43f7-8599-9356b258e609\.system_generated\steps\441\
	                   1	C:\Users\DannyGeminiAnti\.gemini\antigravity\brain\dbc863f5-3420-43f7-8599-9356b258e609\.system_generated\steps\445\
	                   1	C:\Users\DannyGeminiAnti\.gemini\antigravity\brain\dbc863f5-3420-43f7-8599-9356b258e609\.system_generated\steps\447\
	                   1	C:\Users\DannyGeminiAnti\.gemini\antigravity\brain\dbc863f5-3420-43f7-8599-9356b258e609\.system_generated\steps\449\
	                   1	C:\Users\DannyGeminiAnti\.gemini\antigravity\brain\dbc863f5-3420-43f7-8599-9356b258e609\.system_generated\steps\451\
	                   1	C:\Users\DannyGeminiAnti\.gemini\antigravity\brain\dbc863f5-3420-43f7-8599-9356b258e609\.system_generated\steps\453\
	                   1	C:\Users\DannyGeminiAnti\.gemini\antigravity\brain\dbc863f5-3420-43f7-8599-9356b258e609\.system_generated\steps\455\
	                   1	C:\Users\DannyGeminiAnti\.gemini\antigravity\brain\dbc863f5-3420-43f7-8599-9356b258e609\.system_generated\steps\457\
	                   1	C:\Users\DannyGeminiAnti\.gemini\antigravity\brain\dbc863f5-3420-43f7-8599-9356b258e609\.system_generated\steps\459\
	                   1	C:\Users\DannyGeminiAnti\.gemini\antigravity\brain\dbc863f5-3420-43f7-8599-9356b258e609\.system_generated\steps\46\
	                   1	C:\Users\DannyGeminiAnti\.gemini\antigravity\brain\dbc863f5-3420-43f7-8599-9356b258e609\.system_generated\steps\461\
	                   1	C:\Users\DannyGeminiAnti\.gemini\antigravity\brain\dbc863f5-3420-43f7-8599-9356b258e609\.system_generated\steps\465\
	                   1	C:\Users\DannyGeminiAnti\.gemini\antigravity\brain\dbc863f5-3420-43f7-8599-9356b258e609\.system_generated\steps\471\
	                   1	C:\Users\DannyGeminiAnti\.gemini\antigravity\brain\dbc863f5-3420-43f7-8599-9356b258e609\.system_generated\steps\473\
	                   1	C:\Users\DannyGeminiAnti\.gemini\antigravity\brain\dbc863f5-3420-43f7-8599-9356b258e609\.system_generated\steps\475\
	                   1	C:\Users\DannyGeminiAnti\.gemini\antigravity\brain\dbc863f5-3420-43f7-8599-9356b258e609\.system_generated\steps\477\
	                   1	C:\Users\DannyGeminiAnti\.gemini\antigravity\brain\dbc863f5-3420-43f7-8599-9356b258e609\.system_generated\steps\479\
	                   1	C:\Users\DannyGeminiAnti\.gemini\antigravity\brain\dbc863f5-3420-43f7-8599-9356b258e609\.system_generated\steps\48\
	                   1	C:\Users\DannyGeminiAnti\.gemini\antigravity\brain\dbc863f5-3420-43f7-8599-9356b258e609\.system_generated\steps\481\
	                   1	C:\Users\DannyGeminiAnti\.gemini\antigravity\brain\dbc863f5-3420-43f7-8599-9356b258e609\.system_generated\steps\483\
	                   1	C:\Users\DannyGeminiAnti\.gemini\antigravity\brain\dbc863f5-3420-43f7-8599-9356b258e609\.system_generated\steps\5\
	                   1	C:\Users\DannyGeminiAnti\.gemini\antigravity\brain\dbc863f5-3420-43f7-8599-9356b258e609\.system_generated\steps\50\
	                   1	C:\Users\DannyGeminiAnti\.gemini\antigravity\brain\dbc863f5-3420-43f7-8599-9356b258e609\.system_generated\steps\52\
	                   1	C:\Users\DannyGeminiAnti\.gemini\antigravity\brain\dbc863f5-3420-43f7-8599-9356b258e609\.system_generated\steps\54\
	                   1	C:\Users\DannyGeminiAnti\.gemini\antigravity\brain\dbc863f5-3420-43f7-8599-9356b258e609\.system_generated\steps\56\
	                   1	C:\Users\DannyGeminiAnti\.gemini\antigravity\brain\dbc863f5-3420-43f7-8599-9356b258e609\.system_generated\steps\58\
	                   1	C:\Users\DannyGeminiAnti\.gemini\antigravity\brain\dbc863f5-3420-43f7-8599-9356b258e609\.system_generated\steps\60\
	                   1	C:\Users\DannyGeminiAnti\.gemini\antigravity\brain\dbc863f5-3420-43f7-8599-9356b258e609\.system_generated\steps\62\
	                   1	C:\Users\DannyGeminiAnti\.gemini\antigravity\brain\dbc863f5-3420-43f7-8599-9356b258e609\.system_generated\steps\69\
	                   1	C:\Users\DannyGeminiAnti\.gemini\antigravity\brain\dbc863f5-3420-43f7-8599-9356b258e609\.system_generated\steps\71\
	                   1	C:\Users\DannyGeminiAnti\.gemini\antigravity\brain\dbc863f5-3420-43f7-8599-9356b258e609\.system_generated\steps\75\
	                   1	C:\Users\DannyGeminiAnti\.gemini\antigravity\brain\dbc863f5-3420-43f7-8599-9356b258e609\.system_generated\steps\77\
	                   1	C:\Users\DannyGeminiAnti\.gemini\antigravity\brain\dbc863f5-3420-43f7-8599-9356b258e609\.system_generated\steps\82\
	                   1	C:\Users\DannyGeminiAnti\.gemini\antigravity\brain\dbc863f5-3420-43f7-8599-9356b258e609\.system_generated\steps\84\
	                   1	C:\Users\DannyGeminiAnti\.gemini\antigravity\brain\dbc863f5-3420-43f7-8599-9356b258e609\.system_generated\steps\86\
	                   1	C:\Users\DannyGeminiAnti\.gemini\antigravity\brain\dbc863f5-3420-43f7-8599-9356b258e609\.system_generated\steps\88\
	                   1	C:\Users\DannyGeminiAnti\.gemini\antigravity\brain\dbc863f5-3420-43f7-8599-9356b258e609\.system_generated\steps\94\
	                   1	C:\Users\DannyGeminiAnti\.gemini\antigravity\brain\dbc863f5-3420-43f7-8599-9356b258e609\.system_generated\steps\98\
	                  11	C:\Users\DannyGeminiAnti\.gemini\antigravity\brain\dbc863f5-3420-43f7-8599-9356b258e609\.user_uploaded\
	  New Dir          0	C:\Users\DannyGeminiAnti\.gemini\antigravity\brain\f91dc735-4cf1-4996-83ab-777b1642a95d\
	  New Dir          0	C:\Users\DannyGeminiAnti\.gemini\antigravity\brain\f91dc735-4cf1-4996-83ab-777b1642a95d\.system_generated\
	  New Dir          2	C:\Users\DannyGeminiAnti\.gemini\antigravity\brain\f91dc735-4cf1-4996-83ab-777b1642a95d\.system_generated\logs\
	    New File  		   12106	transcript.jsonl
	    New File  		   11938	transcript_full.jsonl
	  New Dir          0	C:\Users\DannyGeminiAnti\.gemini\antigravity\brain\f91dc735-4cf1-4996-83ab-777b1642a95d\.system_generated\logs\chunks\
	  New Dir          1	C:\Users\DannyGeminiAnti\.gemini\antigravity\brain\f91dc735-4cf1-4996-83ab-777b1642a95d\.system_generated\logs\chunks\transcript\
	    New File  		   12106	00000000.jsonl
	  New Dir          1	C:\Users\DannyGeminiAnti\.gemini\antigravity\brain\f91dc735-4cf1-4996-83ab-777b1642a95d\.system_generated\logs\chunks\transcript_full\
	    New File  		   11938	00000000.jsonl
	  New Dir          0	C:\Users\DannyGeminiAnti\.gemini\antigravity\brain\f91dc735-4cf1-4996-83ab-777b1642a95d\.system_generated\steps\
	  New Dir          1	C:\Users\DannyGeminiAnti\.gemini\antigravity\brain\f91dc735-4cf1-4996-83ab-777b1642a95d\.system_generated\steps\10\
	    New File  		      48	output.txt
	  New Dir          1	C:\Users\DannyGeminiAnti\.gemini\antigravity\brain\f91dc735-4cf1-4996-83ab-777b1642a95d\.system_generated\steps\2\
	    New File  		     963	output.txt
	  New Dir          1	C:\Users\DannyGeminiAnti\.gemini\antigravity\brain\f91dc735-4cf1-4996-83ab-777b1642a95d\.system_generated\steps\4\
	    New File  		    1044	output.txt
	  New Dir          1	C:\Users\DannyGeminiAnti\.gemini\antigravity\brain\f91dc735-4cf1-4996-83ab-777b1642a95d\.system_generated\steps\6\
	    New File  		    2457	output.txt
	  New Dir          0	C:\Users\DannyGeminiAnti\.gemini\antigravity\brain\f91dc735-4cf1-4996-83ab-777b1642a95d\.user_uploaded\
	                   1	C:\Users\DannyGeminiAnti\.gemini\antigravity\brain\tempmediaStorage\
	                   2	C:\Users\DannyGeminiAnti\.gemini\antigravity\builtin\
	                   0	C:\Users\DannyGeminiAnti\.gemini\antigravity\builtin\skills\
	                   1	C:\Users\DannyGeminiAnti\.gemini\antigravity\builtin\skills\agy-customizations\
	                   6	C:\Users\DannyGeminiAnti\.gemini\antigravity\builtin\skills\agy-customizations\docs\
	                   1	C:\Users\DannyGeminiAnti\.gemini\antigravity\builtin\skills\antigravity_guide\
	                   4	C:\Users\DannyGeminiAnti\.gemini\antigravity\builtin\skills\antigravity_guide\references\
	                   1	C:\Users\DannyGeminiAnti\.gemini\antigravity\builtin\skills\automation\
	                   1	C:\Users\DannyGeminiAnti\.gemini\antigravity\builtin\skills\generative_ui\
	                   1	C:\Users\DannyGeminiAnti\.gemini\antigravity\builtin\skills\migrate-workflows\
	                   1	C:\Users\DannyGeminiAnti\.gemini\antigravity\builtin\skills\permissioned-github\
	                   1	C:\Users\DannyGeminiAnti\.gemini\antigravity\builtin\skills\plugin\
	                   1	C:\Users\DannyGeminiAnti\.gemini\antigravity\builtin\skills\ui-extension\
	                   0	C:\Users\DannyGeminiAnti\.gemini\antigravity\builtin\skills\ui-extension\references\
	                   1	C:\Users\DannyGeminiAnti\.gemini\antigravity\builtin\skills\ui-extension\references\template\
	                   1	C:\Users\DannyGeminiAnti\.gemini\antigravity\builtin\skills\ui-extension\references\template\assets\
	                   0	C:\Users\DannyGeminiAnti\.gemini\antigravity\builtin\skills\ui-extension\references\template\sidecars\
	                   6	C:\Users\DannyGeminiAnti\.gemini\antigravity\builtin\skills\ui-extension\references\template\sidecars\panel\
	                   1	C:\Users\DannyGeminiAnti\.gemini\antigravity\builtin\skills\ui-plugin-navigation\
	                   0	C:\Users\DannyGeminiAnti\.gemini\antigravity\cache\
	                   0	C:\Users\DannyGeminiAnti\.gemini\antigravity\cache\marketplaces\
	                   2	C:\Users\DannyGeminiAnti\.gemini\antigravity\cache\marketplaces\antigravity-plugins-official\
	                  16	C:\Users\DannyGeminiAnti\.gemini\antigravity\conversations\
	  *EXTRA File 		   32768	9540f47a-f97c-4f56-9d0d-91213f6c365a.db-shm
	  *EXTRA File 		       0	9540f47a-f97c-4f56-9d0d-91213f6c365a.db-wal
	  *EXTRA File 		   32768	a9e1a503-bcef-4103-9c94-ab351d543298.db-shm
	  *EXTRA File 		       0	a9e1a503-bcef-4103-9c94-ab351d543298.db-wal
	  *EXTRA File 		  41.0 m	a9ebbaf3-ec6c-437d-bc68-2ae83dcf88d2.db
	  *EXTRA File 		   32768	a9ebbaf3-ec6c-437d-bc68-2ae83dcf88d2.db-shm
	  *EXTRA File 		   4.1 m	a9ebbaf3-ec6c-437d-bc68-2ae83dcf88d2.db-wal
	  *EXTRA File 		  48.9 m	c207c3a9-5eaa-4479-ad9a-08348dc88089.db
	  *EXTRA File 		   32768	c207c3a9-5eaa-4479-ad9a-08348dc88089.db-shm
	  *EXTRA File 		   1.1 m	c207c3a9-5eaa-4479-ad9a-08348dc88089.db-wal
	  *EXTRA File 		   32768	c9af90e6-7f3b-4d4e-ade4-61eb30ce6b26.db-shm
	  *EXTRA File 		   3.9 m	c9af90e6-7f3b-4d4e-ade4-61eb30ce6b26.db-wal
	  *EXTRA File 		   32768	dbc863f5-3420-43f7-8599-9356b258e609.db-shm
	  *EXTRA File 		   3.9 m	dbc863f5-3420-43f7-8599-9356b258e609.db-wal
	    Newer     		  39.6 m	13d289c7-8aca-4523-9e85-52f4f3632356.db
	    Newer     		  552960	753c20e3-1745-493c-bcd8-35aed02e031b.db
	    Newer     		   32768	753c20e3-1745-493c-bcd8-35aed02e031b.db-shm
	    Newer     		  799312	753c20e3-1745-493c-bcd8-35aed02e031b.db-wal
	    New File  		   7.4 m	9596722f-af4b-477c-8b63-1fb43e7607e3.db
	    New File  		  262144	f91dc735-4cf1-4996-83ab-777b1642a95d.db
	                   1	C:\Users\DannyGeminiAnti\.gemini\antigravity\crashes\
	  *EXTRA File 		       0	crash_10600_a300a321-825d-4894-8251-a61663eb916c.log
	  *EXTRA File 		       0	crash_11072_157eaeff-1ab8-4d5e-b358-4f852805ea5d.log
	  *EXTRA File 		       0	crash_11852_61f7adbd-c778-49ac-9780-8a80f0b4ef24.log
	  *EXTRA File 		       0	crash_11940_7e529517-80d3-428f-b97d-bb1f2498dbd6.log
	  *EXTRA File 		       0	crash_1248_87186eac-57ae-45e5-80d6-16fc31ec65e6.log
	  *EXTRA File 		       0	crash_12860_9592a6c6-1272-41ba-81db-baf10b971bdc.log
	  *EXTRA File 		       0	crash_14100_7d68b5c3-d1c3-4c24-84ce-202414f5f616.log
	  *EXTRA File 		       0	crash_15612_42532a11-6fe0-4a7c-a5a2-0eb520250340.log
	  *EXTRA File 		       0	crash_15656_ff103c3e-4643-46b8-b555-4c4e1b70e139.log
	  *EXTRA File 		       0	crash_16076_ae4bb034-bdb5-4fae-98b4-b66b4b3c373f.log
	  *EXTRA File 		       0	crash_16256_13de324f-9072-4e99-9790-81c75282a325.log
	  *EXTRA File 		       0	crash_16288_d254e1d9-4238-47c0-b3b9-bcbd1966cab5.log
	  *EXTRA File 		       0	crash_16688_1245b651-c61f-418d-9f41-c398d05d2ca9.log
	  *EXTRA File 		       0	crash_16976_c54fd9b4-3806-4bd6-a9ce-172c1fdbef45.log
	  *EXTRA File 		       0	crash_18356_0f0d5a0a-33fb-4359-af26-f9eed77754d3.log
	  *EXTRA File 		       0	crash_1868_8774b942-84c9-46aa-8d53-68110c022228.log
	  *EXTRA File 		       0	crash_1884_41decd41-dc98-4d8f-ba15-b64b0ded09fd.log
	  *EXTRA File 		       0	crash_1920_1a8f119e-cfc6-4165-a04f-ecde529ef697.log
	  *EXTRA File 		       0	crash_19868_1a211991-1771-4ba7-93fc-6d5d65cc89b5.log
	  *EXTRA File 		       0	crash_2504_08264d30-bb75-45c6-ad22-ebfcbbdb46cc.log
	  *EXTRA File 		       0	crash_3000_bf7a823b-5f6d-4986-85e8-e68f92f4866e.log
	  *EXTRA File 		       0	crash_3056_50259697-5ebe-412f-8a0f-ee862b7b0085.log
	  *EXTRA File 		       0	crash_3644_38ee287c-9147-470a-ac6c-5bba7311da12.log
	  *EXTRA File 		       0	crash_3664_96aa7f2e-cb0a-4733-ade4-563bef6e5d8a.log
	  *EXTRA File 		       0	crash_4036_b1824419-c564-4d30-9c26-1ac04d5f24b2.log
	  *EXTRA File 		       0	crash_416_f034863b-7b5d-4203-9ad8-1ec1efa60779.log
	  *EXTRA File 		       0	crash_6944_b441c1e4-1fdd-4775-8361-b1280b265140.log
	  *EXTRA File 		       0	crash_7500_5bef0590-47c8-4bb8-b34c-4d32f9fa41d6.log
	  *EXTRA File 		       0	crash_7808_c79fe8fa-01a3-44d8-9986-34081aa51cc5.log
	  *EXTRA File 		       0	crash_8428_6fd43df8-9ce2-459b-b497-efe1b5daed3a.log
	  *EXTRA File 		       0	crash_8560_c105f9ae-9f4b-4b0b-9e7c-23c5ab228bd7.log
	  *EXTRA File 		       0	crash_872_c24add7f-377a-47ed-973b-d65a0d641df1.log
	  *EXTRA File 		       0	crash_9116_ba3849bd-9450-4159-ba26-4172ddfc5b8b.log
	    New File  		       0	crash_4504_73ed87ef-257a-45b3-bf76-0b8339366144.log
	                   1	C:\Users\DannyGeminiAnti\.gemini\antigravity\knowledge\
	                   0	C:\Users\DannyGeminiAnti\.gemini\antigravity\plugin_data\
	                   0	C:\Users\DannyGeminiAnti\.gemini\antigravity\plugin_data\firebase\
	                   0	C:\Users\DannyGeminiAnti\.gemini\antigravity\plugin_data\google-antigravity-sdk\

------------------------------------------------------------------------------

               Total    Copied   Skipped  Mismatch    FAILED    Extras
    Dirs :      4386       303      4083         0         0         2
   Files :      5489       398      5091         0         0        49
   Bytes :  302.74 m   66.55 m  236.18 m         0         0  103.36 m
   Times :   0:00:42   0:00:11                       0:00:00   0:00:31


   Speed :             6024637 Bytes/sec.
   Speed :             344.732 MegaBytes/min.
   Ended : October 4, 2026 9:04:40 PM

======================================================================= 
[2026-10-04 21:04:40] AUDIT SUCCESS: All syncs complete. G: Drive updated. 
======================================================================= 
