======================================================================= 
 BACKTOG v013 AUDIT LOG 
 Started : 2026-10-03 23:38:02 
 Project : acttechnical 
 Host    : DESKTOP-QQLJFST / DannyGeminiAnti 
 Source  : C:\Users\DannyGeminiAnti\Documents\acttechnical Work\. 
 Dest    : G:\My Drive\apps\acttechnical 
 Anti Src: C:\Users\DannyGeminiAnti\.gemini\antigravity 
 Anti Dst: G:\My Drive\apps\cdrive_work_files\DESKTOP-QQLJFST_DannyGeminiAnti\AppData_Antigravity 
 Log     : C:\Users\DannyGeminiAnti\Documents\acttechnical Work\Staging_Sync_Back_2026-10-03_233802.log 
======================================================================= 
 
[2026-10-03 23:38:02] STEP 1/3: Syncing project acttechnical 

-------------------------------------------------------------------------------
   ROBOCOPY     ::     Robust File Copy for Windows                              
-------------------------------------------------------------------------------

  Started : October 3, 2026 11:38:06 PM
   Source : C:\Users\DannyGeminiAnti\Documents\acttechnical Work\
     Dest = G:\My Drive\apps\acttechnical\

    Files : *.*
	    
 Exc Dirs : node_modules
	    scratch
	    .git
	    build
	    dist
	    
  Options : *.* /TEE /S /E /DCOPY:DA /COPY:DAT /NP /R:3 /W:5 

------------------------------------------------------------------------------

	                   6	C:\Users\DannyGeminiAnti\Documents\acttechnical Work\
	  *EXTRA File 		   15956	brain.py
	  *EXTRA File 		    8669	new_app_standards.md
	  *EXTRA File 		   16384	project_brain.db
	    Newer     		   43004	Staging_Sync_Back_2026-10-03_233731.log
	    New File  		     721	Staging_Sync_Back_2026-10-03_233802.log
	                   2	C:\Users\DannyGeminiAnti\Documents\acttechnical Work\.agent\
	                   0	C:\Users\DannyGeminiAnti\Documents\acttechnical Work\assets\
	                   0	C:\Users\DannyGeminiAnti\Documents\acttechnical Work\assets\bootstrap\
	                   1	C:\Users\DannyGeminiAnti\Documents\acttechnical Work\assets\bootstrap\css\
	                   0	C:\Users\DannyGeminiAnti\Documents\acttechnical Work\assets\dropdown\
	                   1	C:\Users\DannyGeminiAnti\Documents\acttechnical Work\assets\dropdown\css\
	                   1	C:\Users\DannyGeminiAnti\Documents\acttechnical Work\assets\dropdown\js\
	                  12	C:\Users\DannyGeminiAnti\Documents\acttechnical Work\assets\images\
	                   0	C:\Users\DannyGeminiAnti\Documents\acttechnical Work\assets\mobirise\
	                   1	C:\Users\DannyGeminiAnti\Documents\acttechnical Work\assets\mobirise\css\
	                   0	C:\Users\DannyGeminiAnti\Documents\acttechnical Work\assets\socicon\
	                   1	C:\Users\DannyGeminiAnti\Documents\acttechnical Work\assets\socicon\css\
	                   1	C:\Users\DannyGeminiAnti\Documents\acttechnical Work\assets\tether\
	                   0	C:\Users\DannyGeminiAnti\Documents\acttechnical Work\assets\web\
	                   0	C:\Users\DannyGeminiAnti\Documents\acttechnical Work\assets\web\assets\
	                   1	C:\Users\DannyGeminiAnti\Documents\acttechnical Work\assets\web\assets\mobirise-icons\
	                   3	C:\Users\DannyGeminiAnti\Documents\acttechnical Work\color\
	                   8	C:\Users\DannyGeminiAnti\Documents\acttechnical Work\color\assets\
	                   1	C:\Users\DannyGeminiAnti\Documents\acttechnical Work\css\
	                   3	C:\Users\DannyGeminiAnti\Documents\acttechnical Work\fna\
	                   7	C:\Users\DannyGeminiAnti\Documents\acttechnical Work\fna\assets\
	                   3	C:\Users\DannyGeminiAnti\Documents\acttechnical Work\images\
	                   6	C:\Users\DannyGeminiAnti\Documents\acttechnical Work\js\
	                   8	C:\Users\DannyGeminiAnti\Documents\acttechnical Work\_archive\
	                   4	C:\Users\DannyGeminiAnti\Documents\acttechnical Work\_archive\history\
	                  24	C:\Users\DannyGeminiAnti\Documents\acttechnical Work\_archive\results\
	                   4	C:\Users\DannyGeminiAnti\Documents\acttechnical Work\_archive\results\v1_021_AUDIT_READY\
	                   1	C:\Users\DannyGeminiAnti\Documents\acttechnical Work\_archive\results\v1_021_AUDIT_READY\css\
	                   1	C:\Users\DannyGeminiAnti\Documents\acttechnical Work\_archive\results\v1_021_AUDIT_READY\images\
	                   5	C:\Users\DannyGeminiAnti\Documents\acttechnical Work\_archive\results\v1_021_AUDIT_READY\js\
	                   0	C:\Users\DannyGeminiAnti\Documents\acttechnical Work\_archive\results\versions\
	                   1	C:\Users\DannyGeminiAnti\Documents\acttechnical Work\_archive\results\versions\v1_003\
	                   3	C:\Users\DannyGeminiAnti\Documents\acttechnical Work\_archive\results\versions\v1_004\
	                   3	C:\Users\DannyGeminiAnti\Documents\acttechnical Work\_archive\results\versions\v1_006\
	                   2	C:\Users\DannyGeminiAnti\Documents\acttechnical Work\_archive\results\versions\v1_007\
	                   2	C:\Users\DannyGeminiAnti\Documents\acttechnical Work\_archive\results\versions\v1_016_DEPLOY\
	                   1	C:\Users\DannyGeminiAnti\Documents\acttechnical Work\_archive\results\versions\v1_016_DEPLOY\css\
	                   1	C:\Users\DannyGeminiAnti\Documents\acttechnical Work\_archive\results\versions\v1_016_DEPLOY\images\
	                   3	C:\Users\DannyGeminiAnti\Documents\acttechnical Work\_archive\results\versions\v1_016_DEPLOY\js\
	                   3	C:\Users\DannyGeminiAnti\Documents\acttechnical Work\_archive\results\versions\v1_017_FINAL_SECURITY\
	                   1	C:\Users\DannyGeminiAnti\Documents\acttechnical Work\_archive\results\versions\v1_017_FINAL_SECURITY\css\
	                   1	C:\Users\DannyGeminiAnti\Documents\acttechnical Work\_archive\results\versions\v1_017_FINAL_SECURITY\images\
	                   5	C:\Users\DannyGeminiAnti\Documents\acttechnical Work\_archive\results\versions\v1_017_FINAL_SECURITY\js\
	                   3	C:\Users\DannyGeminiAnti\Documents\acttechnical Work\_archive\results\versions\v1_018_LIVE_READY\
	                   1	C:\Users\DannyGeminiAnti\Documents\acttechnical Work\_archive\results\versions\v1_018_LIVE_READY\css\
	                   1	C:\Users\DannyGeminiAnti\Documents\acttechnical Work\_archive\results\versions\v1_018_LIVE_READY\images\
	                   4	C:\Users\DannyGeminiAnti\Documents\acttechnical Work\_archive\results\versions\v1_018_LIVE_READY\js\
	                   3	C:\Users\DannyGeminiAnti\Documents\acttechnical Work\_archive\results\versions\v1_019_PIVOT_SKY\
	                   1	C:\Users\DannyGeminiAnti\Documents\acttechnical Work\_archive\results\versions\v1_019_PIVOT_SKY\css\
	                   1	C:\Users\DannyGeminiAnti\Documents\acttechnical Work\_archive\results\versions\v1_019_PIVOT_SKY\images\
	                   4	C:\Users\DannyGeminiAnti\Documents\acttechnical Work\_archive\results\versions\v1_019_PIVOT_SKY\js\
	                   3	C:\Users\DannyGeminiAnti\Documents\acttechnical Work\_archive\results\versions\v1_020_ZENITH_FINAL\
	                   1	C:\Users\DannyGeminiAnti\Documents\acttechnical Work\_archive\results\versions\v1_020_ZENITH_FINAL\css\
	                   1	C:\Users\DannyGeminiAnti\Documents\acttechnical Work\_archive\results\versions\v1_020_ZENITH_FINAL\images\
	                   5	C:\Users\DannyGeminiAnti\Documents\acttechnical Work\_archive\results\versions\v1_020_ZENITH_FINAL\js\
	                   3	C:\Users\DannyGeminiAnti\Documents\acttechnical Work\_archive\results\versions\v1_021_PRE_PORTAL\
	                   0	C:\Users\DannyGeminiAnti\Documents\acttechnical Work\_archive\results\versions\v1_021_PRE_PORTAL\assets\
	                   0	C:\Users\DannyGeminiAnti\Documents\acttechnical Work\_archive\results\versions\v1_021_PRE_PORTAL\assets\bootstrap\
	                   1	C:\Users\DannyGeminiAnti\Documents\acttechnical Work\_archive\results\versions\v1_021_PRE_PORTAL\assets\bootstrap\css\
	                   0	C:\Users\DannyGeminiAnti\Documents\acttechnical Work\_archive\results\versions\v1_021_PRE_PORTAL\assets\dropdown\
	                   1	C:\Users\DannyGeminiAnti\Documents\acttechnical Work\_archive\results\versions\v1_021_PRE_PORTAL\assets\dropdown\css\
	                   1	C:\Users\DannyGeminiAnti\Documents\acttechnical Work\_archive\results\versions\v1_021_PRE_PORTAL\assets\dropdown\js\
	                  12	C:\Users\DannyGeminiAnti\Documents\acttechnical Work\_archive\results\versions\v1_021_PRE_PORTAL\assets\images\
	                   0	C:\Users\DannyGeminiAnti\Documents\acttechnical Work\_archive\results\versions\v1_021_PRE_PORTAL\assets\mobirise\
	                   1	C:\Users\DannyGeminiAnti\Documents\acttechnical Work\_archive\results\versions\v1_021_PRE_PORTAL\assets\mobirise\css\
	                   0	C:\Users\DannyGeminiAnti\Documents\acttechnical Work\_archive\results\versions\v1_021_PRE_PORTAL\assets\socicon\
	                   1	C:\Users\DannyGeminiAnti\Documents\acttechnical Work\_archive\results\versions\v1_021_PRE_PORTAL\assets\socicon\css\
	                   1	C:\Users\DannyGeminiAnti\Documents\acttechnical Work\_archive\results\versions\v1_021_PRE_PORTAL\assets\tether\
	                   0	C:\Users\DannyGeminiAnti\Documents\acttechnical Work\_archive\results\versions\v1_021_PRE_PORTAL\assets\web\
	                   0	C:\Users\DannyGeminiAnti\Documents\acttechnical Work\_archive\results\versions\v1_021_PRE_PORTAL\assets\web\assets\
	                   1	C:\Users\DannyGeminiAnti\Documents\acttechnical Work\_archive\results\versions\v1_021_PRE_PORTAL\assets\web\assets\mobirise-icons\
	                   1	C:\Users\DannyGeminiAnti\Documents\acttechnical Work\_archive\results\versions\v1_021_PRE_PORTAL\css\
	                   1	C:\Users\DannyGeminiAnti\Documents\acttechnical Work\_archive\results\versions\v1_021_PRE_PORTAL\images\
	                   5	C:\Users\DannyGeminiAnti\Documents\acttechnical Work\_archive\results\versions\v1_021_PRE_PORTAL\js\
	                   1	C:\Users\DannyGeminiAnti\Documents\acttechnical Work\_archive\results\versions\v1_022_PRE_BACK_LINK\
	                   4	C:\Users\DannyGeminiAnti\Documents\acttechnical Work\_archive\results\versions\v1_022_PRE_BACK_LINK\sample\
	                   1	C:\Users\DannyGeminiAnti\Documents\acttechnical Work\_archive\results\versions\v1_022_PRE_FOOTER_FIX\
	                   4	C:\Users\DannyGeminiAnti\Documents\acttechnical Work\_archive\results\versions\v1_022_PRE_FOOTER_FIX\sample\
	                   2	C:\Users\DannyGeminiAnti\Documents\acttechnical Work\_archive\unused\

------------------------------------------------------------------------------

               Total    Copied   Skipped  Mismatch    FAILED    Extras
    Dirs :        81         0        81         0         0         0
   Files :       200         2       198         0         0         3
   Bytes :   45.44 m    42.7 k   45.40 m         0         0    40.0 k
   Times :   0:00:00   0:00:00                       0:00:00   0:00:00


   Speed :              460263 Bytes/sec.
   Speed :              26.336 MegaBytes/min.
   Ended : October 3, 2026 11:38:06 PM

[2026-10-03 23:38:02] STEP 2/3: Syncing _App_System 

-------------------------------------------------------------------------------
   ROBOCOPY     ::     Robust File Copy for Windows                              
-------------------------------------------------------------------------------

  Started : October 3, 2026 11:38:06 PM
   Source : C:\Users\DannyGeminiAnti\Documents\_App_System\
     Dest = G:\My Drive\apps\_App_System\

    Files : *.*
	    
 Exc Dirs : node_modules
	    scratch
	    .git
	    build
	    dist
	    
  Options : *.* /TEE /S /E /DCOPY:DA /COPY:DAT /NP /R:3 /W:5 

------------------------------------------------------------------------------

	                  21	C:\Users\DannyGeminiAnti\Documents\_App_System\
	*EXTRA Dir        -1	G:\My Drive\apps\_App_System\Antigravity_Brain_Backup\
	  *EXTRA File 		  297932	Audit_2026-06-14_010538.log
	  *EXTRA File 		     250	Build_Authorization_DESKTOP-31FKBOB_2026-04-08_14-25-34.txt
	    New File  		     484	run_all_backups.ps1
	                   1	C:\Users\DannyGeminiAnti\Documents\_App_System\MacMiniMonitor\
	                  41	C:\Users\DannyGeminiAnti\Documents\_App_System\results\
	*EXTRA Dir        -1	G:\My Drive\apps\_App_System\results\revisions\
	  *EXTRA File 		   34260	Audit_2026-05-25_012057.log
	  *EXTRA File 		    1770	BACKTOG.bat.bak
	  *EXTRA File 		    7166	Sync_Back_2026-05-07_011346.log
	  *EXTRA File 		  225238	Sync_Back_2026-06-12_235002.log
	  *EXTRA File 		  877415	Sync_Back_2026-06-12_235406.log
	  *EXTRA File 		    1469	TOLOCAL.bat.bak
	                  22	C:\Users\DannyGeminiAnti\Documents\_App_System\results\versions\

------------------------------------------------------------------------------

               Total    Copied   Skipped  Mismatch    FAILED    Extras
    Dirs :         4         0         4         0         0         2
   Files :        85         1        84         0         0         8
   Bytes :   21.15 m       484   21.15 m         0         0    1.37 m
   Times :   0:00:00   0:00:00                       0:00:00   0:00:00


   Speed :                3408 Bytes/sec.
   Speed :               0.195 MegaBytes/min.
   Ended : October 3, 2026 11:38:06 PM

[2026-10-03 23:38:02] STEP 3/3: Syncing Antigravity AppData 

-------------------------------------------------------------------------------
   ROBOCOPY     ::     Robust File Copy for Windows                              
-------------------------------------------------------------------------------

  Started : October 3, 2026 11:38:06 PM
   Source : C:\Users\DannyGeminiAnti\.gemini\antigravity\
     Dest = G:\My Drive\apps\cdrive_work_files\DESKTOP-QQLJFST_DannyGeminiAnti\AppData_Antigravity\

    Files : *.*
	    
 Exc Dirs : tasks
	    scratch
	    node_modules
	    
  Options : *.* /TEE /S /E /DCOPY:DA /COPY:DAT /NP /R:3 /W:5 

------------------------------------------------------------------------------

	                   6	C:\Users\DannyGeminiAnti\.gemini\antigravity\
	    Newer     		    3733	agyhub_summaries_proto.pb
	    Newer     		   32768	conversation_summaries.db-shm
	    Newer     		      32	conversation_summaries.db-wal
	                  14	C:\Users\DannyGeminiAnti\.gemini\antigravity\annotations\
	                   2	C:\Users\DannyGeminiAnti\.gemini\antigravity\bin\
	    Newer     		     118	agentapi.bat
	                   0	C:\Users\DannyGeminiAnti\.gemini\antigravity\brain\
	*EXTRA Dir        -1	G:\My Drive\apps\cdrive_work_files\DESKTOP-QQLJFST_DannyGeminiAnti\AppData_Antigravity\brain\a9ebbaf3-ec6c-437d-bc68-2ae83dcf88d2\
	*EXTRA Dir        -1	G:\My Drive\apps\cdrive_work_files\DESKTOP-QQLJFST_DannyGeminiAnti\AppData_Antigravity\brain\c207c3a9-5eaa-4479-ad9a-08348dc88089\
	                   2	C:\Users\DannyGeminiAnti\.gemini\antigravity\brain\13d289c7-8aca-4523-9e85-52f4f3632356\
	                   0	C:\Users\DannyGeminiAnti\.gemini\antigravity\brain\13d289c7-8aca-4523-9e85-52f4f3632356\.system_generated\
	                   2	C:\Users\DannyGeminiAnti\.gemini\antigravity\brain\13d289c7-8aca-4523-9e85-52f4f3632356\.system_generated\logs\
	                   0	C:\Users\DannyGeminiAnti\.gemini\antigravity\brain\13d289c7-8aca-4523-9e85-52f4f3632356\.system_generated\logs\chunks\
	                  47	C:\Users\DannyGeminiAnti\.gemini\antigravity\brain\13d289c7-8aca-4523-9e85-52f4f3632356\.system_generated\logs\chunks\transcript\
	                  64	C:\Users\DannyGeminiAnti\.gemini\antigravity\brain\13d289c7-8aca-4523-9e85-52f4f3632356\.system_generated\logs\chunks\transcript_full\
	                  73	C:\Users\DannyGeminiAnti\.gemini\antigravity\brain\13d289c7-8aca-4523-9e85-52f4f3632356\.system_generated\messages\
	                   0	C:\Users\DannyGeminiAnti\.gemini\antigravity\brain\13d289c7-8aca-4523-9e85-52f4f3632356\.system_generated\messages\undelivered\
	                   0	C:\Users\DannyGeminiAnti\.gemini\antigravity\brain\13d289c7-8aca-4523-9e85-52f4f3632356\.system_generated\steps\
	                   1	C:\Users\DannyGeminiAnti\.gemini\antigravity\brain\13d289c7-8aca-4523-9e85-52f4f3632356\.system_generated\steps\100\
	                   1	C:\Users\DannyGeminiAnti\.gemini\antigravity\brain\13d289c7-8aca-4523-9e85-52f4f3632356\.system_generated\steps\1001\
	                   1	C:\Users\DannyGeminiAnti\.gemini\antigravity\brain\13d289c7-8aca-4523-9e85-52f4f3632356\.system_generated\steps\1003\
	                   1	C:\Users\DannyGeminiAnti\.gemini\antigravity\brain\13d289c7-8aca-4523-9e85-52f4f3632356\.system_generated\steps\1005\
	                   1	C:\Users\DannyGeminiAnti\.gemini\antigravity\brain\13d289c7-8aca-4523-9e85-52f4f3632356\.system_generated\steps\1007\
	                   1	C:\Users\DannyGeminiAnti\.gemini\antigravity\brain\13d289c7-8aca-4523-9e85-52f4f3632356\.system_generated\steps\1009\
	                   1	C:\Users\DannyGeminiAnti\.gemini\antigravity\brain\13d289c7-8aca-4523-9e85-52f4f3632356\.system_generated\steps\1011\
	                   1	C:\Users\DannyGeminiAnti\.gemini\antigravity\brain\13d289c7-8aca-4523-9e85-52f4f3632356\.system_generated\steps\1013\
	                   1	C:\Users\DannyGeminiAnti\.gemini\antigravity\brain\13d289c7-8aca-4523-9e85-52f4f3632356\.system_generated\steps\1015\
	                   1	C:\Users\DannyGeminiAnti\.gemini\antigravity\brain\13d289c7-8aca-4523-9e85-52f4f3632356\.system_generated\steps\1017\
	                   1	C:\Users\DannyGeminiAnti\.gemini\antigravity\brain\13d289c7-8aca-4523-9e85-52f4f3632356\.system_generated\steps\1020\
	                   1	C:\Users\DannyGeminiAnti\.gemini\antigravity\brain\13d289c7-8aca-4523-9e85-52f4f3632356\.system_generated\steps\1026\
	                   1	C:\Users\DannyGeminiAnti\.gemini\antigravity\brain\13d289c7-8aca-4523-9e85-52f4f3632356\.system_generated\steps\1028\
	                   1	C:\Users\DannyGeminiAnti\.gemini\antigravity\brain\13d289c7-8aca-4523-9e85-52f4f3632356\.system_generated\steps\1030\
	                   1	C:\Users\DannyGeminiAnti\.gemini\antigravity\brain\13d289c7-8aca-4523-9e85-52f4f3632356\.system_generated\steps\1032\
	                   1	C:\Users\DannyGeminiAnti\.gemini\antigravity\brain\13d289c7-8aca-4523-9e85-52f4f3632356\.system_generated\steps\1034\
	                   1	C:\Users\DannyGeminiAnti\.gemini\antigravity\brain\13d289c7-8aca-4523-9e85-52f4f3632356\.system_generated\steps\1038\
	                   1	C:\Users\DannyGeminiAnti\.gemini\antigravity\brain\13d289c7-8aca-4523-9e85-52f4f3632356\.system_generated\steps\1040\
	                   1	C:\Users\DannyGeminiAnti\.gemini\antigravity\brain\13d289c7-8aca-4523-9e85-52f4f3632356\.system_generated\steps\1042\
	                   1	C:\Users\DannyGeminiAnti\.gemini\antigravity\brain\13d289c7-8aca-4523-9e85-52f4f3632356\.system_generated\steps\1044\
	                   1	C:\Users\DannyGeminiAnti\.gemini\antigravity\brain\13d289c7-8aca-4523-9e85-52f4f3632356\.system_generated\steps\1047\
	                   1	C:\Users\DannyGeminiAnti\.gemini\antigravity\brain\13d289c7-8aca-4523-9e85-52f4f3632356\.system_generated\steps\1050\
	                   1	C:\Users\DannyGeminiAnti\.gemini\antigravity\brain\13d289c7-8aca-4523-9e85-52f4f3632356\.system_generated\steps\1053\
	                   1	C:\Users\DannyGeminiAnti\.gemini\antigravity\brain\13d289c7-8aca-4523-9e85-52f4f3632356\.system_generated\steps\1071\
	                   1	C:\Users\DannyGeminiAnti\.gemini\antigravity\brain\13d289c7-8aca-4523-9e85-52f4f3632356\.system_generated\steps\1075\
	                   1	C:\Users\DannyGeminiAnti\.gemini\antigravity\brain\13d289c7-8aca-4523-9e85-52f4f3632356\.system_generated\steps\1079\
	                   1	C:\Users\DannyGeminiAnti\.gemini\antigravity\brain\13d289c7-8aca-4523-9e85-52f4f3632356\.system_generated\steps\1087\
	                   1	C:\Users\DannyGeminiAnti\.gemini\antigravity\brain\13d289c7-8aca-4523-9e85-52f4f3632356\.system_generated\steps\1089\
	                   1	C:\Users\DannyGeminiAnti\.gemini\antigravity\brain\13d289c7-8aca-4523-9e85-52f4f3632356\.system_generated\steps\1093\
	                   1	C:\Users\DannyGeminiAnti\.gemini\antigravity\brain\13d289c7-8aca-4523-9e85-52f4f3632356\.system_generated\steps\1095\
	                   1	C:\Users\DannyGeminiAnti\.gemini\antigravity\brain\13d289c7-8aca-4523-9e85-52f4f3632356\.system_generated\steps\1097\
	                   1	C:\Users\DannyGeminiAnti\.gemini\antigravity\brain\13d289c7-8aca-4523-9e85-52f4f3632356\.system_generated\steps\1099\
	                   1	C:\Users\DannyGeminiAnti\.gemini\antigravity\brain\13d289c7-8aca-4523-9e85-52f4f3632356\.system_generated\steps\110\
	                   1	C:\Users\DannyGeminiAnti\.gemini\antigravity\brain\13d289c7-8aca-4523-9e85-52f4f3632356\.system_generated\steps\1101\
	                   1	C:\Users\DannyGeminiAnti\.gemini\antigravity\brain\13d289c7-8aca-4523-9e85-52f4f3632356\.system_generated\steps\1103\
	                   1	C:\Users\DannyGeminiAnti\.gemini\antigravity\brain\13d289c7-8aca-4523-9e85-52f4f3632356\.system_generated\steps\1105\
	                   1	C:\Users\DannyGeminiAnti\.gemini\antigravity\brain\13d289c7-8aca-4523-9e85-52f4f3632356\.system_generated\steps\1107\
	                   1	C:\Users\DannyGeminiAnti\.gemini\antigravity\brain\13d289c7-8aca-4523-9e85-52f4f3632356\.system_generated\steps\1110\
	                   1	C:\Users\DannyGeminiAnti\.gemini\antigravity\brain\13d289c7-8aca-4523-9e85-52f4f3632356\.system_generated\steps\1113\
	                   1	C:\Users\DannyGeminiAnti\.gemini\antigravity\brain\13d289c7-8aca-4523-9e85-52f4f3632356\.system_generated\steps\1118\
	    Older     		      51	output.txt
	  New Dir          1	C:\Users\DannyGeminiAnti\.gemini\antigravity\brain\13d289c7-8aca-4523-9e85-52f4f3632356\.system_generated\steps\112\
	    New File  		     868	output.txt
	  New Dir          1	C:\Users\DannyGeminiAnti\.gemini\antigravity\brain\13d289c7-8aca-4523-9e85-52f4f3632356\.system_generated\steps\1120\
	    New File  		    8236	output.txt
	  New Dir          1	C:\Users\DannyGeminiAnti\.gemini\antigravity\brain\13d289c7-8aca-4523-9e85-52f4f3632356\.system_generated\steps\1122\
	    New File  		    1232	output.txt
	  New Dir          1	C:\Users\DannyGeminiAnti\.gemini\antigravity\brain\13d289c7-8aca-4523-9e85-52f4f3632356\.system_generated\steps\1125\
	    New File  		    2182	output.txt
	  New Dir          1	C:\Users\DannyGeminiAnti\.gemini\antigravity\brain\13d289c7-8aca-4523-9e85-52f4f3632356\.system_generated\steps\1127\
	    New File  		    4129	output.txt
	  New Dir          1	C:\Users\DannyGeminiAnti\.gemini\antigravity\brain\13d289c7-8aca-4523-9e85-52f4f3632356\.system_generated\steps\1131\
	    New File  		    1109	output.txt
	  New Dir          1	C:\Users\DannyGeminiAnti\.gemini\antigravity\brain\13d289c7-8aca-4523-9e85-52f4f3632356\.system_generated\steps\1137\
	    New File  		    2468	output.txt
	  New Dir          1	C:\Users\DannyGeminiAnti\.gemini\antigravity\brain\13d289c7-8aca-4523-9e85-52f4f3632356\.system_generated\steps\1139\
	    New File  		    8236	output.txt
	  New Dir          1	C:\Users\DannyGeminiAnti\.gemini\antigravity\brain\13d289c7-8aca-4523-9e85-52f4f3632356\.system_generated\steps\114\
	    New File  		     321	output.txt
	  New Dir          1	C:\Users\DannyGeminiAnti\.gemini\antigravity\brain\13d289c7-8aca-4523-9e85-52f4f3632356\.system_generated\steps\1141\
	    New File  		    8175	output.txt
	  New Dir          1	C:\Users\DannyGeminiAnti\.gemini\antigravity\brain\13d289c7-8aca-4523-9e85-52f4f3632356\.system_generated\steps\1144\
	    New File  		    1265	output.txt
	  New Dir          1	C:\Users\DannyGeminiAnti\.gemini\antigravity\brain\13d289c7-8aca-4523-9e85-52f4f3632356\.system_generated\steps\1146\
	    New File  		    1252	output.txt
	  New Dir          1	C:\Users\DannyGeminiAnti\.gemini\antigravity\brain\13d289c7-8aca-4523-9e85-52f4f3632356\.system_generated\steps\1151\
	    New File  		     486	output.txt
	  New Dir          1	C:\Users\DannyGeminiAnti\.gemini\antigravity\brain\13d289c7-8aca-4523-9e85-52f4f3632356\.system_generated\steps\1157\
	    New File  		    1901	output.txt
	  New Dir          1	C:\Users\DannyGeminiAnti\.gemini\antigravity\brain\13d289c7-8aca-4523-9e85-52f4f3632356\.system_generated\steps\1159\
	    New File  		    1768	output.txt
	  New Dir          1	C:\Users\DannyGeminiAnti\.gemini\antigravity\brain\13d289c7-8aca-4523-9e85-52f4f3632356\.system_generated\steps\116\
	    New File  		     274	output.txt
	  New Dir          1	C:\Users\DannyGeminiAnti\.gemini\antigravity\brain\13d289c7-8aca-4523-9e85-52f4f3632356\.system_generated\steps\1161\
	    New File  		     783	output.txt
	  New Dir          1	C:\Users\DannyGeminiAnti\.gemini\antigravity\brain\13d289c7-8aca-4523-9e85-52f4f3632356\.system_generated\steps\1163\
	    New File  		    1059	output.txt
	  New Dir          1	C:\Users\DannyGeminiAnti\.gemini\antigravity\brain\13d289c7-8aca-4523-9e85-52f4f3632356\.system_generated\steps\1165\
	    New File  		      51	output.txt
	  New Dir          1	C:\Users\DannyGeminiAnti\.gemini\antigravity\brain\13d289c7-8aca-4523-9e85-52f4f3632356\.system_generated\steps\1167\
	    New File  		      51	output.txt
	  New Dir          1	C:\Users\DannyGeminiAnti\.gemini\antigravity\brain\13d289c7-8aca-4523-9e85-52f4f3632356\.system_generated\steps\1169\
	    New File  		     333	output.txt
	  New Dir          1	C:\Users\DannyGeminiAnti\.gemini\antigravity\brain\13d289c7-8aca-4523-9e85-52f4f3632356\.system_generated\steps\1172\
	    New File  		    1937	output.txt
	  New Dir          1	C:\Users\DannyGeminiAnti\.gemini\antigravity\brain\13d289c7-8aca-4523-9e85-52f4f3632356\.system_generated\steps\1175\
	    New File  		      76	output.txt
	  New Dir          1	C:\Users\DannyGeminiAnti\.gemini\antigravity\brain\13d289c7-8aca-4523-9e85-52f4f3632356\.system_generated\steps\118\
	    New File  		    1644	output.txt
	  New Dir          1	C:\Users\DannyGeminiAnti\.gemini\antigravity\brain\13d289c7-8aca-4523-9e85-52f4f3632356\.system_generated\steps\1187\
	    New File  		     263	output.txt
	  New Dir          1	C:\Users\DannyGeminiAnti\.gemini\antigravity\brain\13d289c7-8aca-4523-9e85-52f4f3632356\.system_generated\steps\1189\
	    New File  		     340	output.txt
	                   1	C:\Users\DannyGeminiAnti\.gemini\antigravity\brain\13d289c7-8aca-4523-9e85-52f4f3632356\.system_generated\steps\12\
	  New Dir          1	C:\Users\DannyGeminiAnti\.gemini\antigravity\brain\13d289c7-8aca-4523-9e85-52f4f3632356\.system_generated\steps\120\
	    New File  		      51	output.txt
	  New Dir          1	C:\Users\DannyGeminiAnti\.gemini\antigravity\brain\13d289c7-8aca-4523-9e85-52f4f3632356\.system_generated\steps\1213\
	    New File  		     647	output.txt
	  New Dir          1	C:\Users\DannyGeminiAnti\.gemini\antigravity\brain\13d289c7-8aca-4523-9e85-52f4f3632356\.system_generated\steps\1215\
	    New File  		    2445	output.txt
	  New Dir          1	C:\Users\DannyGeminiAnti\.gemini\antigravity\brain\13d289c7-8aca-4523-9e85-52f4f3632356\.system_generated\steps\1217\
	    New File  		     936	output.txt
	  New Dir          1	C:\Users\DannyGeminiAnti\.gemini\antigravity\brain\13d289c7-8aca-4523-9e85-52f4f3632356\.system_generated\steps\1223\
	    New File  		    2871	output.txt
	  New Dir          1	C:\Users\DannyGeminiAnti\.gemini\antigravity\brain\13d289c7-8aca-4523-9e85-52f4f3632356\.system_generated\steps\1225\
	    New File  		    1702	output.txt
	  New Dir          1	C:\Users\DannyGeminiAnti\.gemini\antigravity\brain\13d289c7-8aca-4523-9e85-52f4f3632356\.system_generated\steps\1227\
	    New File  		     783	output.txt
	  New Dir          1	C:\Users\DannyGeminiAnti\.gemini\antigravity\brain\13d289c7-8aca-4523-9e85-52f4f3632356\.system_generated\steps\1229\
	    New File  		    1768	output.txt
	  New Dir          1	C:\Users\DannyGeminiAnti\.gemini\antigravity\brain\13d289c7-8aca-4523-9e85-52f4f3632356\.system_generated\steps\123\
	    New File  		    1842	output.txt
	  New Dir          1	C:\Users\DannyGeminiAnti\.gemini\antigravity\brain\13d289c7-8aca-4523-9e85-52f4f3632356\.system_generated\steps\1231\
	    New File  		    1059	output.txt
	  New Dir          1	C:\Users\DannyGeminiAnti\.gemini\antigravity\brain\13d289c7-8aca-4523-9e85-52f4f3632356\.system_generated\steps\1233\
	    New File  		      51	output.txt
	  New Dir          1	C:\Users\DannyGeminiAnti\.gemini\antigravity\brain\13d289c7-8aca-4523-9e85-52f4f3632356\.system_generated\steps\1235\
	    New File  		      51	output.txt
	  New Dir          1	C:\Users\DannyGeminiAnti\.gemini\antigravity\brain\13d289c7-8aca-4523-9e85-52f4f3632356\.system_generated\steps\1237\
	    New File  		     538	output.txt
	  New Dir          1	C:\Users\DannyGeminiAnti\.gemini\antigravity\brain\13d289c7-8aca-4523-9e85-52f4f3632356\.system_generated\steps\1240\
	    New File  		     944	output.txt
	  New Dir          1	C:\Users\DannyGeminiAnti\.gemini\antigravity\brain\13d289c7-8aca-4523-9e85-52f4f3632356\.system_generated\steps\1243\
	    New File  		      77	output.txt
	  New Dir          1	C:\Users\DannyGeminiAnti\.gemini\antigravity\brain\13d289c7-8aca-4523-9e85-52f4f3632356\.system_generated\steps\1254\
	    New File  		    1471	output.txt
	  New Dir          1	C:\Users\DannyGeminiAnti\.gemini\antigravity\brain\13d289c7-8aca-4523-9e85-52f4f3632356\.system_generated\steps\1256\
	    New File  		    1473	output.txt
	  New Dir          1	C:\Users\DannyGeminiAnti\.gemini\antigravity\brain\13d289c7-8aca-4523-9e85-52f4f3632356\.system_generated\steps\1258\
	    New File  		    1487	output.txt
	  New Dir          1	C:\Users\DannyGeminiAnti\.gemini\antigravity\brain\13d289c7-8aca-4523-9e85-52f4f3632356\.system_generated\steps\126\
	    New File  		      28	output.txt
	  New Dir          1	C:\Users\DannyGeminiAnti\.gemini\antigravity\brain\13d289c7-8aca-4523-9e85-52f4f3632356\.system_generated\steps\1260\
	    New File  		     783	output.txt
	  New Dir          1	C:\Users\DannyGeminiAnti\.gemini\antigravity\brain\13d289c7-8aca-4523-9e85-52f4f3632356\.system_generated\steps\1262\
	    New File  		    1768	output.txt
	  New Dir          1	C:\Users\DannyGeminiAnti\.gemini\antigravity\brain\13d289c7-8aca-4523-9e85-52f4f3632356\.system_generated\steps\1264\
	    New File  		    1059	output.txt
	  New Dir          1	C:\Users\DannyGeminiAnti\.gemini\antigravity\brain\13d289c7-8aca-4523-9e85-52f4f3632356\.system_generated\steps\1266\
	    New File  		      51	output.txt
	  New Dir          1	C:\Users\DannyGeminiAnti\.gemini\antigravity\brain\13d289c7-8aca-4523-9e85-52f4f3632356\.system_generated\steps\1268\
	    New File  		      51	output.txt
	  New Dir          1	C:\Users\DannyGeminiAnti\.gemini\antigravity\brain\13d289c7-8aca-4523-9e85-52f4f3632356\.system_generated\steps\1270\
	    New File  		     397	output.txt
	  New Dir          1	C:\Users\DannyGeminiAnti\.gemini\antigravity\brain\13d289c7-8aca-4523-9e85-52f4f3632356\.system_generated\steps\1273\
	    New File  		     924	output.txt
	  New Dir          1	C:\Users\DannyGeminiAnti\.gemini\antigravity\brain\13d289c7-8aca-4523-9e85-52f4f3632356\.system_generated\steps\1276\
	    New File  		      77	output.txt
	  New Dir          1	C:\Users\DannyGeminiAnti\.gemini\antigravity\brain\13d289c7-8aca-4523-9e85-52f4f3632356\.system_generated\steps\1287\
	    New File  		     485	output.txt
	  New Dir          1	C:\Users\DannyGeminiAnti\.gemini\antigravity\brain\13d289c7-8aca-4523-9e85-52f4f3632356\.system_generated\steps\1293\
	    New File  		    2226	output.txt
	  New Dir          1	C:\Users\DannyGeminiAnti\.gemini\antigravity\brain\13d289c7-8aca-4523-9e85-52f4f3632356\.system_generated\steps\1297\
	    New File  		    1681	output.txt
	  New Dir          1	C:\Users\DannyGeminiAnti\.gemini\antigravity\brain\13d289c7-8aca-4523-9e85-52f4f3632356\.system_generated\steps\1299\
	    New File  		     636	output.txt
	  New Dir          1	C:\Users\DannyGeminiAnti\.gemini\antigravity\brain\13d289c7-8aca-4523-9e85-52f4f3632356\.system_generated\steps\130\
	    New File  		      51	output.txt
	  New Dir          1	C:\Users\DannyGeminiAnti\.gemini\antigravity\brain\13d289c7-8aca-4523-9e85-52f4f3632356\.system_generated\steps\1301\
	    New File  		     280	output.txt
	  New Dir          1	C:\Users\DannyGeminiAnti\.gemini\antigravity\brain\13d289c7-8aca-4523-9e85-52f4f3632356\.system_generated\steps\1303\
	    New File  		    8216	output.txt
	  New Dir          1	C:\Users\DannyGeminiAnti\.gemini\antigravity\brain\13d289c7-8aca-4523-9e85-52f4f3632356\.system_generated\steps\1305\
	    New File  		      51	output.txt
	  New Dir          1	C:\Users\DannyGeminiAnti\.gemini\antigravity\brain\13d289c7-8aca-4523-9e85-52f4f3632356\.system_generated\steps\1307\
	    New File  		    1709	output.txt
	  New Dir          1	C:\Users\DannyGeminiAnti\.gemini\antigravity\brain\13d289c7-8aca-4523-9e85-52f4f3632356\.system_generated\steps\1311\
	    New File  		    6383	output.txt
	  New Dir          1	C:\Users\DannyGeminiAnti\.gemini\antigravity\brain\13d289c7-8aca-4523-9e85-52f4f3632356\.system_generated\steps\1315\
	    New File  		     244	output.txt
	  New Dir          1	C:\Users\DannyGeminiAnti\.gemini\antigravity\brain\13d289c7-8aca-4523-9e85-52f4f3632356\.system_generated\steps\1319\
	    New File  		     786	output.txt
	  New Dir          1	C:\Users\DannyGeminiAnti\.gemini\antigravity\brain\13d289c7-8aca-4523-9e85-52f4f3632356\.system_generated\steps\1323\
	    New File  		     861	output.txt
	  New Dir          1	C:\Users\DannyGeminiAnti\.gemini\antigravity\brain\13d289c7-8aca-4523-9e85-52f4f3632356\.system_generated\steps\1329\
	    New File  		    1779	output.txt
	  New Dir          1	C:\Users\DannyGeminiAnti\.gemini\antigravity\brain\13d289c7-8aca-4523-9e85-52f4f3632356\.system_generated\steps\133\
	    New File  		     853	output.txt
	  New Dir          1	C:\Users\DannyGeminiAnti\.gemini\antigravity\brain\13d289c7-8aca-4523-9e85-52f4f3632356\.system_generated\steps\1331\
	    New File  		    2253	output.txt
	  New Dir          1	C:\Users\DannyGeminiAnti\.gemini\antigravity\brain\13d289c7-8aca-4523-9e85-52f4f3632356\.system_generated\steps\1335\
	    New File  		     891	output.txt
	  New Dir          1	C:\Users\DannyGeminiAnti\.gemini\antigravity\brain\13d289c7-8aca-4523-9e85-52f4f3632356\.system_generated\steps\1339\
	    New File  		    1062	output.txt
	  New Dir          1	C:\Users\DannyGeminiAnti\.gemini\antigravity\brain\13d289c7-8aca-4523-9e85-52f4f3632356\.system_generated\steps\1343\
	    New File  		     917	output.txt
	  New Dir          1	C:\Users\DannyGeminiAnti\.gemini\antigravity\brain\13d289c7-8aca-4523-9e85-52f4f3632356\.system_generated\steps\1345\
	    New File  		    2037	output.txt
	  New Dir          1	C:\Users\DannyGeminiAnti\.gemini\antigravity\brain\13d289c7-8aca-4523-9e85-52f4f3632356\.system_generated\steps\1349\
	    New File  		    3826	output.txt
	  New Dir          1	C:\Users\DannyGeminiAnti\.gemini\antigravity\brain\13d289c7-8aca-4523-9e85-52f4f3632356\.system_generated\steps\135\
	    New File  		    1393	output.txt
	  New Dir          1	C:\Users\DannyGeminiAnti\.gemini\antigravity\brain\13d289c7-8aca-4523-9e85-52f4f3632356\.system_generated\steps\1353\
	    New File  		    2535	output.txt
	  New Dir          1	C:\Users\DannyGeminiAnti\.gemini\antigravity\brain\13d289c7-8aca-4523-9e85-52f4f3632356\.system_generated\steps\1359\
	    New File  		    6328	output.txt
	  New Dir          1	C:\Users\DannyGeminiAnti\.gemini\antigravity\brain\13d289c7-8aca-4523-9e85-52f4f3632356\.system_generated\steps\1363\
	    New File  		    1276	output.txt
	  New Dir          1	C:\Users\DannyGeminiAnti\.gemini\antigravity\brain\13d289c7-8aca-4523-9e85-52f4f3632356\.system_generated\steps\137\
	    New File  		    1727	output.txt
	  New Dir          1	C:\Users\DannyGeminiAnti\.gemini\antigravity\brain\13d289c7-8aca-4523-9e85-52f4f3632356\.system_generated\steps\1373\
	    New File  		    1158	output.txt
	  New Dir          1	C:\Users\DannyGeminiAnti\.gemini\antigravity\brain\13d289c7-8aca-4523-9e85-52f4f3632356\.system_generated\steps\1375\
	    New File  		    1158	output.txt
	  New Dir          1	C:\Users\DannyGeminiAnti\.gemini\antigravity\brain\13d289c7-8aca-4523-9e85-52f4f3632356\.system_generated\steps\1377\
	    New File  		    5869	output.txt
	  New Dir          1	C:\Users\DannyGeminiAnti\.gemini\antigravity\brain\13d289c7-8aca-4523-9e85-52f4f3632356\.system_generated\steps\1379\
	    New File  		    1903	output.txt
	  New Dir          1	C:\Users\DannyGeminiAnti\.gemini\antigravity\brain\13d289c7-8aca-4523-9e85-52f4f3632356\.system_generated\steps\1383\
	    New File  		    2106	output.txt
	  New Dir          1	C:\Users\DannyGeminiAnti\.gemini\antigravity\brain\13d289c7-8aca-4523-9e85-52f4f3632356\.system_generated\steps\1387\
	    New File  		     739	output.txt
	  New Dir          1	C:\Users\DannyGeminiAnti\.gemini\antigravity\brain\13d289c7-8aca-4523-9e85-52f4f3632356\.system_generated\steps\139\
	    New File  		    1401	output.txt
	  New Dir          1	C:\Users\DannyGeminiAnti\.gemini\antigravity\brain\13d289c7-8aca-4523-9e85-52f4f3632356\.system_generated\steps\1395\
	    New File  		     939	output.txt
	  New Dir          1	C:\Users\DannyGeminiAnti\.gemini\antigravity\brain\13d289c7-8aca-4523-9e85-52f4f3632356\.system_generated\steps\1397\
	    New File  		     939	output.txt
	                   1	C:\Users\DannyGeminiAnti\.gemini\antigravity\brain\13d289c7-8aca-4523-9e85-52f4f3632356\.system_generated\steps\14\
	  New Dir          1	C:\Users\DannyGeminiAnti\.gemini\antigravity\brain\13d289c7-8aca-4523-9e85-52f4f3632356\.system_generated\steps\141\
	    New File  		     235	output.txt
	  New Dir          1	C:\Users\DannyGeminiAnti\.gemini\antigravity\brain\13d289c7-8aca-4523-9e85-52f4f3632356\.system_generated\steps\1412\
	    New File  		     554	output.txt
	  New Dir          1	C:\Users\DannyGeminiAnti\.gemini\antigravity\brain\13d289c7-8aca-4523-9e85-52f4f3632356\.system_generated\steps\1426\
	    New File  		    3663	output.txt
	  New Dir          1	C:\Users\DannyGeminiAnti\.gemini\antigravity\brain\13d289c7-8aca-4523-9e85-52f4f3632356\.system_generated\steps\143\
	    New File  		     395	output.txt
	  New Dir          1	C:\Users\DannyGeminiAnti\.gemini\antigravity\brain\13d289c7-8aca-4523-9e85-52f4f3632356\.system_generated\steps\1430\
	    New File  		    4764	output.txt
	  New Dir          1	C:\Users\DannyGeminiAnti\.gemini\antigravity\brain\13d289c7-8aca-4523-9e85-52f4f3632356\.system_generated\steps\1436\
	    New File  		     531	output.txt
	  New Dir          1	C:\Users\DannyGeminiAnti\.gemini\antigravity\brain\13d289c7-8aca-4523-9e85-52f4f3632356\.system_generated\steps\1438\
	    New File  		    2257	output.txt
	  New Dir          1	C:\Users\DannyGeminiAnti\.gemini\antigravity\brain\13d289c7-8aca-4523-9e85-52f4f3632356\.system_generated\steps\1456\
	    New File  		     158	output.txt
	  New Dir          1	C:\Users\DannyGeminiAnti\.gemini\antigravity\brain\13d289c7-8aca-4523-9e85-52f4f3632356\.system_generated\steps\1460\
	    New File  		     927	output.txt
	  New Dir          1	C:\Users\DannyGeminiAnti\.gemini\antigravity\brain\13d289c7-8aca-4523-9e85-52f4f3632356\.system_generated\steps\1464\
	    New File  		    1231	output.txt
	  New Dir          1	C:\Users\DannyGeminiAnti\.gemini\antigravity\brain\13d289c7-8aca-4523-9e85-52f4f3632356\.system_generated\steps\1468\
	    New File  		    1214	output.txt
	  New Dir          1	C:\Users\DannyGeminiAnti\.gemini\antigravity\brain\13d289c7-8aca-4523-9e85-52f4f3632356\.system_generated\steps\147\
	    New File  		     793	output.txt
	  New Dir          1	C:\Users\DannyGeminiAnti\.gemini\antigravity\brain\13d289c7-8aca-4523-9e85-52f4f3632356\.system_generated\steps\1472\
	    New File  		    1299	output.txt
	  New Dir          1	C:\Users\DannyGeminiAnti\.gemini\antigravity\brain\13d289c7-8aca-4523-9e85-52f4f3632356\.system_generated\steps\1476\
	    New File  		    1302	output.txt
	  New Dir          1	C:\Users\DannyGeminiAnti\.gemini\antigravity\brain\13d289c7-8aca-4523-9e85-52f4f3632356\.system_generated\steps\1482\
	    New File  		    1314	output.txt
	  New Dir          1	C:\Users\DannyGeminiAnti\.gemini\antigravity\brain\13d289c7-8aca-4523-9e85-52f4f3632356\.system_generated\steps\1486\
	    New File  		    1690	output.txt
	  New Dir          1	C:\Users\DannyGeminiAnti\.gemini\antigravity\brain\13d289c7-8aca-4523-9e85-52f4f3632356\.system_generated\steps\149\
	    New File  		      51	output.txt
	  New Dir          1	C:\Users\DannyGeminiAnti\.gemini\antigravity\brain\13d289c7-8aca-4523-9e85-52f4f3632356\.system_generated\steps\1490\
	    New File  		    1603	output.txt
	  New Dir          1	C:\Users\DannyGeminiAnti\.gemini\antigravity\brain\13d289c7-8aca-4523-9e85-52f4f3632356\.system_generated\steps\1496\
	    New File  		    3459	output.txt
	  New Dir          1	C:\Users\DannyGeminiAnti\.gemini\antigravity\brain\13d289c7-8aca-4523-9e85-52f4f3632356\.system_generated\steps\1500\
	    New File  		    1354	output.txt
	  New Dir          1	C:\Users\DannyGeminiAnti\.gemini\antigravity\brain\13d289c7-8aca-4523-9e85-52f4f3632356\.system_generated\steps\1504\
	    New File  		    4611	output.txt
	  New Dir          1	C:\Users\DannyGeminiAnti\.gemini\antigravity\brain\13d289c7-8aca-4523-9e85-52f4f3632356\.system_generated\steps\1508\
	    New File  		     990	output.txt
	  New Dir          1	C:\Users\DannyGeminiAnti\.gemini\antigravity\brain\13d289c7-8aca-4523-9e85-52f4f3632356\.system_generated\steps\151\
	    New File  		      51	output.txt
	  New Dir          1	C:\Users\DannyGeminiAnti\.gemini\antigravity\brain\13d289c7-8aca-4523-9e85-52f4f3632356\.system_generated\steps\1514\
	    New File  		     783	output.txt
	  New Dir          1	C:\Users\DannyGeminiAnti\.gemini\antigravity\brain\13d289c7-8aca-4523-9e85-52f4f3632356\.system_generated\steps\1516\
	    New File  		    1768	output.txt
	  New Dir          1	C:\Users\DannyGeminiAnti\.gemini\antigravity\brain\13d289c7-8aca-4523-9e85-52f4f3632356\.system_generated\steps\1518\
	    New File  		    1059	output.txt
	  New Dir          1	C:\Users\DannyGeminiAnti\.gemini\antigravity\brain\13d289c7-8aca-4523-9e85-52f4f3632356\.system_generated\steps\1520\
	    New File  		      51	output.txt
	  New Dir          1	C:\Users\DannyGeminiAnti\.gemini\antigravity\brain\13d289c7-8aca-4523-9e85-52f4f3632356\.system_generated\steps\1522\
	    New File  		     219	output.txt
	  New Dir          1	C:\Users\DannyGeminiAnti\.gemini\antigravity\brain\13d289c7-8aca-4523-9e85-52f4f3632356\.system_generated\steps\1524\
	    New File  		    1501	output.txt
	  New Dir          1	C:\Users\DannyGeminiAnti\.gemini\antigravity\brain\13d289c7-8aca-4523-9e85-52f4f3632356\.system_generated\steps\1526\
	    New File  		     216	output.txt
	  New Dir          1	C:\Users\DannyGeminiAnti\.gemini\antigravity\brain\13d289c7-8aca-4523-9e85-52f4f3632356\.system_generated\steps\1528\
	    New File  		     629	output.txt
	  New Dir          1	C:\Users\DannyGeminiAnti\.gemini\antigravity\brain\13d289c7-8aca-4523-9e85-52f4f3632356\.system_generated\steps\1530\
	    New File  		     836	output.txt
	  New Dir          1	C:\Users\DannyGeminiAnti\.gemini\antigravity\brain\13d289c7-8aca-4523-9e85-52f4f3632356\.system_generated\steps\1532\
	    New File  		     536	output.txt
	  New Dir          1	C:\Users\DannyGeminiAnti\.gemini\antigravity\brain\13d289c7-8aca-4523-9e85-52f4f3632356\.system_generated\steps\1534\
	    New File  		     541	output.txt
	  New Dir          1	C:\Users\DannyGeminiAnti\.gemini\antigravity\brain\13d289c7-8aca-4523-9e85-52f4f3632356\.system_generated\steps\1536\
	    New File  		    4853	output.txt
	  New Dir          1	C:\Users\DannyGeminiAnti\.gemini\antigravity\brain\13d289c7-8aca-4523-9e85-52f4f3632356\.system_generated\steps\1538\
	    New File  		     762	output.txt
	  New Dir          1	C:\Users\DannyGeminiAnti\.gemini\antigravity\brain\13d289c7-8aca-4523-9e85-52f4f3632356\.system_generated\steps\1542\
	    New File  		     441	output.txt
	  New Dir          1	C:\Users\DannyGeminiAnti\.gemini\antigravity\brain\13d289c7-8aca-4523-9e85-52f4f3632356\.system_generated\steps\1546\
	    New File  		     125	output.txt
	  New Dir          1	C:\Users\DannyGeminiAnti\.gemini\antigravity\brain\13d289c7-8aca-4523-9e85-52f4f3632356\.system_generated\steps\1548\
	    New File  		     778	output.txt
	  New Dir          1	C:\Users\DannyGeminiAnti\.gemini\antigravity\brain\13d289c7-8aca-4523-9e85-52f4f3632356\.system_generated\steps\155\
	    New File  		    1334	output.txt
	  New Dir          1	C:\Users\DannyGeminiAnti\.gemini\antigravity\brain\13d289c7-8aca-4523-9e85-52f4f3632356\.system_generated\steps\1550\
	    New File  		     221	output.txt
	  New Dir          1	C:\Users\DannyGeminiAnti\.gemini\antigravity\brain\13d289c7-8aca-4523-9e85-52f4f3632356\.system_generated\steps\1552\
	    New File  		     830	output.txt
	  New Dir          1	C:\Users\DannyGeminiAnti\.gemini\antigravity\brain\13d289c7-8aca-4523-9e85-52f4f3632356\.system_generated\steps\1554\
	    New File  		     660	output.txt
	  New Dir          1	C:\Users\DannyGeminiAnti\.gemini\antigravity\brain\13d289c7-8aca-4523-9e85-52f4f3632356\.system_generated\steps\1556\
	    New File  		    2983	output.txt
	  New Dir          1	C:\Users\DannyGeminiAnti\.gemini\antigravity\brain\13d289c7-8aca-4523-9e85-52f4f3632356\.system_generated\steps\1558\
	    New File  		     225	output.txt
	  New Dir          1	C:\Users\DannyGeminiAnti\.gemini\antigravity\brain\13d289c7-8aca-4523-9e85-52f4f3632356\.system_generated\steps\1560\
	    New File  		    4614	output.txt
	  New Dir          1	C:\Users\DannyGeminiAnti\.gemini\antigravity\brain\13d289c7-8aca-4523-9e85-52f4f3632356\.system_generated\steps\1562\
	    New File  		     220	output.txt
	  New Dir          1	C:\Users\DannyGeminiAnti\.gemini\antigravity\brain\13d289c7-8aca-4523-9e85-52f4f3632356\.system_generated\steps\1564\
	    New File  		    2735	output.txt
	  New Dir          1	C:\Users\DannyGeminiAnti\.gemini\antigravity\brain\13d289c7-8aca-4523-9e85-52f4f3632356\.system_generated\steps\157\
	    New File  		      51	output.txt
	  New Dir          1	C:\Users\DannyGeminiAnti\.gemini\antigravity\brain\13d289c7-8aca-4523-9e85-52f4f3632356\.system_generated\steps\1584\
	    New File  		     274	output.txt
	  New Dir          1	C:\Users\DannyGeminiAnti\.gemini\antigravity\brain\13d289c7-8aca-4523-9e85-52f4f3632356\.system_generated\steps\1586\
	    New File  		     857	output.txt
	  New Dir          1	C:\Users\DannyGeminiAnti\.gemini\antigravity\brain\13d289c7-8aca-4523-9e85-52f4f3632356\.system_generated\steps\1590\
	    New File  		     228	output.txt
	  New Dir          1	C:\Users\DannyGeminiAnti\.gemini\antigravity\brain\13d289c7-8aca-4523-9e85-52f4f3632356\.system_generated\steps\1592\
	    New File  		      80	output.txt
	  New Dir          1	C:\Users\DannyGeminiAnti\.gemini\antigravity\brain\13d289c7-8aca-4523-9e85-52f4f3632356\.system_generated\steps\1594\
	    New File  		     406	output.txt
	  New Dir          1	C:\Users\DannyGeminiAnti\.gemini\antigravity\brain\13d289c7-8aca-4523-9e85-52f4f3632356\.system_generated\steps\1598\
	    New File  		    2160	output.txt
	                   1	C:\Users\DannyGeminiAnti\.gemini\antigravity\brain\13d289c7-8aca-4523-9e85-52f4f3632356\.system_generated\steps\16\
	  New Dir          1	C:\Users\DannyGeminiAnti\.gemini\antigravity\brain\13d289c7-8aca-4523-9e85-52f4f3632356\.system_generated\steps\1602\
	    New File  		    2864	output.txt
	  New Dir          1	C:\Users\DannyGeminiAnti\.gemini\antigravity\brain\13d289c7-8aca-4523-9e85-52f4f3632356\.system_generated\steps\1604\
	    New File  		     226	output.txt
	  New Dir          1	C:\Users\DannyGeminiAnti\.gemini\antigravity\brain\13d289c7-8aca-4523-9e85-52f4f3632356\.system_generated\steps\1606\
	    New File  		     106	output.txt
	  New Dir          1	C:\Users\DannyGeminiAnti\.gemini\antigravity\brain\13d289c7-8aca-4523-9e85-52f4f3632356\.system_generated\steps\1608\
	    New File  		    1140	output.txt
	  New Dir          1	C:\Users\DannyGeminiAnti\.gemini\antigravity\brain\13d289c7-8aca-4523-9e85-52f4f3632356\.system_generated\steps\1616\
	    New File  		     226	output.txt
	  New Dir          1	C:\Users\DannyGeminiAnti\.gemini\antigravity\brain\13d289c7-8aca-4523-9e85-52f4f3632356\.system_generated\steps\1618\
	    New File  		    1094	output.txt
	  New Dir          1	C:\Users\DannyGeminiAnti\.gemini\antigravity\brain\13d289c7-8aca-4523-9e85-52f4f3632356\.system_generated\steps\162\
	    New File  		    1523	output.txt
	  New Dir          1	C:\Users\DannyGeminiAnti\.gemini\antigravity\brain\13d289c7-8aca-4523-9e85-52f4f3632356\.system_generated\steps\1620\
	    New File  		    1375	output.txt
	  New Dir          1	C:\Users\DannyGeminiAnti\.gemini\antigravity\brain\13d289c7-8aca-4523-9e85-52f4f3632356\.system_generated\steps\1622\
	    New File  		      89	output.txt
	  New Dir          1	C:\Users\DannyGeminiAnti\.gemini\antigravity\brain\13d289c7-8aca-4523-9e85-52f4f3632356\.system_generated\steps\1624\
	    New File  		    3315	output.txt
	  New Dir          1	C:\Users\DannyGeminiAnti\.gemini\antigravity\brain\13d289c7-8aca-4523-9e85-52f4f3632356\.system_generated\steps\1628\
	    New File  		    1513	output.txt
	  New Dir          1	C:\Users\DannyGeminiAnti\.gemini\antigravity\brain\13d289c7-8aca-4523-9e85-52f4f3632356\.system_generated\steps\1630\
	    New File  		     233	output.txt
	  New Dir          1	C:\Users\DannyGeminiAnti\.gemini\antigravity\brain\13d289c7-8aca-4523-9e85-52f4f3632356\.system_generated\steps\1632\
	    New File  		      91	output.txt
	  New Dir          1	C:\Users\DannyGeminiAnti\.gemini\antigravity\brain\13d289c7-8aca-4523-9e85-52f4f3632356\.system_generated\steps\1634\
	    New File  		    1676	output.txt
	  New Dir          1	C:\Users\DannyGeminiAnti\.gemini\antigravity\brain\13d289c7-8aca-4523-9e85-52f4f3632356\.system_generated\steps\164\
	    New File  		     507	output.txt
	  New Dir          1	C:\Users\DannyGeminiAnti\.gemini\antigravity\brain\13d289c7-8aca-4523-9e85-52f4f3632356\.system_generated\steps\1640\
	    New File  		     229	output.txt
	  New Dir          1	C:\Users\DannyGeminiAnti\.gemini\antigravity\brain\13d289c7-8aca-4523-9e85-52f4f3632356\.system_generated\steps\1642\
	    New File  		      90	output.txt
	  New Dir          1	C:\Users\DannyGeminiAnti\.gemini\antigravity\brain\13d289c7-8aca-4523-9e85-52f4f3632356\.system_generated\steps\1644\
	    New File  		     976	output.txt
	  New Dir          1	C:\Users\DannyGeminiAnti\.gemini\antigravity\brain\13d289c7-8aca-4523-9e85-52f4f3632356\.system_generated\steps\1648\
	    New File  		     929	output.txt
	  New Dir          1	C:\Users\DannyGeminiAnti\.gemini\antigravity\brain\13d289c7-8aca-4523-9e85-52f4f3632356\.system_generated\steps\1650\
	    New File  		    1466	output.txt
	  New Dir          1	C:\Users\DannyGeminiAnti\.gemini\antigravity\brain\13d289c7-8aca-4523-9e85-52f4f3632356\.system_generated\steps\1656\
	    New File  		    1274	output.txt
	  New Dir          1	C:\Users\DannyGeminiAnti\.gemini\antigravity\brain\13d289c7-8aca-4523-9e85-52f4f3632356\.system_generated\steps\166\
	    New File  		    2134	output.txt
	  New Dir          1	C:\Users\DannyGeminiAnti\.gemini\antigravity\brain\13d289c7-8aca-4523-9e85-52f4f3632356\.system_generated\steps\1660\
	    New File  		     923	output.txt
	  New Dir          1	C:\Users\DannyGeminiAnti\.gemini\antigravity\brain\13d289c7-8aca-4523-9e85-52f4f3632356\.system_generated\steps\1664\
	    New File  		     804	output.txt
	  New Dir          1	C:\Users\DannyGeminiAnti\.gemini\antigravity\brain\13d289c7-8aca-4523-9e85-52f4f3632356\.system_generated\steps\1668\
	    New File  		     227	output.txt
	  New Dir          1	C:\Users\DannyGeminiAnti\.gemini\antigravity\brain\13d289c7-8aca-4523-9e85-52f4f3632356\.system_generated\steps\1670\
	    New File  		      69	output.txt
	  New Dir          1	C:\Users\DannyGeminiAnti\.gemini\antigravity\brain\13d289c7-8aca-4523-9e85-52f4f3632356\.system_generated\steps\1674\
	    New File  		     854	output.txt
	  New Dir          1	C:\Users\DannyGeminiAnti\.gemini\antigravity\brain\13d289c7-8aca-4523-9e85-52f4f3632356\.system_generated\steps\1676\
	    New File  		     803	output.txt
	  New Dir          1	C:\Users\DannyGeminiAnti\.gemini\antigravity\brain\13d289c7-8aca-4523-9e85-52f4f3632356\.system_generated\steps\1678\
	    New File  		     769	output.txt
	  New Dir          1	C:\Users\DannyGeminiAnti\.gemini\antigravity\brain\13d289c7-8aca-4523-9e85-52f4f3632356\.system_generated\steps\1680\
	    New File  		      51	output.txt
	  New Dir          1	C:\Users\DannyGeminiAnti\.gemini\antigravity\brain\13d289c7-8aca-4523-9e85-52f4f3632356\.system_generated\steps\1684\
	    New File  		     783	output.txt
	  New Dir          1	C:\Users\DannyGeminiAnti\.gemini\antigravity\brain\13d289c7-8aca-4523-9e85-52f4f3632356\.system_generated\steps\1688\
	    New File  		    1768	output.txt
	  New Dir          1	C:\Users\DannyGeminiAnti\.gemini\antigravity\brain\13d289c7-8aca-4523-9e85-52f4f3632356\.system_generated\steps\1690\
	    New File  		    1059	output.txt
	  New Dir          1	C:\Users\DannyGeminiAnti\.gemini\antigravity\brain\13d289c7-8aca-4523-9e85-52f4f3632356\.system_generated\steps\1692\
	    New File  		      51	output.txt
	  New Dir          1	C:\Users\DannyGeminiAnti\.gemini\antigravity\brain\13d289c7-8aca-4523-9e85-52f4f3632356\.system_generated\steps\1694\
	    New File  		    1842	output.txt
	  New Dir          1	C:\Users\DannyGeminiAnti\.gemini\antigravity\brain\13d289c7-8aca-4523-9e85-52f4f3632356\.system_generated\steps\1696\
	    New File  		     216	output.txt
	  New Dir          1	C:\Users\DannyGeminiAnti\.gemini\antigravity\brain\13d289c7-8aca-4523-9e85-52f4f3632356\.system_generated\steps\1698\
	    New File  		    1335	output.txt
	  New Dir          1	C:\Users\DannyGeminiAnti\.gemini\antigravity\brain\13d289c7-8aca-4523-9e85-52f4f3632356\.system_generated\steps\170\
	    New File  		    2785	output.txt
	  New Dir          1	C:\Users\DannyGeminiAnti\.gemini\antigravity\brain\13d289c7-8aca-4523-9e85-52f4f3632356\.system_generated\steps\1700\
	    New File  		     406	output.txt
	  New Dir          1	C:\Users\DannyGeminiAnti\.gemini\antigravity\brain\13d289c7-8aca-4523-9e85-52f4f3632356\.system_generated\steps\1702\
	    New File  		     541	output.txt
	  New Dir          1	C:\Users\DannyGeminiAnti\.gemini\antigravity\brain\13d289c7-8aca-4523-9e85-52f4f3632356\.system_generated\steps\1704\
	    New File  		     773	output.txt
	  New Dir          1	C:\Users\DannyGeminiAnti\.gemini\antigravity\brain\13d289c7-8aca-4523-9e85-52f4f3632356\.system_generated\steps\1714\
	    New File  		     184	output.txt
	  New Dir          1	C:\Users\DannyGeminiAnti\.gemini\antigravity\brain\13d289c7-8aca-4523-9e85-52f4f3632356\.system_generated\steps\1716\
	    New File  		     649	output.txt
	  New Dir          1	C:\Users\DannyGeminiAnti\.gemini\antigravity\brain\13d289c7-8aca-4523-9e85-52f4f3632356\.system_generated\steps\172\
	    New File  		    2178	output.txt
	  New Dir          1	C:\Users\DannyGeminiAnti\.gemini\antigravity\brain\13d289c7-8aca-4523-9e85-52f4f3632356\.system_generated\steps\174\
	    New File  		    8237	output.txt
	  New Dir          1	C:\Users\DannyGeminiAnti\.gemini\antigravity\brain\13d289c7-8aca-4523-9e85-52f4f3632356\.system_generated\steps\1753\
	    New File  		    1845	output.txt
	  New Dir          1	C:\Users\DannyGeminiAnti\.gemini\antigravity\brain\13d289c7-8aca-4523-9e85-52f4f3632356\.system_generated\steps\1755\
	    New File  		    1981	output.txt
	  New Dir          1	C:\Users\DannyGeminiAnti\.gemini\antigravity\brain\13d289c7-8aca-4523-9e85-52f4f3632356\.system_generated\steps\176\
	    New File  		      51	output.txt
	  New Dir          1	C:\Users\DannyGeminiAnti\.gemini\antigravity\brain\13d289c7-8aca-4523-9e85-52f4f3632356\.system_generated\steps\1761\
	    New File  		     199	output.txt
	  New Dir          1	C:\Users\DannyGeminiAnti\.gemini\antigravity\brain\13d289c7-8aca-4523-9e85-52f4f3632356\.system_generated\steps\1765\
	    New File  		    1689	output.txt
	  New Dir          1	C:\Users\DannyGeminiAnti\.gemini\antigravity\brain\13d289c7-8aca-4523-9e85-52f4f3632356\.system_generated\steps\1767\
	    New File  		    1691	output.txt
	  New Dir          1	C:\Users\DannyGeminiAnti\.gemini\antigravity\brain\13d289c7-8aca-4523-9e85-52f4f3632356\.system_generated\steps\1771\
	    New File  		    2364	output.txt
	  New Dir          1	C:\Users\DannyGeminiAnti\.gemini\antigravity\brain\13d289c7-8aca-4523-9e85-52f4f3632356\.system_generated\steps\1773\
	    New File  		     199	output.txt
	  New Dir          1	C:\Users\DannyGeminiAnti\.gemini\antigravity\brain\13d289c7-8aca-4523-9e85-52f4f3632356\.system_generated\steps\1777\
	    New File  		     199	output.txt
	  New Dir          1	C:\Users\DannyGeminiAnti\.gemini\antigravity\brain\13d289c7-8aca-4523-9e85-52f4f3632356\.system_generated\steps\1779\
	    New File  		     544	output.txt
	  New Dir          1	C:\Users\DannyGeminiAnti\.gemini\antigravity\brain\13d289c7-8aca-4523-9e85-52f4f3632356\.system_generated\steps\178\
	    New File  		    2906	output.txt
	  New Dir          1	C:\Users\DannyGeminiAnti\.gemini\antigravity\brain\13d289c7-8aca-4523-9e85-52f4f3632356\.system_generated\steps\1783\
	    New File  		    1746	output.txt
	  New Dir          1	C:\Users\DannyGeminiAnti\.gemini\antigravity\brain\13d289c7-8aca-4523-9e85-52f4f3632356\.system_generated\steps\1785\
	    New File  		      63	output.txt
	  New Dir          1	C:\Users\DannyGeminiAnti\.gemini\antigravity\brain\13d289c7-8aca-4523-9e85-52f4f3632356\.system_generated\steps\1787\
	    New File  		     932	output.txt
	  New Dir          1	C:\Users\DannyGeminiAnti\.gemini\antigravity\brain\13d289c7-8aca-4523-9e85-52f4f3632356\.system_generated\steps\1789\
	    New File  		     110	output.txt
	  New Dir          1	C:\Users\DannyGeminiAnti\.gemini\antigravity\brain\13d289c7-8aca-4523-9e85-52f4f3632356\.system_generated\steps\1793\
	    New File  		    5054	output.txt
	  New Dir          1	C:\Users\DannyGeminiAnti\.gemini\antigravity\brain\13d289c7-8aca-4523-9e85-52f4f3632356\.system_generated\steps\1795\
	    New File  		     220	output.txt
	  New Dir          1	C:\Users\DannyGeminiAnti\.gemini\antigravity\brain\13d289c7-8aca-4523-9e85-52f4f3632356\.system_generated\steps\1797\
	    New File  		     113	output.txt
	                   1	C:\Users\DannyGeminiAnti\.gemini\antigravity\brain\13d289c7-8aca-4523-9e85-52f4f3632356\.system_generated\steps\18\
	  New Dir          1	C:\Users\DannyGeminiAnti\.gemini\antigravity\brain\13d289c7-8aca-4523-9e85-52f4f3632356\.system_generated\steps\180\
	    New File  		      51	output.txt
	  New Dir          1	C:\Users\DannyGeminiAnti\.gemini\antigravity\brain\13d289c7-8aca-4523-9e85-52f4f3632356\.system_generated\steps\1803\
	    New File  		      88	output.txt
	  New Dir          1	C:\Users\DannyGeminiAnti\.gemini\antigravity\brain\13d289c7-8aca-4523-9e85-52f4f3632356\.system_generated\steps\1809\
	    New File  		      71	output.txt
	  New Dir          1	C:\Users\DannyGeminiAnti\.gemini\antigravity\brain\13d289c7-8aca-4523-9e85-52f4f3632356\.system_generated\steps\1811\
	    New File  		    1059	output.txt
	  New Dir          1	C:\Users\DannyGeminiAnti\.gemini\antigravity\brain\13d289c7-8aca-4523-9e85-52f4f3632356\.system_generated\steps\1813\
	    New File  		      80	output.txt
	  New Dir          1	C:\Users\DannyGeminiAnti\.gemini\antigravity\brain\13d289c7-8aca-4523-9e85-52f4f3632356\.system_generated\steps\1815\
	    New File  		     524	output.txt
	  New Dir          1	C:\Users\DannyGeminiAnti\.gemini\antigravity\brain\13d289c7-8aca-4523-9e85-52f4f3632356\.system_generated\steps\1817\
	    New File  		     448	output.txt
	  New Dir          1	C:\Users\DannyGeminiAnti\.gemini\antigravity\brain\13d289c7-8aca-4523-9e85-52f4f3632356\.system_generated\steps\1819\
	    New File  		     662	output.txt
	  New Dir          1	C:\Users\DannyGeminiAnti\.gemini\antigravity\brain\13d289c7-8aca-4523-9e85-52f4f3632356\.system_generated\steps\182\
	    New File  		    1454	output.txt
	  New Dir          1	C:\Users\DannyGeminiAnti\.gemini\antigravity\brain\13d289c7-8aca-4523-9e85-52f4f3632356\.system_generated\steps\1821\
	    New File  		     696	output.txt
	  New Dir          1	C:\Users\DannyGeminiAnti\.gemini\antigravity\brain\13d289c7-8aca-4523-9e85-52f4f3632356\.system_generated\steps\1823\
	    New File  		      64	output.txt
	  New Dir          1	C:\Users\DannyGeminiAnti\.gemini\antigravity\brain\13d289c7-8aca-4523-9e85-52f4f3632356\.system_generated\steps\1825\
	    New File  		    1058	output.txt
	  New Dir          1	C:\Users\DannyGeminiAnti\.gemini\antigravity\brain\13d289c7-8aca-4523-9e85-52f4f3632356\.system_generated\steps\1828\
	    New File  		    1696	output.txt
	  New Dir          1	C:\Users\DannyGeminiAnti\.gemini\antigravity\brain\13d289c7-8aca-4523-9e85-52f4f3632356\.system_generated\steps\1830\
	    New File  		     176	output.txt
	  New Dir          1	C:\Users\DannyGeminiAnti\.gemini\antigravity\brain\13d289c7-8aca-4523-9e85-52f4f3632356\.system_generated\steps\1832\
	    New File  		    1971	output.txt
	  New Dir          1	C:\Users\DannyGeminiAnti\.gemini\antigravity\brain\13d289c7-8aca-4523-9e85-52f4f3632356\.system_generated\steps\1834\
	    New File  		    2526	output.txt
	  New Dir          1	C:\Users\DannyGeminiAnti\.gemini\antigravity\brain\13d289c7-8aca-4523-9e85-52f4f3632356\.system_generated\steps\184\
	    New File  		    8210	output.txt
	  New Dir          1	C:\Users\DannyGeminiAnti\.gemini\antigravity\brain\13d289c7-8aca-4523-9e85-52f4f3632356\.system_generated\steps\1842\
	    New File  		    1045	output.txt
	  New Dir          1	C:\Users\DannyGeminiAnti\.gemini\antigravity\brain\13d289c7-8aca-4523-9e85-52f4f3632356\.system_generated\steps\1844\
	    New File  		     363	output.txt
	  New Dir          1	C:\Users\DannyGeminiAnti\.gemini\antigravity\brain\13d289c7-8aca-4523-9e85-52f4f3632356\.system_generated\steps\1846\
	    New File  		    8225	output.txt
	  New Dir          1	C:\Users\DannyGeminiAnti\.gemini\antigravity\brain\13d289c7-8aca-4523-9e85-52f4f3632356\.system_generated\steps\1848\
	    New File  		     320	output.txt
	  New Dir          1	C:\Users\DannyGeminiAnti\.gemini\antigravity\brain\13d289c7-8aca-4523-9e85-52f4f3632356\.system_generated\steps\1850\
	    New File  		      98	output.txt
	  New Dir          1	C:\Users\DannyGeminiAnti\.gemini\antigravity\brain\13d289c7-8aca-4523-9e85-52f4f3632356\.system_generated\steps\1852\
	    New File  		      99	output.txt
	  New Dir          1	C:\Users\DannyGeminiAnti\.gemini\antigravity\brain\13d289c7-8aca-4523-9e85-52f4f3632356\.system_generated\steps\1854\
	    New File  		      51	output.txt
	  New Dir          1	C:\Users\DannyGeminiAnti\.gemini\antigravity\brain\13d289c7-8aca-4523-9e85-52f4f3632356\.system_generated\steps\1856\
	    New File  		     717	output.txt
	  New Dir          1	C:\Users\DannyGeminiAnti\.gemini\antigravity\brain\13d289c7-8aca-4523-9e85-52f4f3632356\.system_generated\steps\1858\
	    New File  		    1085	output.txt
	  New Dir          1	C:\Users\DannyGeminiAnti\.gemini\antigravity\brain\13d289c7-8aca-4523-9e85-52f4f3632356\.system_generated\steps\186\
	    New File  		      51	output.txt
	  New Dir          1	C:\Users\DannyGeminiAnti\.gemini\antigravity\brain\13d289c7-8aca-4523-9e85-52f4f3632356\.system_generated\steps\1860\
	    New File  		     440	output.txt
	  New Dir          1	C:\Users\DannyGeminiAnti\.gemini\antigravity\brain\13d289c7-8aca-4523-9e85-52f4f3632356\.system_generated\steps\1862\
	    New File  		    2209	output.txt
	  New Dir          1	C:\Users\DannyGeminiAnti\.gemini\antigravity\brain\13d289c7-8aca-4523-9e85-52f4f3632356\.system_generated\steps\1864\
	    New File  		    1177	output.txt
	  New Dir          1	C:\Users\DannyGeminiAnti\.gemini\antigravity\brain\13d289c7-8aca-4523-9e85-52f4f3632356\.system_generated\steps\1866\
	    New File  		     108	output.txt
	  New Dir          1	C:\Users\DannyGeminiAnti\.gemini\antigravity\brain\13d289c7-8aca-4523-9e85-52f4f3632356\.system_generated\steps\1868\
	    New File  		    3856	output.txt
	  New Dir          1	C:\Users\DannyGeminiAnti\.gemini\antigravity\brain\13d289c7-8aca-4523-9e85-52f4f3632356\.system_generated\steps\1870\
	    New File  		     517	output.txt
	  New Dir          1	C:\Users\DannyGeminiAnti\.gemini\antigravity\brain\13d289c7-8aca-4523-9e85-52f4f3632356\.system_generated\steps\1872\
	    New File  		     225	output.txt
	  New Dir          1	C:\Users\DannyGeminiAnti\.gemini\antigravity\brain\13d289c7-8aca-4523-9e85-52f4f3632356\.system_generated\steps\1874\
	    New File  		      85	output.txt
	  New Dir          1	C:\Users\DannyGeminiAnti\.gemini\antigravity\brain\13d289c7-8aca-4523-9e85-52f4f3632356\.system_generated\steps\1876\
	    New File  		      51	output.txt
	  New Dir          1	C:\Users\DannyGeminiAnti\.gemini\antigravity\brain\13d289c7-8aca-4523-9e85-52f4f3632356\.system_generated\steps\1878\
	    New File  		    8174	output.txt
	  New Dir          1	C:\Users\DannyGeminiAnti\.gemini\antigravity\brain\13d289c7-8aca-4523-9e85-52f4f3632356\.system_generated\steps\188\
	    New File  		    1575	output.txt
	  New Dir          1	C:\Users\DannyGeminiAnti\.gemini\antigravity\brain\13d289c7-8aca-4523-9e85-52f4f3632356\.system_generated\steps\1880\
	    New File  		      51	output.txt
	  New Dir          1	C:\Users\DannyGeminiAnti\.gemini\antigravity\brain\13d289c7-8aca-4523-9e85-52f4f3632356\.system_generated\steps\1882\
	    New File  		     525	output.txt
	  New Dir          1	C:\Users\DannyGeminiAnti\.gemini\antigravity\brain\13d289c7-8aca-4523-9e85-52f4f3632356\.system_generated\steps\1884\
	    New File  		     229	output.txt
	  New Dir          1	C:\Users\DannyGeminiAnti\.gemini\antigravity\brain\13d289c7-8aca-4523-9e85-52f4f3632356\.system_generated\steps\1886\
	    New File  		      83	output.txt
	  New Dir          1	C:\Users\DannyGeminiAnti\.gemini\antigravity\brain\13d289c7-8aca-4523-9e85-52f4f3632356\.system_generated\steps\1888\
	    New File  		     244	output.txt
	  New Dir          1	C:\Users\DannyGeminiAnti\.gemini\antigravity\brain\13d289c7-8aca-4523-9e85-52f4f3632356\.system_generated\steps\1890\
	    New File  		     538	output.txt
	  New Dir          1	C:\Users\DannyGeminiAnti\.gemini\antigravity\brain\13d289c7-8aca-4523-9e85-52f4f3632356\.system_generated\steps\1892\
	    New File  		     220	output.txt
	  New Dir          1	C:\Users\DannyGeminiAnti\.gemini\antigravity\brain\13d289c7-8aca-4523-9e85-52f4f3632356\.system_generated\steps\1894\
	    New File  		      59	output.txt
	  New Dir          1	C:\Users\DannyGeminiAnti\.gemini\antigravity\brain\13d289c7-8aca-4523-9e85-52f4f3632356\.system_generated\steps\1896\
	    New File  		    1059	output.txt
	  New Dir          1	C:\Users\DannyGeminiAnti\.gemini\antigravity\brain\13d289c7-8aca-4523-9e85-52f4f3632356\.system_generated\steps\1898\
	    New File  		      51	output.txt
	  New Dir          1	C:\Users\DannyGeminiAnti\.gemini\antigravity\brain\13d289c7-8aca-4523-9e85-52f4f3632356\.system_generated\steps\1900\
	    New File  		    2544	output.txt
	  New Dir          1	C:\Users\DannyGeminiAnti\.gemini\antigravity\brain\13d289c7-8aca-4523-9e85-52f4f3632356\.system_generated\steps\1902\
	    New File  		     176	output.txt
	  New Dir          1	C:\Users\DannyGeminiAnti\.gemini\antigravity\brain\13d289c7-8aca-4523-9e85-52f4f3632356\.system_generated\steps\1904\
	    New File  		     614	output.txt
	  New Dir          1	C:\Users\DannyGeminiAnti\.gemini\antigravity\brain\13d289c7-8aca-4523-9e85-52f4f3632356\.system_generated\steps\1906\
	    New File  		     877	output.txt
	  New Dir          1	C:\Users\DannyGeminiAnti\.gemini\antigravity\brain\13d289c7-8aca-4523-9e85-52f4f3632356\.system_generated\steps\1916\
	    New File  		     472	output.txt
	  New Dir          1	C:\Users\DannyGeminiAnti\.gemini\antigravity\brain\13d289c7-8aca-4523-9e85-52f4f3632356\.system_generated\steps\1918\
	    New File  		     226	output.txt
	  New Dir          1	C:\Users\DannyGeminiAnti\.gemini\antigravity\brain\13d289c7-8aca-4523-9e85-52f4f3632356\.system_generated\steps\1920\
	    New File  		      97	output.txt
	  New Dir          1	C:\Users\DannyGeminiAnti\.gemini\antigravity\brain\13d289c7-8aca-4523-9e85-52f4f3632356\.system_generated\steps\1922\
	    New File  		    2481	output.txt
	  New Dir          1	C:\Users\DannyGeminiAnti\.gemini\antigravity\brain\13d289c7-8aca-4523-9e85-52f4f3632356\.system_generated\steps\1924\
	    New File  		      76	output.txt
	  New Dir          1	C:\Users\DannyGeminiAnti\.gemini\antigravity\brain\13d289c7-8aca-4523-9e85-52f4f3632356\.system_generated\steps\1926\
	    New File  		     540	output.txt
	  New Dir          1	C:\Users\DannyGeminiAnti\.gemini\antigravity\brain\13d289c7-8aca-4523-9e85-52f4f3632356\.system_generated\steps\1928\
	    New File  		     220	output.txt
	  New Dir          1	C:\Users\DannyGeminiAnti\.gemini\antigravity\brain\13d289c7-8aca-4523-9e85-52f4f3632356\.system_generated\steps\1930\
	    New File  		      67	output.txt
	  New Dir          1	C:\Users\DannyGeminiAnti\.gemini\antigravity\brain\13d289c7-8aca-4523-9e85-52f4f3632356\.system_generated\steps\1933\
	    New File  		    1059	output.txt
	  New Dir          1	C:\Users\DannyGeminiAnti\.gemini\antigravity\brain\13d289c7-8aca-4523-9e85-52f4f3632356\.system_generated\steps\1935\
	    New File  		      51	output.txt
	  New Dir          1	C:\Users\DannyGeminiAnti\.gemini\antigravity\brain\13d289c7-8aca-4523-9e85-52f4f3632356\.system_generated\steps\1937\
	    New File  		     176	output.txt
	  New Dir          1	C:\Users\DannyGeminiAnti\.gemini\antigravity\brain\13d289c7-8aca-4523-9e85-52f4f3632356\.system_generated\steps\1939\
	    New File  		     755	output.txt
	  New Dir          1	C:\Users\DannyGeminiAnti\.gemini\antigravity\brain\13d289c7-8aca-4523-9e85-52f4f3632356\.system_generated\steps\1941\
	    New File  		    1000	output.txt
	  New Dir          1	C:\Users\DannyGeminiAnti\.gemini\antigravity\brain\13d289c7-8aca-4523-9e85-52f4f3632356\.system_generated\steps\1948\
	    New File  		    1261	output.txt
	  New Dir          1	C:\Users\DannyGeminiAnti\.gemini\antigravity\brain\13d289c7-8aca-4523-9e85-52f4f3632356\.system_generated\steps\1950\
	    New File  		     230	output.txt
	  New Dir          1	C:\Users\DannyGeminiAnti\.gemini\antigravity\brain\13d289c7-8aca-4523-9e85-52f4f3632356\.system_generated\steps\1952\
	    New File  		    2152	output.txt
	  New Dir          1	C:\Users\DannyGeminiAnti\.gemini\antigravity\brain\13d289c7-8aca-4523-9e85-52f4f3632356\.system_generated\steps\1964\
	    New File  		     228	output.txt
	  New Dir          1	C:\Users\DannyGeminiAnti\.gemini\antigravity\brain\13d289c7-8aca-4523-9e85-52f4f3632356\.system_generated\steps\1966\
	    New File  		    2075	output.txt
	  New Dir          1	C:\Users\DannyGeminiAnti\.gemini\antigravity\brain\13d289c7-8aca-4523-9e85-52f4f3632356\.system_generated\steps\1968\
	    New File  		     224	output.txt
	  New Dir          1	C:\Users\DannyGeminiAnti\.gemini\antigravity\brain\13d289c7-8aca-4523-9e85-52f4f3632356\.system_generated\steps\1972\
	    New File  		     221	output.txt
	  New Dir          1	C:\Users\DannyGeminiAnti\.gemini\antigravity\brain\13d289c7-8aca-4523-9e85-52f4f3632356\.system_generated\steps\1974\
	    New File  		     159	output.txt
	  New Dir          1	C:\Users\DannyGeminiAnti\.gemini\antigravity\brain\13d289c7-8aca-4523-9e85-52f4f3632356\.system_generated\steps\1976\
	    New File  		    1886	output.txt
	  New Dir          1	C:\Users\DannyGeminiAnti\.gemini\antigravity\brain\13d289c7-8aca-4523-9e85-52f4f3632356\.system_generated\steps\1978\
	    New File  		     220	output.txt
	  New Dir          1	C:\Users\DannyGeminiAnti\.gemini\antigravity\brain\13d289c7-8aca-4523-9e85-52f4f3632356\.system_generated\steps\198\
	    New File  		    1093	output.txt
	  New Dir          1	C:\Users\DannyGeminiAnti\.gemini\antigravity\brain\13d289c7-8aca-4523-9e85-52f4f3632356\.system_generated\steps\1980\
	    New File  		      84	output.txt
	  New Dir          1	C:\Users\DannyGeminiAnti\.gemini\antigravity\brain\13d289c7-8aca-4523-9e85-52f4f3632356\.system_generated\steps\1982\
	    New File  		      51	output.txt
	  New Dir          1	C:\Users\DannyGeminiAnti\.gemini\antigravity\brain\13d289c7-8aca-4523-9e85-52f4f3632356\.system_generated\steps\1984\
	    New File  		    1059	output.txt
	  New Dir          1	C:\Users\DannyGeminiAnti\.gemini\antigravity\brain\13d289c7-8aca-4523-9e85-52f4f3632356\.system_generated\steps\1986\
	    New File  		      51	output.txt
	  New Dir          1	C:\Users\DannyGeminiAnti\.gemini\antigravity\brain\13d289c7-8aca-4523-9e85-52f4f3632356\.system_generated\steps\1988\
	    New File  		    2545	output.txt
	  New Dir          1	C:\Users\DannyGeminiAnti\.gemini\antigravity\brain\13d289c7-8aca-4523-9e85-52f4f3632356\.system_generated\steps\1990\
	    New File  		     176	output.txt
	  New Dir          1	C:\Users\DannyGeminiAnti\.gemini\antigravity\brain\13d289c7-8aca-4523-9e85-52f4f3632356\.system_generated\steps\1992\
	    New File  		     640	output.txt
	  New Dir          1	C:\Users\DannyGeminiAnti\.gemini\antigravity\brain\13d289c7-8aca-4523-9e85-52f4f3632356\.system_generated\steps\1994\
	    New File  		    1003	output.txt
	                   1	C:\Users\DannyGeminiAnti\.gemini\antigravity\brain\13d289c7-8aca-4523-9e85-52f4f3632356\.system_generated\steps\2\
	  New Dir          1	C:\Users\DannyGeminiAnti\.gemini\antigravity\brain\13d289c7-8aca-4523-9e85-52f4f3632356\.system_generated\steps\200\
	    New File  		    3978	output.txt
	  New Dir          1	C:\Users\DannyGeminiAnti\.gemini\antigravity\brain\13d289c7-8aca-4523-9e85-52f4f3632356\.system_generated\steps\2002\
	    New File  		    1406	output.txt
	  New Dir          1	C:\Users\DannyGeminiAnti\.gemini\antigravity\brain\13d289c7-8aca-4523-9e85-52f4f3632356\.system_generated\steps\2004\
	    New File  		    1406	output.txt
	  New Dir          1	C:\Users\DannyGeminiAnti\.gemini\antigravity\brain\13d289c7-8aca-4523-9e85-52f4f3632356\.system_generated\steps\2006\
	    New File  		     220	output.txt
	  New Dir          1	C:\Users\DannyGeminiAnti\.gemini\antigravity\brain\13d289c7-8aca-4523-9e85-52f4f3632356\.system_generated\steps\2008\
	    New File  		      84	output.txt
	  New Dir          1	C:\Users\DannyGeminiAnti\.gemini\antigravity\brain\13d289c7-8aca-4523-9e85-52f4f3632356\.system_generated\steps\2010\
	    New File  		    1059	output.txt
	  New Dir          1	C:\Users\DannyGeminiAnti\.gemini\antigravity\brain\13d289c7-8aca-4523-9e85-52f4f3632356\.system_generated\steps\2012\
	    New File  		      51	output.txt
	  New Dir          1	C:\Users\DannyGeminiAnti\.gemini\antigravity\brain\13d289c7-8aca-4523-9e85-52f4f3632356\.system_generated\steps\2014\
	    New File  		    2544	output.txt
	  New Dir          1	C:\Users\DannyGeminiAnti\.gemini\antigravity\brain\13d289c7-8aca-4523-9e85-52f4f3632356\.system_generated\steps\2016\
	    New File  		     176	output.txt
	  New Dir          1	C:\Users\DannyGeminiAnti\.gemini\antigravity\brain\13d289c7-8aca-4523-9e85-52f4f3632356\.system_generated\steps\2018\
	    New File  		     643	output.txt
	  New Dir          1	C:\Users\DannyGeminiAnti\.gemini\antigravity\brain\13d289c7-8aca-4523-9e85-52f4f3632356\.system_generated\steps\202\
	    New File  		     199	output.txt
	  New Dir          1	C:\Users\DannyGeminiAnti\.gemini\antigravity\brain\13d289c7-8aca-4523-9e85-52f4f3632356\.system_generated\steps\2020\
	    New File  		     992	output.txt
	  New Dir          1	C:\Users\DannyGeminiAnti\.gemini\antigravity\brain\13d289c7-8aca-4523-9e85-52f4f3632356\.system_generated\steps\2030\
	    New File  		    1286	output.txt
	  New Dir          1	C:\Users\DannyGeminiAnti\.gemini\antigravity\brain\13d289c7-8aca-4523-9e85-52f4f3632356\.system_generated\steps\2032\
	    New File  		     220	output.txt
	  New Dir          1	C:\Users\DannyGeminiAnti\.gemini\antigravity\brain\13d289c7-8aca-4523-9e85-52f4f3632356\.system_generated\steps\2034\
	    New File  		      84	output.txt
	  New Dir          1	C:\Users\DannyGeminiAnti\.gemini\antigravity\brain\13d289c7-8aca-4523-9e85-52f4f3632356\.system_generated\steps\2036\
	    New File  		    1059	output.txt
	  New Dir          1	C:\Users\DannyGeminiAnti\.gemini\antigravity\brain\13d289c7-8aca-4523-9e85-52f4f3632356\.system_generated\steps\2038\
	    New File  		      51	output.txt
	  New Dir          1	C:\Users\DannyGeminiAnti\.gemini\antigravity\brain\13d289c7-8aca-4523-9e85-52f4f3632356\.system_generated\steps\2040\
	    New File  		    2544	output.txt
	  New Dir          1	C:\Users\DannyGeminiAnti\.gemini\antigravity\brain\13d289c7-8aca-4523-9e85-52f4f3632356\.system_generated\steps\2042\
	    New File  		     176	output.txt
	  New Dir          1	C:\Users\DannyGeminiAnti\.gemini\antigravity\brain\13d289c7-8aca-4523-9e85-52f4f3632356\.system_generated\steps\2044\
	    New File  		     612	output.txt
	  New Dir          1	C:\Users\DannyGeminiAnti\.gemini\antigravity\brain\13d289c7-8aca-4523-9e85-52f4f3632356\.system_generated\steps\2046\
	    New File  		     890	output.txt
	  New Dir          1	C:\Users\DannyGeminiAnti\.gemini\antigravity\brain\13d289c7-8aca-4523-9e85-52f4f3632356\.system_generated\steps\2052\
	    New File  		    1291	output.txt
	  New Dir          1	C:\Users\DannyGeminiAnti\.gemini\antigravity\brain\13d289c7-8aca-4523-9e85-52f4f3632356\.system_generated\steps\2054\
	    New File  		     220	output.txt
	  New Dir          1	C:\Users\DannyGeminiAnti\.gemini\antigravity\brain\13d289c7-8aca-4523-9e85-52f4f3632356\.system_generated\steps\2056\
	    New File  		      84	output.txt
	  New Dir          1	C:\Users\DannyGeminiAnti\.gemini\antigravity\brain\13d289c7-8aca-4523-9e85-52f4f3632356\.system_generated\steps\2058\
	    New File  		    1059	output.txt
	  New Dir          1	C:\Users\DannyGeminiAnti\.gemini\antigravity\brain\13d289c7-8aca-4523-9e85-52f4f3632356\.system_generated\steps\206\
	    New File  		    4102	output.txt
	  New Dir          1	C:\Users\DannyGeminiAnti\.gemini\antigravity\brain\13d289c7-8aca-4523-9e85-52f4f3632356\.system_generated\steps\2060\
	    New File  		      51	output.txt
	  New Dir          1	C:\Users\DannyGeminiAnti\.gemini\antigravity\brain\13d289c7-8aca-4523-9e85-52f4f3632356\.system_generated\steps\2062\
	    New File  		    2545	output.txt
	  New Dir          1	C:\Users\DannyGeminiAnti\.gemini\antigravity\brain\13d289c7-8aca-4523-9e85-52f4f3632356\.system_generated\steps\2064\
	    New File  		     176	output.txt
	  New Dir          1	C:\Users\DannyGeminiAnti\.gemini\antigravity\brain\13d289c7-8aca-4523-9e85-52f4f3632356\.system_generated\steps\2066\
	    New File  		     584	output.txt
	  New Dir          1	C:\Users\DannyGeminiAnti\.gemini\antigravity\brain\13d289c7-8aca-4523-9e85-52f4f3632356\.system_generated\steps\2068\
	    New File  		     967	output.txt
	  New Dir          1	C:\Users\DannyGeminiAnti\.gemini\antigravity\brain\13d289c7-8aca-4523-9e85-52f4f3632356\.system_generated\steps\208\
	    New File  		    3720	output.txt
	  New Dir          1	C:\Users\DannyGeminiAnti\.gemini\antigravity\brain\13d289c7-8aca-4523-9e85-52f4f3632356\.system_generated\steps\2088\
	    New File  		    3312	output.txt
	  New Dir          1	C:\Users\DannyGeminiAnti\.gemini\antigravity\brain\13d289c7-8aca-4523-9e85-52f4f3632356\.system_generated\steps\2090\
	    New File  		     220	output.txt
	  New Dir          1	C:\Users\DannyGeminiAnti\.gemini\antigravity\brain\13d289c7-8aca-4523-9e85-52f4f3632356\.system_generated\steps\2092\
	    New File  		      84	output.txt
	  New Dir          1	C:\Users\DannyGeminiAnti\.gemini\antigravity\brain\13d289c7-8aca-4523-9e85-52f4f3632356\.system_generated\steps\2094\
	    New File  		    1059	output.txt
	  New Dir          1	C:\Users\DannyGeminiAnti\.gemini\antigravity\brain\13d289c7-8aca-4523-9e85-52f4f3632356\.system_generated\steps\2096\
	    New File  		      51	output.txt
	  New Dir          1	C:\Users\DannyGeminiAnti\.gemini\antigravity\brain\13d289c7-8aca-4523-9e85-52f4f3632356\.system_generated\steps\2098\
	    New File  		     176	output.txt
	  New Dir          1	C:\Users\DannyGeminiAnti\.gemini\antigravity\brain\13d289c7-8aca-4523-9e85-52f4f3632356\.system_generated\steps\210\
	    New File  		    3756	output.txt
	  New Dir          1	C:\Users\DannyGeminiAnti\.gemini\antigravity\brain\13d289c7-8aca-4523-9e85-52f4f3632356\.system_generated\steps\2100\
	    New File  		     621	output.txt
	  New Dir          1	C:\Users\DannyGeminiAnti\.gemini\antigravity\brain\13d289c7-8aca-4523-9e85-52f4f3632356\.system_generated\steps\2102\
	    New File  		     972	output.txt
	  New Dir          1	C:\Users\DannyGeminiAnti\.gemini\antigravity\brain\13d289c7-8aca-4523-9e85-52f4f3632356\.system_generated\steps\2108\
	    New File  		    1291	output.txt
	  New Dir          1	C:\Users\DannyGeminiAnti\.gemini\antigravity\brain\13d289c7-8aca-4523-9e85-52f4f3632356\.system_generated\steps\2110\
	    New File  		     220	output.txt
	  New Dir          1	C:\Users\DannyGeminiAnti\.gemini\antigravity\brain\13d289c7-8aca-4523-9e85-52f4f3632356\.system_generated\steps\2112\
	    New File  		      84	output.txt
	  New Dir          1	C:\Users\DannyGeminiAnti\.gemini\antigravity\brain\13d289c7-8aca-4523-9e85-52f4f3632356\.system_generated\steps\2114\
	    New File  		    1059	output.txt
	  New Dir          1	C:\Users\DannyGeminiAnti\.gemini\antigravity\brain\13d289c7-8aca-4523-9e85-52f4f3632356\.system_generated\steps\2116\
	    New File  		      51	output.txt
	  New Dir          1	C:\Users\DannyGeminiAnti\.gemini\antigravity\brain\13d289c7-8aca-4523-9e85-52f4f3632356\.system_generated\steps\2118\
	    New File  		    2544	output.txt
	  New Dir          1	C:\Users\DannyGeminiAnti\.gemini\antigravity\brain\13d289c7-8aca-4523-9e85-52f4f3632356\.system_generated\steps\2120\
	    New File  		     176	output.txt
	  New Dir          1	C:\Users\DannyGeminiAnti\.gemini\antigravity\brain\13d289c7-8aca-4523-9e85-52f4f3632356\.system_generated\steps\2122\
	    New File  		     581	output.txt
	  New Dir          1	C:\Users\DannyGeminiAnti\.gemini\antigravity\brain\13d289c7-8aca-4523-9e85-52f4f3632356\.system_generated\steps\2124\
	    New File  		     895	output.txt
	  New Dir          1	C:\Users\DannyGeminiAnti\.gemini\antigravity\brain\13d289c7-8aca-4523-9e85-52f4f3632356\.system_generated\steps\2129\
	    New File  		    8248	output.txt
	  New Dir          1	C:\Users\DannyGeminiAnti\.gemini\antigravity\brain\13d289c7-8aca-4523-9e85-52f4f3632356\.system_generated\steps\213\
	    New File  		    4184	output.txt
	  New Dir          1	C:\Users\DannyGeminiAnti\.gemini\antigravity\brain\13d289c7-8aca-4523-9e85-52f4f3632356\.system_generated\steps\2131\
	    New File  		     223	output.txt
	  New Dir          1	C:\Users\DannyGeminiAnti\.gemini\antigravity\brain\13d289c7-8aca-4523-9e85-52f4f3632356\.system_generated\steps\2133\
	    New File  		      64	output.txt
	  New Dir          1	C:\Users\DannyGeminiAnti\.gemini\antigravity\brain\13d289c7-8aca-4523-9e85-52f4f3632356\.system_generated\steps\2135\
	    New File  		     555	output.txt
	  New Dir          1	C:\Users\DannyGeminiAnti\.gemini\antigravity\brain\13d289c7-8aca-4523-9e85-52f4f3632356\.system_generated\steps\2137\
	    New File  		    8234	output.txt
	  New Dir          1	C:\Users\DannyGeminiAnti\.gemini\antigravity\brain\13d289c7-8aca-4523-9e85-52f4f3632356\.system_generated\steps\2139\
	    New File  		    3583	output.txt
	  New Dir          1	C:\Users\DannyGeminiAnti\.gemini\antigravity\brain\13d289c7-8aca-4523-9e85-52f4f3632356\.system_generated\steps\2141\
	    New File  		     902	output.txt
	  New Dir          1	C:\Users\DannyGeminiAnti\.gemini\antigravity\brain\13d289c7-8aca-4523-9e85-52f4f3632356\.system_generated\steps\2143\
	    New File  		    2682	output.txt
	  New Dir          1	C:\Users\DannyGeminiAnti\.gemini\antigravity\brain\13d289c7-8aca-4523-9e85-52f4f3632356\.system_generated\steps\2145\
	    New File  		     555	output.txt
	  New Dir          1	C:\Users\DannyGeminiAnti\.gemini\antigravity\brain\13d289c7-8aca-4523-9e85-52f4f3632356\.system_generated\steps\2147\
	    New File  		    3370	output.txt
	  New Dir          1	C:\Users\DannyGeminiAnti\.gemini\antigravity\brain\13d289c7-8aca-4523-9e85-52f4f3632356\.system_generated\steps\2149\
	    New File  		    1291	output.txt
	  New Dir          1	C:\Users\DannyGeminiAnti\.gemini\antigravity\brain\13d289c7-8aca-4523-9e85-52f4f3632356\.system_generated\steps\215\
	    New File  		      51	output.txt
	  New Dir          1	C:\Users\DannyGeminiAnti\.gemini\antigravity\brain\13d289c7-8aca-4523-9e85-52f4f3632356\.system_generated\steps\2151\
	    New File  		      68	output.txt
	  New Dir          1	C:\Users\DannyGeminiAnti\.gemini\antigravity\brain\13d289c7-8aca-4523-9e85-52f4f3632356\.system_generated\steps\2153\
	    New File  		    1059	output.txt
	  New Dir          1	C:\Users\DannyGeminiAnti\.gemini\antigravity\brain\13d289c7-8aca-4523-9e85-52f4f3632356\.system_generated\steps\2155\
	    New File  		      72	output.txt
	  New Dir          1	C:\Users\DannyGeminiAnti\.gemini\antigravity\brain\13d289c7-8aca-4523-9e85-52f4f3632356\.system_generated\steps\2157\
	    New File  		      74	output.txt
	  New Dir          1	C:\Users\DannyGeminiAnti\.gemini\antigravity\brain\13d289c7-8aca-4523-9e85-52f4f3632356\.system_generated\steps\2159\
	    New File  		      56	output.txt
	  New Dir          1	C:\Users\DannyGeminiAnti\.gemini\antigravity\brain\13d289c7-8aca-4523-9e85-52f4f3632356\.system_generated\steps\2161\
	    New File  		      51	output.txt
	  New Dir          1	C:\Users\DannyGeminiAnti\.gemini\antigravity\brain\13d289c7-8aca-4523-9e85-52f4f3632356\.system_generated\steps\2163\
	    New File  		     763	output.txt
	  New Dir          1	C:\Users\DannyGeminiAnti\.gemini\antigravity\brain\13d289c7-8aca-4523-9e85-52f4f3632356\.system_generated\steps\2165\
	    New File  		     827	output.txt
	  New Dir          1	C:\Users\DannyGeminiAnti\.gemini\antigravity\brain\13d289c7-8aca-4523-9e85-52f4f3632356\.system_generated\steps\2167\
	    New File  		    1017	output.txt
	  New Dir          1	C:\Users\DannyGeminiAnti\.gemini\antigravity\brain\13d289c7-8aca-4523-9e85-52f4f3632356\.system_generated\steps\217\
	    New File  		     567	output.txt
	  New Dir          1	C:\Users\DannyGeminiAnti\.gemini\antigravity\brain\13d289c7-8aca-4523-9e85-52f4f3632356\.system_generated\steps\2172\
	    New File  		    1426	output.txt
	  New Dir          1	C:\Users\DannyGeminiAnti\.gemini\antigravity\brain\13d289c7-8aca-4523-9e85-52f4f3632356\.system_generated\steps\2174\
	    New File  		    8223	output.txt
	  New Dir          1	C:\Users\DannyGeminiAnti\.gemini\antigravity\brain\13d289c7-8aca-4523-9e85-52f4f3632356\.system_generated\steps\2176\
	    New File  		    3798	output.txt
	  New Dir          1	C:\Users\DannyGeminiAnti\.gemini\antigravity\brain\13d289c7-8aca-4523-9e85-52f4f3632356\.system_generated\steps\2178\
	    New File  		    8233	output.txt
	  New Dir          1	C:\Users\DannyGeminiAnti\.gemini\antigravity\brain\13d289c7-8aca-4523-9e85-52f4f3632356\.system_generated\steps\2180\
	    New File  		     224	output.txt
	  New Dir          1	C:\Users\DannyGeminiAnti\.gemini\antigravity\brain\13d289c7-8aca-4523-9e85-52f4f3632356\.system_generated\steps\2182\
	    New File  		      77	output.txt
	  New Dir          1	C:\Users\DannyGeminiAnti\.gemini\antigravity\brain\13d289c7-8aca-4523-9e85-52f4f3632356\.system_generated\steps\2184\
	    New File  		    2585	output.txt
	  New Dir          1	C:\Users\DannyGeminiAnti\.gemini\antigravity\brain\13d289c7-8aca-4523-9e85-52f4f3632356\.system_generated\steps\2186\
	    New File  		      68	output.txt
	  New Dir          1	C:\Users\DannyGeminiAnti\.gemini\antigravity\brain\13d289c7-8aca-4523-9e85-52f4f3632356\.system_generated\steps\2188\
	    New File  		    1059	output.txt
	  New Dir          1	C:\Users\DannyGeminiAnti\.gemini\antigravity\brain\13d289c7-8aca-4523-9e85-52f4f3632356\.system_generated\steps\2190\
	    New File  		      56	output.txt
	  New Dir          1	C:\Users\DannyGeminiAnti\.gemini\antigravity\brain\13d289c7-8aca-4523-9e85-52f4f3632356\.system_generated\steps\2192\
	    New File  		      51	output.txt
	  New Dir          1	C:\Users\DannyGeminiAnti\.gemini\antigravity\brain\13d289c7-8aca-4523-9e85-52f4f3632356\.system_generated\steps\2194\
	    New File  		     775	output.txt
	  New Dir          1	C:\Users\DannyGeminiAnti\.gemini\antigravity\brain\13d289c7-8aca-4523-9e85-52f4f3632356\.system_generated\steps\2196\
	    New File  		     971	output.txt
	  New Dir          1	C:\Users\DannyGeminiAnti\.gemini\antigravity\brain\13d289c7-8aca-4523-9e85-52f4f3632356\.system_generated\steps\2200\
	    New File  		     265	output.txt
	  New Dir          1	C:\Users\DannyGeminiAnti\.gemini\antigravity\brain\13d289c7-8aca-4523-9e85-52f4f3632356\.system_generated\steps\2205\
	    New File  		    8159	output.txt
	  New Dir          1	C:\Users\DannyGeminiAnti\.gemini\antigravity\brain\13d289c7-8aca-4523-9e85-52f4f3632356\.system_generated\steps\2207\
	    New File  		    4334	output.txt
	  New Dir          1	C:\Users\DannyGeminiAnti\.gemini\antigravity\brain\13d289c7-8aca-4523-9e85-52f4f3632356\.system_generated\steps\2209\
	    New File  		    8185	output.txt
	  New Dir          1	C:\Users\DannyGeminiAnti\.gemini\antigravity\brain\13d289c7-8aca-4523-9e85-52f4f3632356\.system_generated\steps\221\
	    New File  		     159	output.txt
	  New Dir          1	C:\Users\DannyGeminiAnti\.gemini\antigravity\brain\13d289c7-8aca-4523-9e85-52f4f3632356\.system_generated\steps\2211\
	    New File  		     221	output.txt
	  New Dir          1	C:\Users\DannyGeminiAnti\.gemini\antigravity\brain\13d289c7-8aca-4523-9e85-52f4f3632356\.system_generated\steps\2213\
	    New File  		     221	output.txt
	  New Dir          1	C:\Users\DannyGeminiAnti\.gemini\antigravity\brain\13d289c7-8aca-4523-9e85-52f4f3632356\.system_generated\steps\2215\
	    New File  		      63	output.txt
	  New Dir          1	C:\Users\DannyGeminiAnti\.gemini\antigravity\brain\13d289c7-8aca-4523-9e85-52f4f3632356\.system_generated\steps\2217\
	    New File  		     495	output.txt
	  New Dir          1	C:\Users\DannyGeminiAnti\.gemini\antigravity\brain\13d289c7-8aca-4523-9e85-52f4f3632356\.system_generated\steps\2219\
	    New File  		    8185	output.txt
	  New Dir          1	C:\Users\DannyGeminiAnti\.gemini\antigravity\brain\13d289c7-8aca-4523-9e85-52f4f3632356\.system_generated\steps\2221\
	    New File  		    5658	output.txt
	  New Dir          1	C:\Users\DannyGeminiAnti\.gemini\antigravity\brain\13d289c7-8aca-4523-9e85-52f4f3632356\.system_generated\steps\2223\
	    New File  		      68	output.txt
	  New Dir          1	C:\Users\DannyGeminiAnti\.gemini\antigravity\brain\13d289c7-8aca-4523-9e85-52f4f3632356\.system_generated\steps\2225\
	    New File  		    1059	output.txt
	  New Dir          1	C:\Users\DannyGeminiAnti\.gemini\antigravity\brain\13d289c7-8aca-4523-9e85-52f4f3632356\.system_generated\steps\2227\
	    New File  		      56	output.txt
	  New Dir          1	C:\Users\DannyGeminiAnti\.gemini\antigravity\brain\13d289c7-8aca-4523-9e85-52f4f3632356\.system_generated\steps\2229\
	    New File  		      51	output.txt
	  New Dir          1	C:\Users\DannyGeminiAnti\.gemini\antigravity\brain\13d289c7-8aca-4523-9e85-52f4f3632356\.system_generated\steps\2231\
	    New File  		     644	output.txt
	  New Dir          1	C:\Users\DannyGeminiAnti\.gemini\antigravity\brain\13d289c7-8aca-4523-9e85-52f4f3632356\.system_generated\steps\2233\
	    New File  		     896	output.txt
	  New Dir          1	C:\Users\DannyGeminiAnti\.gemini\antigravity\brain\13d289c7-8aca-4523-9e85-52f4f3632356\.system_generated\steps\2237\
	    New File  		    2044	output.txt
	  New Dir          1	C:\Users\DannyGeminiAnti\.gemini\antigravity\brain\13d289c7-8aca-4523-9e85-52f4f3632356\.system_generated\steps\2239\
	    New File  		      51	output.txt
	  New Dir          1	C:\Users\DannyGeminiAnti\.gemini\antigravity\brain\13d289c7-8aca-4523-9e85-52f4f3632356\.system_generated\steps\2241\
	    New File  		     559	output.txt
	  New Dir          1	C:\Users\DannyGeminiAnti\.gemini\antigravity\brain\13d289c7-8aca-4523-9e85-52f4f3632356\.system_generated\steps\2243\
	    New File  		    5477	output.txt
	  New Dir          1	C:\Users\DannyGeminiAnti\.gemini\antigravity\brain\13d289c7-8aca-4523-9e85-52f4f3632356\.system_generated\steps\2245\
	    New File  		    2088	output.txt
	  New Dir          1	C:\Users\DannyGeminiAnti\.gemini\antigravity\brain\13d289c7-8aca-4523-9e85-52f4f3632356\.system_generated\steps\2249\
	    New File  		    1590	output.txt
	  New Dir          1	C:\Users\DannyGeminiAnti\.gemini\antigravity\brain\13d289c7-8aca-4523-9e85-52f4f3632356\.system_generated\steps\2251\
	    New File  		     728	output.txt
	  New Dir          1	C:\Users\DannyGeminiAnti\.gemini\antigravity\brain\13d289c7-8aca-4523-9e85-52f4f3632356\.system_generated\steps\2253\
	    New File  		      51	output.txt
	  New Dir          1	C:\Users\DannyGeminiAnti\.gemini\antigravity\brain\13d289c7-8aca-4523-9e85-52f4f3632356\.system_generated\steps\2255\
	    New File  		    2230	output.txt
	  New Dir          1	C:\Users\DannyGeminiAnti\.gemini\antigravity\brain\13d289c7-8aca-4523-9e85-52f4f3632356\.system_generated\steps\2257\
	    New File  		    2234	output.txt
	  New Dir          1	C:\Users\DannyGeminiAnti\.gemini\antigravity\brain\13d289c7-8aca-4523-9e85-52f4f3632356\.system_generated\steps\2259\
	    New File  		    1411	output.txt
	  New Dir          1	C:\Users\DannyGeminiAnti\.gemini\antigravity\brain\13d289c7-8aca-4523-9e85-52f4f3632356\.system_generated\steps\2262\
	    New File  		    2045	output.txt
	  New Dir          1	C:\Users\DannyGeminiAnti\.gemini\antigravity\brain\13d289c7-8aca-4523-9e85-52f4f3632356\.system_generated\steps\2264\
	    New File  		    2234	output.txt
	  New Dir          1	C:\Users\DannyGeminiAnti\.gemini\antigravity\brain\13d289c7-8aca-4523-9e85-52f4f3632356\.system_generated\steps\2266\
	    New File  		    2045	output.txt
	  New Dir          1	C:\Users\DannyGeminiAnti\.gemini\antigravity\brain\13d289c7-8aca-4523-9e85-52f4f3632356\.system_generated\steps\2268\
	    New File  		    3609	output.txt
	  New Dir          1	C:\Users\DannyGeminiAnti\.gemini\antigravity\brain\13d289c7-8aca-4523-9e85-52f4f3632356\.system_generated\steps\227\
	    New File  		    1117	output.txt
	  New Dir          1	C:\Users\DannyGeminiAnti\.gemini\antigravity\brain\13d289c7-8aca-4523-9e85-52f4f3632356\.system_generated\steps\2270\
	    New File  		    2731	output.txt
	  New Dir          1	C:\Users\DannyGeminiAnti\.gemini\antigravity\brain\13d289c7-8aca-4523-9e85-52f4f3632356\.system_generated\steps\2272\
	    New File  		     798	output.txt
	  New Dir          1	C:\Users\DannyGeminiAnti\.gemini\antigravity\brain\13d289c7-8aca-4523-9e85-52f4f3632356\.system_generated\steps\2274\
	    New File  		    4640	output.txt
	  New Dir          1	C:\Users\DannyGeminiAnti\.gemini\antigravity\brain\13d289c7-8aca-4523-9e85-52f4f3632356\.system_generated\steps\2276\
	    New File  		      68	output.txt
	  New Dir          1	C:\Users\DannyGeminiAnti\.gemini\antigravity\brain\13d289c7-8aca-4523-9e85-52f4f3632356\.system_generated\steps\2278\
	    New File  		    1059	output.txt
	  New Dir          1	C:\Users\DannyGeminiAnti\.gemini\antigravity\brain\13d289c7-8aca-4523-9e85-52f4f3632356\.system_generated\steps\2280\
	    New File  		      56	output.txt
	  New Dir          1	C:\Users\DannyGeminiAnti\.gemini\antigravity\brain\13d289c7-8aca-4523-9e85-52f4f3632356\.system_generated\steps\2282\
	    New File  		      51	output.txt
	  New Dir          1	C:\Users\DannyGeminiAnti\.gemini\antigravity\brain\13d289c7-8aca-4523-9e85-52f4f3632356\.system_generated\steps\2284\
	    New File  		     534	output.txt
	  New Dir          1	C:\Users\DannyGeminiAnti\.gemini\antigravity\brain\13d289c7-8aca-4523-9e85-52f4f3632356\.system_generated\steps\2286\
	    New File  		     931	output.txt
	  New Dir          1	C:\Users\DannyGeminiAnti\.gemini\antigravity\brain\13d289c7-8aca-4523-9e85-52f4f3632356\.system_generated\steps\229\
	    New File  		    6697	output.txt
	  New Dir          1	C:\Users\DannyGeminiAnti\.gemini\antigravity\brain\13d289c7-8aca-4523-9e85-52f4f3632356\.system_generated\steps\2292\
	    New File  		      84	output.txt
	  New Dir          1	C:\Users\DannyGeminiAnti\.gemini\antigravity\brain\13d289c7-8aca-4523-9e85-52f4f3632356\.system_generated\steps\2296\
	    New File  		     592	output.txt
	  New Dir          1	C:\Users\DannyGeminiAnti\.gemini\antigravity\brain\13d289c7-8aca-4523-9e85-52f4f3632356\.system_generated\steps\2298\
	    New File  		    2058	output.txt
	  New Dir          1	C:\Users\DannyGeminiAnti\.gemini\antigravity\brain\13d289c7-8aca-4523-9e85-52f4f3632356\.system_generated\steps\23\
	    New File  		     145	output.txt
	  New Dir          1	C:\Users\DannyGeminiAnti\.gemini\antigravity\brain\13d289c7-8aca-4523-9e85-52f4f3632356\.system_generated\steps\2300\
	    New File  		      51	output.txt
	  New Dir          1	C:\Users\DannyGeminiAnti\.gemini\antigravity\brain\13d289c7-8aca-4523-9e85-52f4f3632356\.system_generated\steps\2302\
	    New File  		    2967	output.txt
	  New Dir          1	C:\Users\DannyGeminiAnti\.gemini\antigravity\brain\13d289c7-8aca-4523-9e85-52f4f3632356\.system_generated\steps\2304\
	    New File  		    8223	output.txt
	  New Dir          1	C:\Users\DannyGeminiAnti\.gemini\antigravity\brain\13d289c7-8aca-4523-9e85-52f4f3632356\.system_generated\steps\2306\
	    New File  		    2314	output.txt
	  New Dir          1	C:\Users\DannyGeminiAnti\.gemini\antigravity\brain\13d289c7-8aca-4523-9e85-52f4f3632356\.system_generated\steps\2308\
	    New File  		      51	output.txt
	  New Dir          1	C:\Users\DannyGeminiAnti\.gemini\antigravity\brain\13d289c7-8aca-4523-9e85-52f4f3632356\.system_generated\steps\2310\
	    New File  		     931	output.txt
	  New Dir          1	C:\Users\DannyGeminiAnti\.gemini\antigravity\brain\13d289c7-8aca-4523-9e85-52f4f3632356\.system_generated\steps\2312\
	    New File  		      51	output.txt
	  New Dir          1	C:\Users\DannyGeminiAnti\.gemini\antigravity\brain\13d289c7-8aca-4523-9e85-52f4f3632356\.system_generated\steps\2314\
	    New File  		     956	output.txt
	  New Dir          1	C:\Users\DannyGeminiAnti\.gemini\antigravity\brain\13d289c7-8aca-4523-9e85-52f4f3632356\.system_generated\steps\2316\
	    New File  		     843	output.txt
	  New Dir          1	C:\Users\DannyGeminiAnti\.gemini\antigravity\brain\13d289c7-8aca-4523-9e85-52f4f3632356\.system_generated\steps\2318\
	    New File  		     136	output.txt
	  New Dir          1	C:\Users\DannyGeminiAnti\.gemini\antigravity\brain\13d289c7-8aca-4523-9e85-52f4f3632356\.system_generated\steps\2320\
	    New File  		     195	output.txt
	  New Dir          1	C:\Users\DannyGeminiAnti\.gemini\antigravity\brain\13d289c7-8aca-4523-9e85-52f4f3632356\.system_generated\steps\2322\
	    New File  		     384	output.txt
	  New Dir          1	C:\Users\DannyGeminiAnti\.gemini\antigravity\brain\13d289c7-8aca-4523-9e85-52f4f3632356\.system_generated\steps\2324\
	    New File  		     199	output.txt
	  New Dir          1	C:\Users\DannyGeminiAnti\.gemini\antigravity\brain\13d289c7-8aca-4523-9e85-52f4f3632356\.system_generated\steps\2326\
	    New File  		     315	output.txt
	  New Dir          1	C:\Users\DannyGeminiAnti\.gemini\antigravity\brain\13d289c7-8aca-4523-9e85-52f4f3632356\.system_generated\steps\2328\
	    New File  		     437	output.txt
	  New Dir          1	C:\Users\DannyGeminiAnti\.gemini\antigravity\brain\13d289c7-8aca-4523-9e85-52f4f3632356\.system_generated\steps\233\
	    New File  		    2776	output.txt
	  New Dir          1	C:\Users\DannyGeminiAnti\.gemini\antigravity\brain\13d289c7-8aca-4523-9e85-52f4f3632356\.system_generated\steps\2330\
	    New File  		     291	output.txt
	  New Dir          1	C:\Users\DannyGeminiAnti\.gemini\antigravity\brain\13d289c7-8aca-4523-9e85-52f4f3632356\.system_generated\steps\2332\
	    New File  		     199	output.txt
	  New Dir          1	C:\Users\DannyGeminiAnti\.gemini\antigravity\brain\13d289c7-8aca-4523-9e85-52f4f3632356\.system_generated\steps\2334\
	    New File  		     219	output.txt
	  New Dir          1	C:\Users\DannyGeminiAnti\.gemini\antigravity\brain\13d289c7-8aca-4523-9e85-52f4f3632356\.system_generated\steps\2336\
	    New File  		      51	output.txt
	  New Dir          1	C:\Users\DannyGeminiAnti\.gemini\antigravity\brain\13d289c7-8aca-4523-9e85-52f4f3632356\.system_generated\steps\2338\
	    New File  		     327	output.txt
	  New Dir          1	C:\Users\DannyGeminiAnti\.gemini\antigravity\brain\13d289c7-8aca-4523-9e85-52f4f3632356\.system_generated\steps\2340\
	    New File  		      68	output.txt
	  New Dir          1	C:\Users\DannyGeminiAnti\.gemini\antigravity\brain\13d289c7-8aca-4523-9e85-52f4f3632356\.system_generated\steps\2342\
	    New File  		    1059	output.txt
	  New Dir          1	C:\Users\DannyGeminiAnti\.gemini\antigravity\brain\13d289c7-8aca-4523-9e85-52f4f3632356\.system_generated\steps\2344\
	    New File  		      56	output.txt
	  New Dir          1	C:\Users\DannyGeminiAnti\.gemini\antigravity\brain\13d289c7-8aca-4523-9e85-52f4f3632356\.system_generated\steps\2346\
	    New File  		      51	output.txt
	  New Dir          1	C:\Users\DannyGeminiAnti\.gemini\antigravity\brain\13d289c7-8aca-4523-9e85-52f4f3632356\.system_generated\steps\2348\
	    New File  		     786	output.txt
	  New Dir          1	C:\Users\DannyGeminiAnti\.gemini\antigravity\brain\13d289c7-8aca-4523-9e85-52f4f3632356\.system_generated\steps\2350\
	    New File  		     813	output.txt
	  New Dir          1	C:\Users\DannyGeminiAnti\.gemini\antigravity\brain\13d289c7-8aca-4523-9e85-52f4f3632356\.system_generated\steps\2354\
	    New File  		      84	output.txt
	  New Dir          1	C:\Users\DannyGeminiAnti\.gemini\antigravity\brain\13d289c7-8aca-4523-9e85-52f4f3632356\.system_generated\steps\2360\
	    New File  		    2058	output.txt
	  New Dir          1	C:\Users\DannyGeminiAnti\.gemini\antigravity\brain\13d289c7-8aca-4523-9e85-52f4f3632356\.system_generated\steps\2362\
	    New File  		    8210	output.txt
	  New Dir          1	C:\Users\DannyGeminiAnti\.gemini\antigravity\brain\13d289c7-8aca-4523-9e85-52f4f3632356\.system_generated\steps\2364\
	    New File  		    1766	output.txt
	  New Dir          1	C:\Users\DannyGeminiAnti\.gemini\antigravity\brain\13d289c7-8aca-4523-9e85-52f4f3632356\.system_generated\steps\2366\
	    New File  		      51	output.txt
	  New Dir          1	C:\Users\DannyGeminiAnti\.gemini\antigravity\brain\13d289c7-8aca-4523-9e85-52f4f3632356\.system_generated\steps\2368\
	    New File  		    4587	output.txt
	  New Dir          1	C:\Users\DannyGeminiAnti\.gemini\antigravity\brain\13d289c7-8aca-4523-9e85-52f4f3632356\.system_generated\steps\237\
	    New File  		    5206	output.txt
	  New Dir          1	C:\Users\DannyGeminiAnti\.gemini\antigravity\brain\13d289c7-8aca-4523-9e85-52f4f3632356\.system_generated\steps\2370\
	    New File  		    7225	output.txt
	  New Dir          1	C:\Users\DannyGeminiAnti\.gemini\antigravity\brain\13d289c7-8aca-4523-9e85-52f4f3632356\.system_generated\steps\2372\
	    New File  		    1379	output.txt
	  New Dir          1	C:\Users\DannyGeminiAnti\.gemini\antigravity\brain\13d289c7-8aca-4523-9e85-52f4f3632356\.system_generated\steps\2374\
	    New File  		     446	output.txt
	  New Dir          1	C:\Users\DannyGeminiAnti\.gemini\antigravity\brain\13d289c7-8aca-4523-9e85-52f4f3632356\.system_generated\steps\2376\
	    New File  		     956	output.txt
	  New Dir          1	C:\Users\DannyGeminiAnti\.gemini\antigravity\brain\13d289c7-8aca-4523-9e85-52f4f3632356\.system_generated\steps\2378\
	    New File  		    1003	output.txt
	  New Dir          1	C:\Users\DannyGeminiAnti\.gemini\antigravity\brain\13d289c7-8aca-4523-9e85-52f4f3632356\.system_generated\steps\2380\
	    New File  		      68	output.txt
	  New Dir          1	C:\Users\DannyGeminiAnti\.gemini\antigravity\brain\13d289c7-8aca-4523-9e85-52f4f3632356\.system_generated\steps\2383\
	    New File  		    1059	output.txt
	  New Dir          1	C:\Users\DannyGeminiAnti\.gemini\antigravity\brain\13d289c7-8aca-4523-9e85-52f4f3632356\.system_generated\steps\2385\
	    New File  		      56	output.txt
	  New Dir          1	C:\Users\DannyGeminiAnti\.gemini\antigravity\brain\13d289c7-8aca-4523-9e85-52f4f3632356\.system_generated\steps\2387\
	    New File  		      51	output.txt
	  New Dir          1	C:\Users\DannyGeminiAnti\.gemini\antigravity\brain\13d289c7-8aca-4523-9e85-52f4f3632356\.system_generated\steps\2389\
	    New File  		     646	output.txt
	  New Dir          1	C:\Users\DannyGeminiAnti\.gemini\antigravity\brain\13d289c7-8aca-4523-9e85-52f4f3632356\.system_generated\steps\239\
	    New File  		      51	output.txt
	  New Dir          1	C:\Users\DannyGeminiAnti\.gemini\antigravity\brain\13d289c7-8aca-4523-9e85-52f4f3632356\.system_generated\steps\2391\
	    New File  		     813	output.txt
	  New Dir          1	C:\Users\DannyGeminiAnti\.gemini\antigravity\brain\13d289c7-8aca-4523-9e85-52f4f3632356\.system_generated\steps\2395\
	    New File  		      51	output.txt
	  New Dir          1	C:\Users\DannyGeminiAnti\.gemini\antigravity\brain\13d289c7-8aca-4523-9e85-52f4f3632356\.system_generated\steps\2397\
	    New File  		     110	output.txt
	  New Dir          1	C:\Users\DannyGeminiAnti\.gemini\antigravity\brain\13d289c7-8aca-4523-9e85-52f4f3632356\.system_generated\steps\2401\
	    New File  		    7774	output.txt
	  New Dir          1	C:\Users\DannyGeminiAnti\.gemini\antigravity\brain\13d289c7-8aca-4523-9e85-52f4f3632356\.system_generated\steps\241\
	    New File  		     524	output.txt
	  New Dir          1	C:\Users\DannyGeminiAnti\.gemini\antigravity\brain\13d289c7-8aca-4523-9e85-52f4f3632356\.system_generated\steps\2419\
	    New File  		     876	output.txt
	  New Dir          1	C:\Users\DannyGeminiAnti\.gemini\antigravity\brain\13d289c7-8aca-4523-9e85-52f4f3632356\.system_generated\steps\2423\
	    New File  		     114	output.txt
	  New Dir          1	C:\Users\DannyGeminiAnti\.gemini\antigravity\brain\13d289c7-8aca-4523-9e85-52f4f3632356\.system_generated\steps\2431\
	    New File  		    2579	output.txt
	  New Dir          1	C:\Users\DannyGeminiAnti\.gemini\antigravity\brain\13d289c7-8aca-4523-9e85-52f4f3632356\.system_generated\steps\2433\
	    New File  		      63	output.txt
	  New Dir          1	C:\Users\DannyGeminiAnti\.gemini\antigravity\brain\13d289c7-8aca-4523-9e85-52f4f3632356\.system_generated\steps\2441\
	    New File  		    1074	output.txt
	  New Dir          1	C:\Users\DannyGeminiAnti\.gemini\antigravity\brain\13d289c7-8aca-4523-9e85-52f4f3632356\.system_generated\steps\2447\
	    New File  		     734	output.txt
	  New Dir          1	C:\Users\DannyGeminiAnti\.gemini\antigravity\brain\13d289c7-8aca-4523-9e85-52f4f3632356\.system_generated\steps\2449\
	    New File  		    2854	output.txt
	  New Dir          1	C:\Users\DannyGeminiAnti\.gemini\antigravity\brain\13d289c7-8aca-4523-9e85-52f4f3632356\.system_generated\steps\2453\
	    New File  		    1843	output.txt
	  New Dir          1	C:\Users\DannyGeminiAnti\.gemini\antigravity\brain\13d289c7-8aca-4523-9e85-52f4f3632356\.system_generated\steps\2455\
	    New File  		      68	output.txt
	  New Dir          1	C:\Users\DannyGeminiAnti\.gemini\antigravity\brain\13d289c7-8aca-4523-9e85-52f4f3632356\.system_generated\steps\2457\
	    New File  		    1268	output.txt
	  New Dir          1	C:\Users\DannyGeminiAnti\.gemini\antigravity\brain\13d289c7-8aca-4523-9e85-52f4f3632356\.system_generated\steps\2459\
	    New File  		      56	output.txt
	  New Dir          1	C:\Users\DannyGeminiAnti\.gemini\antigravity\brain\13d289c7-8aca-4523-9e85-52f4f3632356\.system_generated\steps\2461\
	    New File  		      51	output.txt
	  New Dir          1	C:\Users\DannyGeminiAnti\.gemini\antigravity\brain\13d289c7-8aca-4523-9e85-52f4f3632356\.system_generated\steps\2463\
	    New File  		     658	output.txt
	  New Dir          1	C:\Users\DannyGeminiAnti\.gemini\antigravity\brain\13d289c7-8aca-4523-9e85-52f4f3632356\.system_generated\steps\2465\
	    New File  		     825	output.txt
	  New Dir          1	C:\Users\DannyGeminiAnti\.gemini\antigravity\brain\13d289c7-8aca-4523-9e85-52f4f3632356\.system_generated\steps\2479\
	    New File  		    2419	output.txt
	  New Dir          1	C:\Users\DannyGeminiAnti\.gemini\antigravity\brain\13d289c7-8aca-4523-9e85-52f4f3632356\.system_generated\steps\2481\
	    New File  		      68	output.txt
	  New Dir          1	C:\Users\DannyGeminiAnti\.gemini\antigravity\brain\13d289c7-8aca-4523-9e85-52f4f3632356\.system_generated\steps\2483\
	    New File  		    1059	output.txt
	  New Dir          1	C:\Users\DannyGeminiAnti\.gemini\antigravity\brain\13d289c7-8aca-4523-9e85-52f4f3632356\.system_generated\steps\2485\
	    New File  		      56	output.txt
	  New Dir          1	C:\Users\DannyGeminiAnti\.gemini\antigravity\brain\13d289c7-8aca-4523-9e85-52f4f3632356\.system_generated\steps\2487\
	    New File  		      51	output.txt
	  New Dir          1	C:\Users\DannyGeminiAnti\.gemini\antigravity\brain\13d289c7-8aca-4523-9e85-52f4f3632356\.system_generated\steps\2489\
	    New File  		     640	output.txt
	  New Dir          1	C:\Users\DannyGeminiAnti\.gemini\antigravity\brain\13d289c7-8aca-4523-9e85-52f4f3632356\.system_generated\steps\249\
	    New File  		     203	output.txt
	  New Dir          1	C:\Users\DannyGeminiAnti\.gemini\antigravity\brain\13d289c7-8aca-4523-9e85-52f4f3632356\.system_generated\steps\2491\
	    New File  		     809	output.txt
	  New Dir          1	C:\Users\DannyGeminiAnti\.gemini\antigravity\brain\13d289c7-8aca-4523-9e85-52f4f3632356\.system_generated\steps\2497\
	    New File  		    6400	output.txt
	  New Dir          1	C:\Users\DannyGeminiAnti\.gemini\antigravity\brain\13d289c7-8aca-4523-9e85-52f4f3632356\.system_generated\steps\25\
	    New File  		    7187	output.txt
	  New Dir          1	C:\Users\DannyGeminiAnti\.gemini\antigravity\brain\13d289c7-8aca-4523-9e85-52f4f3632356\.system_generated\steps\2501\
	    New File  		    1118	output.txt
	  New Dir          1	C:\Users\DannyGeminiAnti\.gemini\antigravity\brain\13d289c7-8aca-4523-9e85-52f4f3632356\.system_generated\steps\2503\
	    New File  		     887	output.txt
	  New Dir          1	C:\Users\DannyGeminiAnti\.gemini\antigravity\brain\13d289c7-8aca-4523-9e85-52f4f3632356\.system_generated\steps\2505\
	    New File  		      68	output.txt
	  New Dir          1	C:\Users\DannyGeminiAnti\.gemini\antigravity\brain\13d289c7-8aca-4523-9e85-52f4f3632356\.system_generated\steps\2507\
	    New File  		    1059	output.txt
	  New Dir          1	C:\Users\DannyGeminiAnti\.gemini\antigravity\brain\13d289c7-8aca-4523-9e85-52f4f3632356\.system_generated\steps\2509\
	    New File  		      56	output.txt
	  New Dir          2	C:\Users\DannyGeminiAnti\.gemini\antigravity\brain\13d289c7-8aca-4523-9e85-52f4f3632356\.system_generated\steps\251\
	    New File  		    2427	content.md
	    New File  		     503	output.txt
	  New Dir          1	C:\Users\DannyGeminiAnti\.gemini\antigravity\brain\13d289c7-8aca-4523-9e85-52f4f3632356\.system_generated\steps\2511\
	    New File  		      51	output.txt
	  New Dir          1	C:\Users\DannyGeminiAnti\.gemini\antigravity\brain\13d289c7-8aca-4523-9e85-52f4f3632356\.system_generated\steps\2513\
	    New File  		     683	output.txt
	  New Dir          1	C:\Users\DannyGeminiAnti\.gemini\antigravity\brain\13d289c7-8aca-4523-9e85-52f4f3632356\.system_generated\steps\2515\
	    New File  		     850	output.txt
	  New Dir          1	C:\Users\DannyGeminiAnti\.gemini\antigravity\brain\13d289c7-8aca-4523-9e85-52f4f3632356\.system_generated\steps\2523\
	    New File  		      51	output.txt
	  New Dir          1	C:\Users\DannyGeminiAnti\.gemini\antigravity\brain\13d289c7-8aca-4523-9e85-52f4f3632356\.system_generated\steps\2531\
	    New File  		      51	output.txt
	  New Dir          1	C:\Users\DannyGeminiAnti\.gemini\antigravity\brain\13d289c7-8aca-4523-9e85-52f4f3632356\.system_generated\steps\2533\
	    New File  		     593	output.txt
	  New Dir          1	C:\Users\DannyGeminiAnti\.gemini\antigravity\brain\13d289c7-8aca-4523-9e85-52f4f3632356\.system_generated\steps\2535\
	    New File  		     239	output.txt
	  New Dir          1	C:\Users\DannyGeminiAnti\.gemini\antigravity\brain\13d289c7-8aca-4523-9e85-52f4f3632356\.system_generated\steps\2541\
	    New File  		    3128	output.txt
	  New Dir          1	C:\Users\DannyGeminiAnti\.gemini\antigravity\brain\13d289c7-8aca-4523-9e85-52f4f3632356\.system_generated\steps\2543\
	    New File  		     199	output.txt
	  New Dir          1	C:\Users\DannyGeminiAnti\.gemini\antigravity\brain\13d289c7-8aca-4523-9e85-52f4f3632356\.system_generated\steps\2547\
	    New File  		     199	output.txt
	  New Dir          1	C:\Users\DannyGeminiAnti\.gemini\antigravity\brain\13d289c7-8aca-4523-9e85-52f4f3632356\.system_generated\steps\255\
	    New File  		      63	output.txt
	  New Dir          1	C:\Users\DannyGeminiAnti\.gemini\antigravity\brain\13d289c7-8aca-4523-9e85-52f4f3632356\.system_generated\steps\2551\
	    New File  		      47	output.txt
	  New Dir          1	C:\Users\DannyGeminiAnti\.gemini\antigravity\brain\13d289c7-8aca-4523-9e85-52f4f3632356\.system_generated\steps\2553\
	    New File  		    2200	output.txt
	  New Dir          1	C:\Users\DannyGeminiAnti\.gemini\antigravity\brain\13d289c7-8aca-4523-9e85-52f4f3632356\.system_generated\steps\2555\
	    New File  		     879	output.txt
	  New Dir          1	C:\Users\DannyGeminiAnti\.gemini\antigravity\brain\13d289c7-8aca-4523-9e85-52f4f3632356\.system_generated\steps\2557\
	    New File  		     795	output.txt
	  New Dir          1	C:\Users\DannyGeminiAnti\.gemini\antigravity\brain\13d289c7-8aca-4523-9e85-52f4f3632356\.system_generated\steps\2563\
	    New File  		    1149	output.txt
	  New Dir          1	C:\Users\DannyGeminiAnti\.gemini\antigravity\brain\13d289c7-8aca-4523-9e85-52f4f3632356\.system_generated\steps\2565\
	    New File  		    2083	output.txt
	  New Dir          1	C:\Users\DannyGeminiAnti\.gemini\antigravity\brain\13d289c7-8aca-4523-9e85-52f4f3632356\.system_generated\steps\2569\
	    New File  		    1487	output.txt
	  New Dir          1	C:\Users\DannyGeminiAnti\.gemini\antigravity\brain\13d289c7-8aca-4523-9e85-52f4f3632356\.system_generated\steps\2571\
	    New File  		      66	output.txt
	  New Dir          1	C:\Users\DannyGeminiAnti\.gemini\antigravity\brain\13d289c7-8aca-4523-9e85-52f4f3632356\.system_generated\steps\2573\
	    New File  		     476	output.txt
	  New Dir          1	C:\Users\DannyGeminiAnti\.gemini\antigravity\brain\13d289c7-8aca-4523-9e85-52f4f3632356\.system_generated\steps\2575\
	    New File  		    3069	output.txt
	  New Dir          1	C:\Users\DannyGeminiAnti\.gemini\antigravity\brain\13d289c7-8aca-4523-9e85-52f4f3632356\.system_generated\steps\2581\
	    New File  		      51	output.txt
	  New Dir          1	C:\Users\DannyGeminiAnti\.gemini\antigravity\brain\13d289c7-8aca-4523-9e85-52f4f3632356\.system_generated\steps\2585\
	    New File  		     318	output.txt
	  New Dir          1	C:\Users\DannyGeminiAnti\.gemini\antigravity\brain\13d289c7-8aca-4523-9e85-52f4f3632356\.system_generated\steps\2587\
	    New File  		     112	output.txt
	  New Dir          1	C:\Users\DannyGeminiAnti\.gemini\antigravity\brain\13d289c7-8aca-4523-9e85-52f4f3632356\.system_generated\steps\2589\
	    New File  		      61	output.txt
	  New Dir          1	C:\Users\DannyGeminiAnti\.gemini\antigravity\brain\13d289c7-8aca-4523-9e85-52f4f3632356\.system_generated\steps\2591\
	    New File  		      47	output.txt
	  New Dir          1	C:\Users\DannyGeminiAnti\.gemini\antigravity\brain\13d289c7-8aca-4523-9e85-52f4f3632356\.system_generated\steps\2593\
	    New File  		     424	output.txt
	  New Dir          1	C:\Users\DannyGeminiAnti\.gemini\antigravity\brain\13d289c7-8aca-4523-9e85-52f4f3632356\.system_generated\steps\2595\
	    New File  		    1793	output.txt
	  New Dir          1	C:\Users\DannyGeminiAnti\.gemini\antigravity\brain\13d289c7-8aca-4523-9e85-52f4f3632356\.system_generated\steps\2597\
	    New File  		    1272	output.txt
	  New Dir          1	C:\Users\DannyGeminiAnti\.gemini\antigravity\brain\13d289c7-8aca-4523-9e85-52f4f3632356\.system_generated\steps\2600\
	    New File  		     530	output.txt
	  New Dir          1	C:\Users\DannyGeminiAnti\.gemini\antigravity\brain\13d289c7-8aca-4523-9e85-52f4f3632356\.system_generated\steps\2602\
	    New File  		     399	output.txt
	  New Dir          1	C:\Users\DannyGeminiAnti\.gemini\antigravity\brain\13d289c7-8aca-4523-9e85-52f4f3632356\.system_generated\steps\2606\
	    New File  		     657	output.txt
	  New Dir          1	C:\Users\DannyGeminiAnti\.gemini\antigravity\brain\13d289c7-8aca-4523-9e85-52f4f3632356\.system_generated\steps\2608\
	    New File  		     381	output.txt
	  New Dir          1	C:\Users\DannyGeminiAnti\.gemini\antigravity\brain\13d289c7-8aca-4523-9e85-52f4f3632356\.system_generated\steps\2610\
	    New File  		    1146	output.txt
	  New Dir          1	C:\Users\DannyGeminiAnti\.gemini\antigravity\brain\13d289c7-8aca-4523-9e85-52f4f3632356\.system_generated\steps\2612\
	    New File  		    2104	output.txt
	  New Dir          1	C:\Users\DannyGeminiAnti\.gemini\antigravity\brain\13d289c7-8aca-4523-9e85-52f4f3632356\.system_generated\steps\2616\
	    New File  		     699	output.txt
	  New Dir          1	C:\Users\DannyGeminiAnti\.gemini\antigravity\brain\13d289c7-8aca-4523-9e85-52f4f3632356\.system_generated\steps\2618\
	    New File  		    1102	output.txt
	  New Dir          1	C:\Users\DannyGeminiAnti\.gemini\antigravity\brain\13d289c7-8aca-4523-9e85-52f4f3632356\.system_generated\steps\2620\
	    New File  		      51	output.txt
	  New Dir          1	C:\Users\DannyGeminiAnti\.gemini\antigravity\brain\13d289c7-8aca-4523-9e85-52f4f3632356\.system_generated\steps\2622\
	    New File  		      51	output.txt
	  New Dir          1	C:\Users\DannyGeminiAnti\.gemini\antigravity\brain\13d289c7-8aca-4523-9e85-52f4f3632356\.system_generated\steps\2624\
	    New File  		     790	output.txt
	  New Dir          1	C:\Users\DannyGeminiAnti\.gemini\antigravity\brain\13d289c7-8aca-4523-9e85-52f4f3632356\.system_generated\steps\2626\
	    New File  		    1203	output.txt
	  New Dir          1	C:\Users\DannyGeminiAnti\.gemini\antigravity\brain\13d289c7-8aca-4523-9e85-52f4f3632356\.system_generated\steps\2632\
	    New File  		     189	output.txt
	  New Dir          1	C:\Users\DannyGeminiAnti\.gemini\antigravity\brain\13d289c7-8aca-4523-9e85-52f4f3632356\.system_generated\steps\2634\
	    New File  		     816	output.txt
	  New Dir          1	C:\Users\DannyGeminiAnti\.gemini\antigravity\brain\13d289c7-8aca-4523-9e85-52f4f3632356\.system_generated\steps\2636\
	    New File  		      51	output.txt
	  New Dir          1	C:\Users\DannyGeminiAnti\.gemini\antigravity\brain\13d289c7-8aca-4523-9e85-52f4f3632356\.system_generated\steps\2640\
	    New File  		      79	output.txt
	  New Dir          1	C:\Users\DannyGeminiAnti\.gemini\antigravity\brain\13d289c7-8aca-4523-9e85-52f4f3632356\.system_generated\steps\2642\
	    New File  		     304	output.txt
	  New Dir          1	C:\Users\DannyGeminiAnti\.gemini\antigravity\brain\13d289c7-8aca-4523-9e85-52f4f3632356\.system_generated\steps\2644\
	    New File  		    2638	output.txt
	  New Dir          1	C:\Users\DannyGeminiAnti\.gemini\antigravity\brain\13d289c7-8aca-4523-9e85-52f4f3632356\.system_generated\steps\2646\
	    New File  		     775	output.txt
	  New Dir          1	C:\Users\DannyGeminiAnti\.gemini\antigravity\brain\13d289c7-8aca-4523-9e85-52f4f3632356\.system_generated\steps\2648\
	    New File  		    3839	output.txt
	  New Dir          1	C:\Users\DannyGeminiAnti\.gemini\antigravity\brain\13d289c7-8aca-4523-9e85-52f4f3632356\.system_generated\steps\2650\
	    New File  		     609	output.txt
	  New Dir          1	C:\Users\DannyGeminiAnti\.gemini\antigravity\brain\13d289c7-8aca-4523-9e85-52f4f3632356\.system_generated\steps\2652\
	    New File  		    1784	output.txt
	  New Dir          1	C:\Users\DannyGeminiAnti\.gemini\antigravity\brain\13d289c7-8aca-4523-9e85-52f4f3632356\.system_generated\steps\2654\
	    New File  		      51	output.txt
	  New Dir          1	C:\Users\DannyGeminiAnti\.gemini\antigravity\brain\13d289c7-8aca-4523-9e85-52f4f3632356\.system_generated\steps\2656\
	    New File  		     467	output.txt
	  New Dir          1	C:\Users\DannyGeminiAnti\.gemini\antigravity\brain\13d289c7-8aca-4523-9e85-52f4f3632356\.system_generated\steps\2658\
	    New File  		     628	output.txt
	  New Dir          1	C:\Users\DannyGeminiAnti\.gemini\antigravity\brain\13d289c7-8aca-4523-9e85-52f4f3632356\.system_generated\steps\266\
	    New File  		    1059	output.txt
	  New Dir          1	C:\Users\DannyGeminiAnti\.gemini\antigravity\brain\13d289c7-8aca-4523-9e85-52f4f3632356\.system_generated\steps\2662\
	    New File  		     938	output.txt
	  New Dir          1	C:\Users\DannyGeminiAnti\.gemini\antigravity\brain\13d289c7-8aca-4523-9e85-52f4f3632356\.system_generated\steps\2668\
	    New File  		    2397	output.txt
	  New Dir          1	C:\Users\DannyGeminiAnti\.gemini\antigravity\brain\13d289c7-8aca-4523-9e85-52f4f3632356\.system_generated\steps\2670\
	    New File  		     907	output.txt
	  New Dir          1	C:\Users\DannyGeminiAnti\.gemini\antigravity\brain\13d289c7-8aca-4523-9e85-52f4f3632356\.system_generated\steps\2672\
	    New File  		     953	output.txt
	  New Dir          1	C:\Users\DannyGeminiAnti\.gemini\antigravity\brain\13d289c7-8aca-4523-9e85-52f4f3632356\.system_generated\steps\2674\
	    New File  		    1188	output.txt
	  New Dir          1	C:\Users\DannyGeminiAnti\.gemini\antigravity\brain\13d289c7-8aca-4523-9e85-52f4f3632356\.system_generated\steps\2676\
	    New File  		    1248	output.txt
	  New Dir          1	C:\Users\DannyGeminiAnti\.gemini\antigravity\brain\13d289c7-8aca-4523-9e85-52f4f3632356\.system_generated\steps\2678\
	    New File  		    1995	output.txt
	  New Dir          1	C:\Users\DannyGeminiAnti\.gemini\antigravity\brain\13d289c7-8aca-4523-9e85-52f4f3632356\.system_generated\steps\2680\
	    New File  		    1683	output.txt
	  New Dir          1	C:\Users\DannyGeminiAnti\.gemini\antigravity\brain\13d289c7-8aca-4523-9e85-52f4f3632356\.system_generated\steps\2682\
	    New File  		    1779	output.txt
	  New Dir          1	C:\Users\DannyGeminiAnti\.gemini\antigravity\brain\13d289c7-8aca-4523-9e85-52f4f3632356\.system_generated\steps\2684\
	    New File  		    1102	output.txt
	  New Dir          1	C:\Users\DannyGeminiAnti\.gemini\antigravity\brain\13d289c7-8aca-4523-9e85-52f4f3632356\.system_generated\steps\2686\
	    New File  		      51	output.txt
	  New Dir          1	C:\Users\DannyGeminiAnti\.gemini\antigravity\brain\13d289c7-8aca-4523-9e85-52f4f3632356\.system_generated\steps\2688\
	    New File  		     394	output.txt
	  New Dir          1	C:\Users\DannyGeminiAnti\.gemini\antigravity\brain\13d289c7-8aca-4523-9e85-52f4f3632356\.system_generated\steps\2691\
	    New File  		     653	output.txt
	  New Dir          1	C:\Users\DannyGeminiAnti\.gemini\antigravity\brain\13d289c7-8aca-4523-9e85-52f4f3632356\.system_generated\steps\2695\
	    New File  		     867	output.txt
	  New Dir          1	C:\Users\DannyGeminiAnti\.gemini\antigravity\brain\13d289c7-8aca-4523-9e85-52f4f3632356\.system_generated\steps\2697\
	    New File  		    1559	output.txt
	  New Dir          1	C:\Users\DannyGeminiAnti\.gemini\antigravity\brain\13d289c7-8aca-4523-9e85-52f4f3632356\.system_generated\steps\2699\
	    New File  		    8154	output.txt
	  New Dir          1	C:\Users\DannyGeminiAnti\.gemini\antigravity\brain\13d289c7-8aca-4523-9e85-52f4f3632356\.system_generated\steps\27\
	    New File  		    1476	output.txt
	  New Dir          1	C:\Users\DannyGeminiAnti\.gemini\antigravity\brain\13d289c7-8aca-4523-9e85-52f4f3632356\.system_generated\steps\2701\
	    New File  		     853	output.txt
	  New Dir          1	C:\Users\DannyGeminiAnti\.gemini\antigravity\brain\13d289c7-8aca-4523-9e85-52f4f3632356\.system_generated\steps\2703\
	    New File  		     797	output.txt
	  New Dir          1	C:\Users\DannyGeminiAnti\.gemini\antigravity\brain\13d289c7-8aca-4523-9e85-52f4f3632356\.system_generated\steps\2709\
	    New File  		    1624	output.txt
	  New Dir          1	C:\Users\DannyGeminiAnti\.gemini\antigravity\brain\13d289c7-8aca-4523-9e85-52f4f3632356\.system_generated\steps\271\
	    New File  		      51	output.txt
	  New Dir          1	C:\Users\DannyGeminiAnti\.gemini\antigravity\brain\13d289c7-8aca-4523-9e85-52f4f3632356\.system_generated\steps\2711\
	    New File  		    1894	output.txt
	  New Dir          1	C:\Users\DannyGeminiAnti\.gemini\antigravity\brain\13d289c7-8aca-4523-9e85-52f4f3632356\.system_generated\steps\2713\
	    New File  		    1207	output.txt
	  New Dir          1	C:\Users\DannyGeminiAnti\.gemini\antigravity\brain\13d289c7-8aca-4523-9e85-52f4f3632356\.system_generated\steps\2715\
	    New File  		     146	output.txt
	  New Dir          1	C:\Users\DannyGeminiAnti\.gemini\antigravity\brain\13d289c7-8aca-4523-9e85-52f4f3632356\.system_generated\steps\2717\
	    New File  		     853	output.txt
	  New Dir          1	C:\Users\DannyGeminiAnti\.gemini\antigravity\brain\13d289c7-8aca-4523-9e85-52f4f3632356\.system_generated\steps\2719\
	    New File  		      51	output.txt
	  New Dir          1	C:\Users\DannyGeminiAnti\.gemini\antigravity\brain\13d289c7-8aca-4523-9e85-52f4f3632356\.system_generated\steps\2721\
	    New File  		     355	output.txt
	  New Dir          1	C:\Users\DannyGeminiAnti\.gemini\antigravity\brain\13d289c7-8aca-4523-9e85-52f4f3632356\.system_generated\steps\2723\
	    New File  		    1222	output.txt
	  New Dir          1	C:\Users\DannyGeminiAnti\.gemini\antigravity\brain\13d289c7-8aca-4523-9e85-52f4f3632356\.system_generated\steps\2725\
	    New File  		      51	output.txt
	  New Dir          1	C:\Users\DannyGeminiAnti\.gemini\antigravity\brain\13d289c7-8aca-4523-9e85-52f4f3632356\.system_generated\steps\2727\
	    New File  		     853	output.txt
	  New Dir          1	C:\Users\DannyGeminiAnti\.gemini\antigravity\brain\13d289c7-8aca-4523-9e85-52f4f3632356\.system_generated\steps\2729\
	    New File  		     948	output.txt
	  New Dir          1	C:\Users\DannyGeminiAnti\.gemini\antigravity\brain\13d289c7-8aca-4523-9e85-52f4f3632356\.system_generated\steps\273\
	    New File  		      51	output.txt
	  New Dir          1	C:\Users\DannyGeminiAnti\.gemini\antigravity\brain\13d289c7-8aca-4523-9e85-52f4f3632356\.system_generated\steps\2731\
	    New File  		      51	output.txt
	  New Dir          1	C:\Users\DannyGeminiAnti\.gemini\antigravity\brain\13d289c7-8aca-4523-9e85-52f4f3632356\.system_generated\steps\2733\
	    New File  		    8154	output.txt
	  New Dir          1	C:\Users\DannyGeminiAnti\.gemini\antigravity\brain\13d289c7-8aca-4523-9e85-52f4f3632356\.system_generated\steps\2735\
	    New File  		      51	output.txt
	  New Dir          1	C:\Users\DannyGeminiAnti\.gemini\antigravity\brain\13d289c7-8aca-4523-9e85-52f4f3632356\.system_generated\steps\2737\
	    New File  		    1144	output.txt
	  New Dir          1	C:\Users\DannyGeminiAnti\.gemini\antigravity\brain\13d289c7-8aca-4523-9e85-52f4f3632356\.system_generated\steps\2739\
	    New File  		     228	output.txt
	  New Dir          1	C:\Users\DannyGeminiAnti\.gemini\antigravity\brain\13d289c7-8aca-4523-9e85-52f4f3632356\.system_generated\steps\275\
	    New File  		     618	output.txt
	  New Dir          1	C:\Users\DannyGeminiAnti\.gemini\antigravity\brain\13d289c7-8aca-4523-9e85-52f4f3632356\.system_generated\steps\2753\
	    New File  		     727	output.txt
	  New Dir          1	C:\Users\DannyGeminiAnti\.gemini\antigravity\brain\13d289c7-8aca-4523-9e85-52f4f3632356\.system_generated\steps\2755\
	    New File  		     918	output.txt
	  New Dir          1	C:\Users\DannyGeminiAnti\.gemini\antigravity\brain\13d289c7-8aca-4523-9e85-52f4f3632356\.system_generated\steps\2773\
	    New File  		    2852	output.txt
	  New Dir          1	C:\Users\DannyGeminiAnti\.gemini\antigravity\brain\13d289c7-8aca-4523-9e85-52f4f3632356\.system_generated\steps\2777\
	    New File  		     743	output.txt
	  New Dir          1	C:\Users\DannyGeminiAnti\.gemini\antigravity\brain\13d289c7-8aca-4523-9e85-52f4f3632356\.system_generated\steps\2785\
	    New File  		     239	output.txt
	  New Dir          1	C:\Users\DannyGeminiAnti\.gemini\antigravity\brain\13d289c7-8aca-4523-9e85-52f4f3632356\.system_generated\steps\2787\
	    New File  		    1102	output.txt
	  New Dir          1	C:\Users\DannyGeminiAnti\.gemini\antigravity\brain\13d289c7-8aca-4523-9e85-52f4f3632356\.system_generated\steps\2789\
	    New File  		     775	output.txt
	  New Dir          1	C:\Users\DannyGeminiAnti\.gemini\antigravity\brain\13d289c7-8aca-4523-9e85-52f4f3632356\.system_generated\steps\279\
	    New File  		     119	output.txt
	  New Dir          1	C:\Users\DannyGeminiAnti\.gemini\antigravity\brain\13d289c7-8aca-4523-9e85-52f4f3632356\.system_generated\steps\2791\
	    New File  		    3839	output.txt
	  New Dir          1	C:\Users\DannyGeminiAnti\.gemini\antigravity\brain\13d289c7-8aca-4523-9e85-52f4f3632356\.system_generated\steps\2793\
	    New File  		    1102	output.txt
	  New Dir          1	C:\Users\DannyGeminiAnti\.gemini\antigravity\brain\13d289c7-8aca-4523-9e85-52f4f3632356\.system_generated\steps\2795\
	    New File  		      51	output.txt
	  New Dir          1	C:\Users\DannyGeminiAnti\.gemini\antigravity\brain\13d289c7-8aca-4523-9e85-52f4f3632356\.system_generated\steps\2797\
	    New File  		     511	output.txt
	  New Dir          1	C:\Users\DannyGeminiAnti\.gemini\antigravity\brain\13d289c7-8aca-4523-9e85-52f4f3632356\.system_generated\steps\2799\
	    New File  		    1707	output.txt
	  New Dir          1	C:\Users\DannyGeminiAnti\.gemini\antigravity\brain\13d289c7-8aca-4523-9e85-52f4f3632356\.system_generated\steps\2801\
	    New File  		      51	output.txt
	  New Dir          1	C:\Users\DannyGeminiAnti\.gemini\antigravity\brain\13d289c7-8aca-4523-9e85-52f4f3632356\.system_generated\steps\2803\
	    New File  		      51	output.txt
	  New Dir          1	C:\Users\DannyGeminiAnti\.gemini\antigravity\brain\13d289c7-8aca-4523-9e85-52f4f3632356\.system_generated\steps\2805\
	    New File  		     771	output.txt
	  New Dir          1	C:\Users\DannyGeminiAnti\.gemini\antigravity\brain\13d289c7-8aca-4523-9e85-52f4f3632356\.system_generated\steps\2807\
	    New File  		     965	output.txt
	  New Dir          1	C:\Users\DannyGeminiAnti\.gemini\antigravity\brain\13d289c7-8aca-4523-9e85-52f4f3632356\.system_generated\steps\281\
	    New File  		     252	output.txt
	  New Dir          1	C:\Users\DannyGeminiAnti\.gemini\antigravity\brain\13d289c7-8aca-4523-9e85-52f4f3632356\.system_generated\steps\2813\
	    New File  		     410	output.txt
	  New Dir          1	C:\Users\DannyGeminiAnti\.gemini\antigravity\brain\13d289c7-8aca-4523-9e85-52f4f3632356\.system_generated\steps\2819\
	    New File  		      61	output.txt
	  New Dir          1	C:\Users\DannyGeminiAnti\.gemini\antigravity\brain\13d289c7-8aca-4523-9e85-52f4f3632356\.system_generated\steps\2821\
	    New File  		      47	output.txt
	  New Dir          1	C:\Users\DannyGeminiAnti\.gemini\antigravity\brain\13d289c7-8aca-4523-9e85-52f4f3632356\.system_generated\steps\2823\
	    New File  		     561	output.txt
	  New Dir          1	C:\Users\DannyGeminiAnti\.gemini\antigravity\brain\13d289c7-8aca-4523-9e85-52f4f3632356\.system_generated\steps\2825\
	    New File  		     382	output.txt
	  New Dir          1	C:\Users\DannyGeminiAnti\.gemini\antigravity\brain\13d289c7-8aca-4523-9e85-52f4f3632356\.system_generated\steps\2827\
	    New File  		     123	output.txt
	  New Dir          1	C:\Users\DannyGeminiAnti\.gemini\antigravity\brain\13d289c7-8aca-4523-9e85-52f4f3632356\.system_generated\steps\2829\
	    New File  		      70	output.txt
	  New Dir          1	C:\Users\DannyGeminiAnti\.gemini\antigravity\brain\13d289c7-8aca-4523-9e85-52f4f3632356\.system_generated\steps\283\
	    New File  		     569	output.txt
	  New Dir          1	C:\Users\DannyGeminiAnti\.gemini\antigravity\brain\13d289c7-8aca-4523-9e85-52f4f3632356\.system_generated\steps\2831\
	    New File  		     240	output.txt
	  New Dir          1	C:\Users\DannyGeminiAnti\.gemini\antigravity\brain\13d289c7-8aca-4523-9e85-52f4f3632356\.system_generated\steps\2833\
	    New File  		     868	output.txt
	  New Dir          1	C:\Users\DannyGeminiAnti\.gemini\antigravity\brain\13d289c7-8aca-4523-9e85-52f4f3632356\.system_generated\steps\2835\
	    New File  		     129	output.txt
	  New Dir          1	C:\Users\DannyGeminiAnti\.gemini\antigravity\brain\13d289c7-8aca-4523-9e85-52f4f3632356\.system_generated\steps\2837\
	    New File  		    1102	output.txt
	  New Dir          1	C:\Users\DannyGeminiAnti\.gemini\antigravity\brain\13d289c7-8aca-4523-9e85-52f4f3632356\.system_generated\steps\2843\
	    New File  		     930	output.txt
	  New Dir          1	C:\Users\DannyGeminiAnti\.gemini\antigravity\brain\13d289c7-8aca-4523-9e85-52f4f3632356\.system_generated\steps\2845\
	    New File  		     199	output.txt
	  New Dir          1	C:\Users\DannyGeminiAnti\.gemini\antigravity\brain\13d289c7-8aca-4523-9e85-52f4f3632356\.system_generated\steps\2849\
	    New File  		     199	output.txt
	  New Dir          1	C:\Users\DannyGeminiAnti\.gemini\antigravity\brain\13d289c7-8aca-4523-9e85-52f4f3632356\.system_generated\steps\285\
	    New File  		    8252	output.txt
	  New Dir          1	C:\Users\DannyGeminiAnti\.gemini\antigravity\brain\13d289c7-8aca-4523-9e85-52f4f3632356\.system_generated\steps\2853\
	    New File  		     199	output.txt
	  New Dir          1	C:\Users\DannyGeminiAnti\.gemini\antigravity\brain\13d289c7-8aca-4523-9e85-52f4f3632356\.system_generated\steps\2855\
	    New File  		     455	output.txt
	  New Dir          1	C:\Users\DannyGeminiAnti\.gemini\antigravity\brain\13d289c7-8aca-4523-9e85-52f4f3632356\.system_generated\steps\2857\
	    New File  		     230	output.txt
	  New Dir          1	C:\Users\DannyGeminiAnti\.gemini\antigravity\brain\13d289c7-8aca-4523-9e85-52f4f3632356\.system_generated\steps\2859\
	    New File  		      81	output.txt
	  New Dir          1	C:\Users\DannyGeminiAnti\.gemini\antigravity\brain\13d289c7-8aca-4523-9e85-52f4f3632356\.system_generated\steps\2861\
	    New File  		     239	output.txt
	  New Dir          1	C:\Users\DannyGeminiAnti\.gemini\antigravity\brain\13d289c7-8aca-4523-9e85-52f4f3632356\.system_generated\steps\2863\
	    New File  		     775	output.txt
	  New Dir          1	C:\Users\DannyGeminiAnti\.gemini\antigravity\brain\13d289c7-8aca-4523-9e85-52f4f3632356\.system_generated\steps\2865\
	    New File  		    2930	output.txt
	  New Dir          1	C:\Users\DannyGeminiAnti\.gemini\antigravity\brain\13d289c7-8aca-4523-9e85-52f4f3632356\.system_generated\steps\2867\
	    New File  		    1102	output.txt
	  New Dir          1	C:\Users\DannyGeminiAnti\.gemini\antigravity\brain\13d289c7-8aca-4523-9e85-52f4f3632356\.system_generated\steps\2869\
	    New File  		      51	output.txt
	  New Dir          1	C:\Users\DannyGeminiAnti\.gemini\antigravity\brain\13d289c7-8aca-4523-9e85-52f4f3632356\.system_generated\steps\287\
	    New File  		      51	output.txt
	  New Dir          1	C:\Users\DannyGeminiAnti\.gemini\antigravity\brain\13d289c7-8aca-4523-9e85-52f4f3632356\.system_generated\steps\2871\
	    New File  		     511	output.txt
	  New Dir          1	C:\Users\DannyGeminiAnti\.gemini\antigravity\brain\13d289c7-8aca-4523-9e85-52f4f3632356\.system_generated\steps\2873\
	    New File  		      51	output.txt
	  New Dir          1	C:\Users\DannyGeminiAnti\.gemini\antigravity\brain\13d289c7-8aca-4523-9e85-52f4f3632356\.system_generated\steps\2875\
	    New File  		      51	output.txt
	  New Dir          1	C:\Users\DannyGeminiAnti\.gemini\antigravity\brain\13d289c7-8aca-4523-9e85-52f4f3632356\.system_generated\steps\2877\
	    New File  		    1854	output.txt
	  New Dir          1	C:\Users\DannyGeminiAnti\.gemini\antigravity\brain\13d289c7-8aca-4523-9e85-52f4f3632356\.system_generated\steps\2880\
	    New File  		     378	output.txt
	  New Dir          1	C:\Users\DannyGeminiAnti\.gemini\antigravity\brain\13d289c7-8aca-4523-9e85-52f4f3632356\.system_generated\steps\2882\
	    New File  		     824	output.txt
	  New Dir          1	C:\Users\DannyGeminiAnti\.gemini\antigravity\brain\13d289c7-8aca-4523-9e85-52f4f3632356\.system_generated\steps\289\
	    New File  		      51	output.txt
	  New Dir          1	C:\Users\DannyGeminiAnti\.gemini\antigravity\brain\13d289c7-8aca-4523-9e85-52f4f3632356\.system_generated\steps\2892\
	    New File  		     233	output.txt
	  New Dir          1	C:\Users\DannyGeminiAnti\.gemini\antigravity\brain\13d289c7-8aca-4523-9e85-52f4f3632356\.system_generated\steps\2894\
	    New File  		     121	output.txt
	  New Dir          1	C:\Users\DannyGeminiAnti\.gemini\antigravity\brain\13d289c7-8aca-4523-9e85-52f4f3632356\.system_generated\steps\29\
	    New File  		     490	output.txt
	  New Dir          1	C:\Users\DannyGeminiAnti\.gemini\antigravity\brain\13d289c7-8aca-4523-9e85-52f4f3632356\.system_generated\steps\2900\
	    New File  		     739	output.txt
	  New Dir          1	C:\Users\DannyGeminiAnti\.gemini\antigravity\brain\13d289c7-8aca-4523-9e85-52f4f3632356\.system_generated\steps\2902\
	    New File  		     827	output.txt
	  New Dir          1	C:\Users\DannyGeminiAnti\.gemini\antigravity\brain\13d289c7-8aca-4523-9e85-52f4f3632356\.system_generated\steps\291\
	    New File  		     103	output.txt
	  New Dir          1	C:\Users\DannyGeminiAnti\.gemini\antigravity\brain\13d289c7-8aca-4523-9e85-52f4f3632356\.system_generated\steps\2914\
	    New File  		     230	output.txt
	  New Dir          1	C:\Users\DannyGeminiAnti\.gemini\antigravity\brain\13d289c7-8aca-4523-9e85-52f4f3632356\.system_generated\steps\2916\
	    New File  		      83	output.txt
	  New Dir          1	C:\Users\DannyGeminiAnti\.gemini\antigravity\brain\13d289c7-8aca-4523-9e85-52f4f3632356\.system_generated\steps\2918\
	    New File  		     517	output.txt
	  New Dir          1	C:\Users\DannyGeminiAnti\.gemini\antigravity\brain\13d289c7-8aca-4523-9e85-52f4f3632356\.system_generated\steps\2920\
	    New File  		     439	output.txt
	  New Dir          1	C:\Users\DannyGeminiAnti\.gemini\antigravity\brain\13d289c7-8aca-4523-9e85-52f4f3632356\.system_generated\steps\2926\
	    New File  		    1102	output.txt
	  New Dir          1	C:\Users\DannyGeminiAnti\.gemini\antigravity\brain\13d289c7-8aca-4523-9e85-52f4f3632356\.system_generated\steps\2928\
	    New File  		     775	output.txt
	  New Dir          1	C:\Users\DannyGeminiAnti\.gemini\antigravity\brain\13d289c7-8aca-4523-9e85-52f4f3632356\.system_generated\steps\2930\
	    New File  		    2930	output.txt
	  New Dir          1	C:\Users\DannyGeminiAnti\.gemini\antigravity\brain\13d289c7-8aca-4523-9e85-52f4f3632356\.system_generated\steps\2932\
	    New File  		    1102	output.txt
	  New Dir          1	C:\Users\DannyGeminiAnti\.gemini\antigravity\brain\13d289c7-8aca-4523-9e85-52f4f3632356\.system_generated\steps\2934\
	    New File  		      51	output.txt
	  New Dir          1	C:\Users\DannyGeminiAnti\.gemini\antigravity\brain\13d289c7-8aca-4523-9e85-52f4f3632356\.system_generated\steps\2936\
	    New File  		      51	output.txt
	  New Dir          1	C:\Users\DannyGeminiAnti\.gemini\antigravity\brain\13d289c7-8aca-4523-9e85-52f4f3632356\.system_generated\steps\2938\
	    New File  		      51	output.txt
	  New Dir          1	C:\Users\DannyGeminiAnti\.gemini\antigravity\brain\13d289c7-8aca-4523-9e85-52f4f3632356\.system_generated\steps\2940\
	    New File  		     810	output.txt
	  New Dir          1	C:\Users\DannyGeminiAnti\.gemini\antigravity\brain\13d289c7-8aca-4523-9e85-52f4f3632356\.system_generated\steps\2942\
	    New File  		     894	output.txt
	  New Dir          1	C:\Users\DannyGeminiAnti\.gemini\antigravity\brain\13d289c7-8aca-4523-9e85-52f4f3632356\.system_generated\steps\2950\
	    New File  		     239	output.txt
	  New Dir          1	C:\Users\DannyGeminiAnti\.gemini\antigravity\brain\13d289c7-8aca-4523-9e85-52f4f3632356\.system_generated\steps\2952\
	    New File  		     100	output.txt
	  New Dir          1	C:\Users\DannyGeminiAnti\.gemini\antigravity\brain\13d289c7-8aca-4523-9e85-52f4f3632356\.system_generated\steps\2954\
	    New File  		    1102	output.txt
	  New Dir          1	C:\Users\DannyGeminiAnti\.gemini\antigravity\brain\13d289c7-8aca-4523-9e85-52f4f3632356\.system_generated\steps\2956\
	    New File  		     775	output.txt
	  New Dir          1	C:\Users\DannyGeminiAnti\.gemini\antigravity\brain\13d289c7-8aca-4523-9e85-52f4f3632356\.system_generated\steps\2958\
	    New File  		    2930	output.txt
	  New Dir          1	C:\Users\DannyGeminiAnti\.gemini\antigravity\brain\13d289c7-8aca-4523-9e85-52f4f3632356\.system_generated\steps\2960\
	    New File  		    1102	output.txt
	  New Dir          1	C:\Users\DannyGeminiAnti\.gemini\antigravity\brain\13d289c7-8aca-4523-9e85-52f4f3632356\.system_generated\steps\2962\
	    New File  		      51	output.txt
	  New Dir          1	C:\Users\DannyGeminiAnti\.gemini\antigravity\brain\13d289c7-8aca-4523-9e85-52f4f3632356\.system_generated\steps\2964\
	    New File  		      51	output.txt
	  New Dir          1	C:\Users\DannyGeminiAnti\.gemini\antigravity\brain\13d289c7-8aca-4523-9e85-52f4f3632356\.system_generated\steps\2966\
	    New File  		      51	output.txt
	  New Dir          1	C:\Users\DannyGeminiAnti\.gemini\antigravity\brain\13d289c7-8aca-4523-9e85-52f4f3632356\.system_generated\steps\2968\
	    New File  		     660	output.txt
	  New Dir          1	C:\Users\DannyGeminiAnti\.gemini\antigravity\brain\13d289c7-8aca-4523-9e85-52f4f3632356\.system_generated\steps\2971\
	    New File  		     728	output.txt
	  New Dir          1	C:\Users\DannyGeminiAnti\.gemini\antigravity\brain\13d289c7-8aca-4523-9e85-52f4f3632356\.system_generated\steps\2978\
	    New File  		     516	output.txt
	  New Dir          1	C:\Users\DannyGeminiAnti\.gemini\antigravity\brain\13d289c7-8aca-4523-9e85-52f4f3632356\.system_generated\steps\2988\
	    New File  		     591	output.txt
	  New Dir          1	C:\Users\DannyGeminiAnti\.gemini\antigravity\brain\13d289c7-8aca-4523-9e85-52f4f3632356\.system_generated\steps\2990\
	    New File  		     424	output.txt
	  New Dir          1	C:\Users\DannyGeminiAnti\.gemini\antigravity\brain\13d289c7-8aca-4523-9e85-52f4f3632356\.system_generated\steps\2992\
	    New File  		    1102	output.txt
	  New Dir          1	C:\Users\DannyGeminiAnti\.gemini\antigravity\brain\13d289c7-8aca-4523-9e85-52f4f3632356\.system_generated\steps\2996\
	    New File  		     745	output.txt
	  New Dir          1	C:\Users\DannyGeminiAnti\.gemini\antigravity\brain\13d289c7-8aca-4523-9e85-52f4f3632356\.system_generated\steps\2998\
	    New File  		      51	output.txt
	  New Dir          1	C:\Users\DannyGeminiAnti\.gemini\antigravity\brain\13d289c7-8aca-4523-9e85-52f4f3632356\.system_generated\steps\3000\
	    New File  		      51	output.txt
	  New Dir          1	C:\Users\DannyGeminiAnti\.gemini\antigravity\brain\13d289c7-8aca-4523-9e85-52f4f3632356\.system_generated\steps\3006\
	    New File  		    8204	output.txt
	  New Dir          1	C:\Users\DannyGeminiAnti\.gemini\antigravity\brain\13d289c7-8aca-4523-9e85-52f4f3632356\.system_generated\steps\3008\
	    New File  		    3332	output.txt
	  New Dir          1	C:\Users\DannyGeminiAnti\.gemini\antigravity\brain\13d289c7-8aca-4523-9e85-52f4f3632356\.system_generated\steps\3014\
	    New File  		    5073	output.txt
	  New Dir          1	C:\Users\DannyGeminiAnti\.gemini\antigravity\brain\13d289c7-8aca-4523-9e85-52f4f3632356\.system_generated\steps\3022\
	    New File  		    1280	output.txt
	  New Dir          1	C:\Users\DannyGeminiAnti\.gemini\antigravity\brain\13d289c7-8aca-4523-9e85-52f4f3632356\.system_generated\steps\3024\
	    New File  		      51	output.txt
	  New Dir          1	C:\Users\DannyGeminiAnti\.gemini\antigravity\brain\13d289c7-8aca-4523-9e85-52f4f3632356\.system_generated\steps\3026\
	    New File  		    7884	output.txt
	  New Dir          1	C:\Users\DannyGeminiAnti\.gemini\antigravity\brain\13d289c7-8aca-4523-9e85-52f4f3632356\.system_generated\steps\3028\
	    New File  		    4953	output.txt
	  New Dir          1	C:\Users\DannyGeminiAnti\.gemini\antigravity\brain\13d289c7-8aca-4523-9e85-52f4f3632356\.system_generated\steps\304\
	    New File  		    1726	output.txt
	  New Dir          1	C:\Users\DannyGeminiAnti\.gemini\antigravity\brain\13d289c7-8aca-4523-9e85-52f4f3632356\.system_generated\steps\3048\
	    New File  		     462	output.txt
	  New Dir          1	C:\Users\DannyGeminiAnti\.gemini\antigravity\brain\13d289c7-8aca-4523-9e85-52f4f3632356\.system_generated\steps\3050\
	    New File  		     417	output.txt
	  New Dir          1	C:\Users\DannyGeminiAnti\.gemini\antigravity\brain\13d289c7-8aca-4523-9e85-52f4f3632356\.system_generated\steps\3056\
	    New File  		     751	output.txt
	  New Dir          1	C:\Users\DannyGeminiAnti\.gemini\antigravity\brain\13d289c7-8aca-4523-9e85-52f4f3632356\.system_generated\steps\3058\
	    New File  		     698	output.txt
	  New Dir          1	C:\Users\DannyGeminiAnti\.gemini\antigravity\brain\13d289c7-8aca-4523-9e85-52f4f3632356\.system_generated\steps\306\
	    New File  		    1227	output.txt
	  New Dir          1	C:\Users\DannyGeminiAnti\.gemini\antigravity\brain\13d289c7-8aca-4523-9e85-52f4f3632356\.system_generated\steps\3062\
	    New File  		     994	output.txt
	  New Dir          1	C:\Users\DannyGeminiAnti\.gemini\antigravity\brain\13d289c7-8aca-4523-9e85-52f4f3632356\.system_generated\steps\3066\
	    New File  		    4597	output.txt
	  New Dir          1	C:\Users\DannyGeminiAnti\.gemini\antigravity\brain\13d289c7-8aca-4523-9e85-52f4f3632356\.system_generated\steps\3072\
	    New File  		     827	output.txt
	  New Dir          1	C:\Users\DannyGeminiAnti\.gemini\antigravity\brain\13d289c7-8aca-4523-9e85-52f4f3632356\.system_generated\steps\3076\
	    New File  		    2306	output.txt
	  New Dir          1	C:\Users\DannyGeminiAnti\.gemini\antigravity\brain\13d289c7-8aca-4523-9e85-52f4f3632356\.system_generated\steps\308\
	    New File  		      51	output.txt
	  New Dir          1	C:\Users\DannyGeminiAnti\.gemini\antigravity\brain\13d289c7-8aca-4523-9e85-52f4f3632356\.system_generated\steps\3080\
	    New File  		     199	output.txt
	  New Dir          1	C:\Users\DannyGeminiAnti\.gemini\antigravity\brain\13d289c7-8aca-4523-9e85-52f4f3632356\.system_generated\steps\3086\
	    New File  		     938	output.txt
	  New Dir          1	C:\Users\DannyGeminiAnti\.gemini\antigravity\brain\13d289c7-8aca-4523-9e85-52f4f3632356\.system_generated\steps\3090\
	    New File  		     199	output.txt
	  New Dir          1	C:\Users\DannyGeminiAnti\.gemini\antigravity\brain\13d289c7-8aca-4523-9e85-52f4f3632356\.system_generated\steps\3096\
	    New File  		    1699	output.txt
	  New Dir          1	C:\Users\DannyGeminiAnti\.gemini\antigravity\brain\13d289c7-8aca-4523-9e85-52f4f3632356\.system_generated\steps\310\
	    New File  		     402	output.txt
	  New Dir          1	C:\Users\DannyGeminiAnti\.gemini\antigravity\brain\13d289c7-8aca-4523-9e85-52f4f3632356\.system_generated\steps\3100\
	    New File  		     988	output.txt
	  New Dir          1	C:\Users\DannyGeminiAnti\.gemini\antigravity\brain\13d289c7-8aca-4523-9e85-52f4f3632356\.system_generated\steps\3104\
	    New File  		    9503	output.txt
	  New Dir          1	C:\Users\DannyGeminiAnti\.gemini\antigravity\brain\13d289c7-8aca-4523-9e85-52f4f3632356\.system_generated\steps\3108\
	    New File  		     974	output.txt
	  New Dir          1	C:\Users\DannyGeminiAnti\.gemini\antigravity\brain\13d289c7-8aca-4523-9e85-52f4f3632356\.system_generated\steps\3112\
	    New File  		    5568	output.txt
	  New Dir          1	C:\Users\DannyGeminiAnti\.gemini\antigravity\brain\13d289c7-8aca-4523-9e85-52f4f3632356\.system_generated\steps\3114\
	    New File  		      51	output.txt
	  New Dir          1	C:\Users\DannyGeminiAnti\.gemini\antigravity\brain\13d289c7-8aca-4523-9e85-52f4f3632356\.system_generated\steps\3116\
	    New File  		    3024	output.txt
	  New Dir          1	C:\Users\DannyGeminiAnti\.gemini\antigravity\brain\13d289c7-8aca-4523-9e85-52f4f3632356\.system_generated\steps\3118\
	    New File  		    8170	output.txt
	  New Dir          1	C:\Users\DannyGeminiAnti\.gemini\antigravity\brain\13d289c7-8aca-4523-9e85-52f4f3632356\.system_generated\steps\3124\
	    New File  		    2724	output.txt
	  New Dir          1	C:\Users\DannyGeminiAnti\.gemini\antigravity\brain\13d289c7-8aca-4523-9e85-52f4f3632356\.system_generated\steps\3128\
	    New File  		    6145	output.txt
	  New Dir          1	C:\Users\DannyGeminiAnti\.gemini\antigravity\brain\13d289c7-8aca-4523-9e85-52f4f3632356\.system_generated\steps\3130\
	    New File  		     627	output.txt
	  New Dir          1	C:\Users\DannyGeminiAnti\.gemini\antigravity\brain\13d289c7-8aca-4523-9e85-52f4f3632356\.system_generated\steps\3132\
	    New File  		     237	output.txt
	  New Dir          1	C:\Users\DannyGeminiAnti\.gemini\antigravity\brain\13d289c7-8aca-4523-9e85-52f4f3632356\.system_generated\steps\3134\
	    New File  		     230	output.txt
	  New Dir          1	C:\Users\DannyGeminiAnti\.gemini\antigravity\brain\13d289c7-8aca-4523-9e85-52f4f3632356\.system_generated\steps\3136\
	    New File  		      80	output.txt
	  New Dir          1	C:\Users\DannyGeminiAnti\.gemini\antigravity\brain\13d289c7-8aca-4523-9e85-52f4f3632356\.system_generated\steps\3138\
	    New File  		     627	output.txt
	  New Dir          1	C:\Users\DannyGeminiAnti\.gemini\antigravity\brain\13d289c7-8aca-4523-9e85-52f4f3632356\.system_generated\steps\3140\
	    New File  		      51	output.txt
	  New Dir          1	C:\Users\DannyGeminiAnti\.gemini\antigravity\brain\13d289c7-8aca-4523-9e85-52f4f3632356\.system_generated\steps\3142\
	    New File  		    1102	output.txt
	  New Dir          1	C:\Users\DannyGeminiAnti\.gemini\antigravity\brain\13d289c7-8aca-4523-9e85-52f4f3632356\.system_generated\steps\3144\
	    New File  		     737	output.txt
	  New Dir          1	C:\Users\DannyGeminiAnti\.gemini\antigravity\brain\13d289c7-8aca-4523-9e85-52f4f3632356\.system_generated\steps\3146\
	    New File  		      51	output.txt
	  New Dir          1	C:\Users\DannyGeminiAnti\.gemini\antigravity\brain\13d289c7-8aca-4523-9e85-52f4f3632356\.system_generated\steps\3148\
	    New File  		    8182	output.txt
	  New Dir          1	C:\Users\DannyGeminiAnti\.gemini\antigravity\brain\13d289c7-8aca-4523-9e85-52f4f3632356\.system_generated\steps\3150\
	    New File  		    1102	output.txt
	  New Dir          1	C:\Users\DannyGeminiAnti\.gemini\antigravity\brain\13d289c7-8aca-4523-9e85-52f4f3632356\.system_generated\steps\3152\
	    New File  		     898	output.txt
	  New Dir          1	C:\Users\DannyGeminiAnti\.gemini\antigravity\brain\13d289c7-8aca-4523-9e85-52f4f3632356\.system_generated\steps\3154\
	    New File  		     146	output.txt
	  New Dir          1	C:\Users\DannyGeminiAnti\.gemini\antigravity\brain\13d289c7-8aca-4523-9e85-52f4f3632356\.system_generated\steps\3156\
	    New File  		     853	output.txt
	  New Dir          1	C:\Users\DannyGeminiAnti\.gemini\antigravity\brain\13d289c7-8aca-4523-9e85-52f4f3632356\.system_generated\steps\3158\
	    New File  		      51	output.txt
	  New Dir          1	C:\Users\DannyGeminiAnti\.gemini\antigravity\brain\13d289c7-8aca-4523-9e85-52f4f3632356\.system_generated\steps\316\
	    New File  		      74	output.txt
	  New Dir          1	C:\Users\DannyGeminiAnti\.gemini\antigravity\brain\13d289c7-8aca-4523-9e85-52f4f3632356\.system_generated\steps\3160\
	    New File  		     511	output.txt
	  New Dir          1	C:\Users\DannyGeminiAnti\.gemini\antigravity\brain\13d289c7-8aca-4523-9e85-52f4f3632356\.system_generated\steps\3162\
	    New File  		    1465	output.txt
	  New Dir          1	C:\Users\DannyGeminiAnti\.gemini\antigravity\brain\13d289c7-8aca-4523-9e85-52f4f3632356\.system_generated\steps\3164\
	    New File  		      51	output.txt
	  New Dir          1	C:\Users\DannyGeminiAnti\.gemini\antigravity\brain\13d289c7-8aca-4523-9e85-52f4f3632356\.system_generated\steps\3166\
	    New File  		    8234	output.txt
	  New Dir          1	C:\Users\DannyGeminiAnti\.gemini\antigravity\brain\13d289c7-8aca-4523-9e85-52f4f3632356\.system_generated\steps\3168\
	    New File  		    1257	output.txt
	  New Dir          1	C:\Users\DannyGeminiAnti\.gemini\antigravity\brain\13d289c7-8aca-4523-9e85-52f4f3632356\.system_generated\steps\3170\
	    New File  		     138	output.txt
	  New Dir          1	C:\Users\DannyGeminiAnti\.gemini\antigravity\brain\13d289c7-8aca-4523-9e85-52f4f3632356\.system_generated\steps\3173\
	    New File  		     486	output.txt
	  New Dir          1	C:\Users\DannyGeminiAnti\.gemini\antigravity\brain\13d289c7-8aca-4523-9e85-52f4f3632356\.system_generated\steps\3175\
	    New File  		     468	output.txt
	  New Dir          1	C:\Users\DannyGeminiAnti\.gemini\antigravity\brain\13d289c7-8aca-4523-9e85-52f4f3632356\.system_generated\steps\3177\
	    New File  		     547	output.txt
	  New Dir          1	C:\Users\DannyGeminiAnti\.gemini\antigravity\brain\13d289c7-8aca-4523-9e85-52f4f3632356\.system_generated\steps\3179\
	    New File  		      51	output.txt
	  New Dir          1	C:\Users\DannyGeminiAnti\.gemini\antigravity\brain\13d289c7-8aca-4523-9e85-52f4f3632356\.system_generated\steps\3181\
	    New File  		     488	output.txt
	  New Dir          1	C:\Users\DannyGeminiAnti\.gemini\antigravity\brain\13d289c7-8aca-4523-9e85-52f4f3632356\.system_generated\steps\3183\
	    New File  		     636	output.txt
	  New Dir          1	C:\Users\DannyGeminiAnti\.gemini\antigravity\brain\13d289c7-8aca-4523-9e85-52f4f3632356\.system_generated\steps\3185\
	    New File  		     839	output.txt
	  New Dir          1	C:\Users\DannyGeminiAnti\.gemini\antigravity\brain\13d289c7-8aca-4523-9e85-52f4f3632356\.system_generated\steps\320\
	    New File  		    3636	output.txt
	  New Dir          1	C:\Users\DannyGeminiAnti\.gemini\antigravity\brain\13d289c7-8aca-4523-9e85-52f4f3632356\.system_generated\steps\3211\
	    New File  		     856	output.txt
	  New Dir          1	C:\Users\DannyGeminiAnti\.gemini\antigravity\brain\13d289c7-8aca-4523-9e85-52f4f3632356\.system_generated\steps\3213\
	    New File  		     839	output.txt
	  New Dir          1	C:\Users\DannyGeminiAnti\.gemini\antigravity\brain\13d289c7-8aca-4523-9e85-52f4f3632356\.system_generated\steps\3215\
	    New File  		     802	output.txt
	  New Dir          1	C:\Users\DannyGeminiAnti\.gemini\antigravity\brain\13d289c7-8aca-4523-9e85-52f4f3632356\.system_generated\steps\3217\
	    New File  		     738	output.txt
	  New Dir          1	C:\Users\DannyGeminiAnti\.gemini\antigravity\brain\13d289c7-8aca-4523-9e85-52f4f3632356\.system_generated\steps\3219\
	    New File  		     909	output.txt
	  New Dir          1	C:\Users\DannyGeminiAnti\.gemini\antigravity\brain\13d289c7-8aca-4523-9e85-52f4f3632356\.system_generated\steps\322\
	    New File  		     862	output.txt
	  New Dir          1	C:\Users\DannyGeminiAnti\.gemini\antigravity\brain\13d289c7-8aca-4523-9e85-52f4f3632356\.system_generated\steps\3221\
	    New File  		     822	output.txt
	  New Dir          1	C:\Users\DannyGeminiAnti\.gemini\antigravity\brain\13d289c7-8aca-4523-9e85-52f4f3632356\.system_generated\steps\3223\
	    New File  		     677	output.txt
	  New Dir          1	C:\Users\DannyGeminiAnti\.gemini\antigravity\brain\13d289c7-8aca-4523-9e85-52f4f3632356\.system_generated\steps\3225\
	    New File  		     689	output.txt
	  New Dir          1	C:\Users\DannyGeminiAnti\.gemini\antigravity\brain\13d289c7-8aca-4523-9e85-52f4f3632356\.system_generated\steps\3227\
	    New File  		     870	output.txt
	  New Dir          1	C:\Users\DannyGeminiAnti\.gemini\antigravity\brain\13d289c7-8aca-4523-9e85-52f4f3632356\.system_generated\steps\3229\
	    New File  		     834	output.txt
	  New Dir          1	C:\Users\DannyGeminiAnti\.gemini\antigravity\brain\13d289c7-8aca-4523-9e85-52f4f3632356\.system_generated\steps\3231\
	    New File  		    5329	output.txt
	  New Dir          1	C:\Users\DannyGeminiAnti\.gemini\antigravity\brain\13d289c7-8aca-4523-9e85-52f4f3632356\.system_generated\steps\3233\
	    New File  		     747	output.txt
	  New Dir          1	C:\Users\DannyGeminiAnti\.gemini\antigravity\brain\13d289c7-8aca-4523-9e85-52f4f3632356\.system_generated\steps\3235\
	    New File  		     696	output.txt
	  New Dir          1	C:\Users\DannyGeminiAnti\.gemini\antigravity\brain\13d289c7-8aca-4523-9e85-52f4f3632356\.system_generated\steps\3237\
	    New File  		     832	output.txt
	  New Dir          1	C:\Users\DannyGeminiAnti\.gemini\antigravity\brain\13d289c7-8aca-4523-9e85-52f4f3632356\.system_generated\steps\3239\
	    New File  		     814	output.txt
	  New Dir          1	C:\Users\DannyGeminiAnti\.gemini\antigravity\brain\13d289c7-8aca-4523-9e85-52f4f3632356\.system_generated\steps\3241\
	    New File  		     772	output.txt
	  New Dir          1	C:\Users\DannyGeminiAnti\.gemini\antigravity\brain\13d289c7-8aca-4523-9e85-52f4f3632356\.system_generated\steps\3243\
	    New File  		     656	output.txt
	  New Dir          1	C:\Users\DannyGeminiAnti\.gemini\antigravity\brain\13d289c7-8aca-4523-9e85-52f4f3632356\.system_generated\steps\3245\
	    New File  		     242	output.txt
	  New Dir          1	C:\Users\DannyGeminiAnti\.gemini\antigravity\brain\13d289c7-8aca-4523-9e85-52f4f3632356\.system_generated\steps\3256\
	    New File  		    4098	output.txt
	  New Dir          1	C:\Users\DannyGeminiAnti\.gemini\antigravity\brain\13d289c7-8aca-4523-9e85-52f4f3632356\.system_generated\steps\3258\
	    New File  		     499	output.txt
	  New Dir          1	C:\Users\DannyGeminiAnti\.gemini\antigravity\brain\13d289c7-8aca-4523-9e85-52f4f3632356\.system_generated\steps\326\
	    New File  		     220	output.txt
	  New Dir          1	C:\Users\DannyGeminiAnti\.gemini\antigravity\brain\13d289c7-8aca-4523-9e85-52f4f3632356\.system_generated\steps\3272\
	    New File  		    7792	output.txt
	  New Dir          1	C:\Users\DannyGeminiAnti\.gemini\antigravity\brain\13d289c7-8aca-4523-9e85-52f4f3632356\.system_generated\steps\328\
	    New File  		    1297	output.txt
	  New Dir          1	C:\Users\DannyGeminiAnti\.gemini\antigravity\brain\13d289c7-8aca-4523-9e85-52f4f3632356\.system_generated\steps\3284\
	    New File  		    4958	output.txt
	  New Dir          1	C:\Users\DannyGeminiAnti\.gemini\antigravity\brain\13d289c7-8aca-4523-9e85-52f4f3632356\.system_generated\steps\3292\
	    New File  		      57	output.txt
	  New Dir          1	C:\Users\DannyGeminiAnti\.gemini\antigravity\brain\13d289c7-8aca-4523-9e85-52f4f3632356\.system_generated\steps\330\
	    New File  		      51	output.txt
	  New Dir          1	C:\Users\DannyGeminiAnti\.gemini\antigravity\brain\13d289c7-8aca-4523-9e85-52f4f3632356\.system_generated\steps\3306\
	    New File  		     723	output.txt
	  New Dir          1	C:\Users\DannyGeminiAnti\.gemini\antigravity\brain\13d289c7-8aca-4523-9e85-52f4f3632356\.system_generated\steps\3310\
	    New File  		    1796	output.txt
	  New Dir          1	C:\Users\DannyGeminiAnti\.gemini\antigravity\brain\13d289c7-8aca-4523-9e85-52f4f3632356\.system_generated\steps\3314\
	    New File  		   45921	output.txt
	  New Dir          1	C:\Users\DannyGeminiAnti\.gemini\antigravity\brain\13d289c7-8aca-4523-9e85-52f4f3632356\.system_generated\steps\3316\
	    New File  		    1102	output.txt
	  New Dir          1	C:\Users\DannyGeminiAnti\.gemini\antigravity\brain\13d289c7-8aca-4523-9e85-52f4f3632356\.system_generated\steps\332\
	    New File  		     847	output.txt
	  New Dir          1	C:\Users\DannyGeminiAnti\.gemini\antigravity\brain\13d289c7-8aca-4523-9e85-52f4f3632356\.system_generated\steps\3320\
	    New File  		     740	output.txt
	  New Dir          1	C:\Users\DannyGeminiAnti\.gemini\antigravity\brain\13d289c7-8aca-4523-9e85-52f4f3632356\.system_generated\steps\3322\
	    New File  		     595	output.txt
	  New Dir          1	C:\Users\DannyGeminiAnti\.gemini\antigravity\brain\13d289c7-8aca-4523-9e85-52f4f3632356\.system_generated\steps\3324\
	    New File  		      51	output.txt
	  New Dir          1	C:\Users\DannyGeminiAnti\.gemini\antigravity\brain\13d289c7-8aca-4523-9e85-52f4f3632356\.system_generated\steps\3326\
	    New File  		     595	output.txt
	  New Dir          1	C:\Users\DannyGeminiAnti\.gemini\antigravity\brain\13d289c7-8aca-4523-9e85-52f4f3632356\.system_generated\steps\3328\
	    New File  		    1102	output.txt
	  New Dir          1	C:\Users\DannyGeminiAnti\.gemini\antigravity\brain\13d289c7-8aca-4523-9e85-52f4f3632356\.system_generated\steps\3330\
	    New File  		     853	output.txt
	  New Dir          1	C:\Users\DannyGeminiAnti\.gemini\antigravity\brain\13d289c7-8aca-4523-9e85-52f4f3632356\.system_generated\steps\3332\
	    New File  		    1223	output.txt
	  New Dir          1	C:\Users\DannyGeminiAnti\.gemini\antigravity\brain\13d289c7-8aca-4523-9e85-52f4f3632356\.system_generated\steps\3334\
	    New File  		    1222	output.txt
	  New Dir          1	C:\Users\DannyGeminiAnti\.gemini\antigravity\brain\13d289c7-8aca-4523-9e85-52f4f3632356\.system_generated\steps\3336\
	    New File  		      51	output.txt
	  New Dir          1	C:\Users\DannyGeminiAnti\.gemini\antigravity\brain\13d289c7-8aca-4523-9e85-52f4f3632356\.system_generated\steps\3338\
	    New File  		    1223	output.txt
	  New Dir          1	C:\Users\DannyGeminiAnti\.gemini\antigravity\brain\13d289c7-8aca-4523-9e85-52f4f3632356\.system_generated\steps\334\
	    New File  		      51	output.txt
	  New Dir          1	C:\Users\DannyGeminiAnti\.gemini\antigravity\brain\13d289c7-8aca-4523-9e85-52f4f3632356\.system_generated\steps\3340\
	    New File  		     599	output.txt
	  New Dir          1	C:\Users\DannyGeminiAnti\.gemini\antigravity\brain\13d289c7-8aca-4523-9e85-52f4f3632356\.system_generated\steps\3342\
	    New File  		     908	output.txt
	  New Dir          1	C:\Users\DannyGeminiAnti\.gemini\antigravity\brain\13d289c7-8aca-4523-9e85-52f4f3632356\.system_generated\steps\3344\
	    New File  		     488	output.txt
	  New Dir          1	C:\Users\DannyGeminiAnti\.gemini\antigravity\brain\13d289c7-8aca-4523-9e85-52f4f3632356\.system_generated\steps\3348\
	    New File  		     500	output.txt
	  New Dir          1	C:\Users\DannyGeminiAnti\.gemini\antigravity\brain\13d289c7-8aca-4523-9e85-52f4f3632356\.system_generated\steps\3350\
	    New File  		     829	output.txt
	  New Dir          1	C:\Users\DannyGeminiAnti\.gemini\antigravity\brain\13d289c7-8aca-4523-9e85-52f4f3632356\.system_generated\steps\3352\
	    New File  		     636	output.txt
	  New Dir          1	C:\Users\DannyGeminiAnti\.gemini\antigravity\brain\13d289c7-8aca-4523-9e85-52f4f3632356\.system_generated\steps\3354\
	    New File  		     815	output.txt
	  New Dir          1	C:\Users\DannyGeminiAnti\.gemini\antigravity\brain\13d289c7-8aca-4523-9e85-52f4f3632356\.system_generated\steps\336\
	    New File  		     305	output.txt
	  New Dir          1	C:\Users\DannyGeminiAnti\.gemini\antigravity\brain\13d289c7-8aca-4523-9e85-52f4f3632356\.system_generated\steps\34\
	    New File  		    3146	output.txt
	  New Dir          1	C:\Users\DannyGeminiAnti\.gemini\antigravity\brain\13d289c7-8aca-4523-9e85-52f4f3632356\.system_generated\steps\344\
	    New File  		      46	output.txt
	  New Dir          1	C:\Users\DannyGeminiAnti\.gemini\antigravity\brain\13d289c7-8aca-4523-9e85-52f4f3632356\.system_generated\steps\348\
	    New File  		    1317	output.txt
	  New Dir          1	C:\Users\DannyGeminiAnti\.gemini\antigravity\brain\13d289c7-8aca-4523-9e85-52f4f3632356\.system_generated\steps\350\
	    New File  		     220	output.txt
	  New Dir          1	C:\Users\DannyGeminiAnti\.gemini\antigravity\brain\13d289c7-8aca-4523-9e85-52f4f3632356\.system_generated\steps\352\
	    New File  		      51	output.txt
	  New Dir          1	C:\Users\DannyGeminiAnti\.gemini\antigravity\brain\13d289c7-8aca-4523-9e85-52f4f3632356\.system_generated\steps\354\
	    New File  		     496	output.txt
	  New Dir          1	C:\Users\DannyGeminiAnti\.gemini\antigravity\brain\13d289c7-8aca-4523-9e85-52f4f3632356\.system_generated\steps\362\
	    New File  		    4608	output.txt
	  New Dir          1	C:\Users\DannyGeminiAnti\.gemini\antigravity\brain\13d289c7-8aca-4523-9e85-52f4f3632356\.system_generated\steps\364\
	    New File  		    1317	output.txt
	  New Dir          1	C:\Users\DannyGeminiAnti\.gemini\antigravity\brain\13d289c7-8aca-4523-9e85-52f4f3632356\.system_generated\steps\366\
	    New File  		     220	output.txt
	  New Dir          1	C:\Users\DannyGeminiAnti\.gemini\antigravity\brain\13d289c7-8aca-4523-9e85-52f4f3632356\.system_generated\steps\368\
	    New File  		      51	output.txt
	  New Dir          1	C:\Users\DannyGeminiAnti\.gemini\antigravity\brain\13d289c7-8aca-4523-9e85-52f4f3632356\.system_generated\steps\370\
	    New File  		     529	output.txt
	  New Dir          1	C:\Users\DannyGeminiAnti\.gemini\antigravity\brain\13d289c7-8aca-4523-9e85-52f4f3632356\.system_generated\steps\377\
	    New File  		     386	output.txt
	  New Dir          1	C:\Users\DannyGeminiAnti\.gemini\antigravity\brain\13d289c7-8aca-4523-9e85-52f4f3632356\.system_generated\steps\379\
	    New File  		     111	output.txt
	  New Dir          1	C:\Users\DannyGeminiAnti\.gemini\antigravity\brain\13d289c7-8aca-4523-9e85-52f4f3632356\.system_generated\steps\381\
	    New File  		    8191	output.txt
	  New Dir          1	C:\Users\DannyGeminiAnti\.gemini\antigravity\brain\13d289c7-8aca-4523-9e85-52f4f3632356\.system_generated\steps\383\
	    New File  		      28	output.txt
	  New Dir          1	C:\Users\DannyGeminiAnti\.gemini\antigravity\brain\13d289c7-8aca-4523-9e85-52f4f3632356\.system_generated\steps\39\
	    New File  		    2664	output.txt
	  New Dir          1	C:\Users\DannyGeminiAnti\.gemini\antigravity\brain\13d289c7-8aca-4523-9e85-52f4f3632356\.system_generated\steps\409\
	    New File  		    1082	output.txt
	  New Dir          1	C:\Users\DannyGeminiAnti\.gemini\antigravity\brain\13d289c7-8aca-4523-9e85-52f4f3632356\.system_generated\steps\41\
	    New File  		     856	output.txt
	  New Dir          1	C:\Users\DannyGeminiAnti\.gemini\antigravity\brain\13d289c7-8aca-4523-9e85-52f4f3632356\.system_generated\steps\411\
	    New File  		    1098	output.txt
	  New Dir          1	C:\Users\DannyGeminiAnti\.gemini\antigravity\brain\13d289c7-8aca-4523-9e85-52f4f3632356\.system_generated\steps\421\
	    New File  		     794	output.txt
	  New Dir          1	C:\Users\DannyGeminiAnti\.gemini\antigravity\brain\13d289c7-8aca-4523-9e85-52f4f3632356\.system_generated\steps\423\
	    New File  		     674	output.txt
	  New Dir          1	C:\Users\DannyGeminiAnti\.gemini\antigravity\brain\13d289c7-8aca-4523-9e85-52f4f3632356\.system_generated\steps\425\
	    New File  		    2676	output.txt
	  New Dir          1	C:\Users\DannyGeminiAnti\.gemini\antigravity\brain\13d289c7-8aca-4523-9e85-52f4f3632356\.system_generated\steps\431\
	    New File  		     909	output.txt
	  New Dir          1	C:\Users\DannyGeminiAnti\.gemini\antigravity\brain\13d289c7-8aca-4523-9e85-52f4f3632356\.system_generated\steps\435\
	    New File  		    4350	output.txt
	  New Dir          1	C:\Users\DannyGeminiAnti\.gemini\antigravity\brain\13d289c7-8aca-4523-9e85-52f4f3632356\.system_generated\steps\446\
	    New File  		    1354	output.txt
	  New Dir          1	C:\Users\DannyGeminiAnti\.gemini\antigravity\brain\13d289c7-8aca-4523-9e85-52f4f3632356\.system_generated\steps\45\
	    New File  		     180	output.txt
	  New Dir          1	C:\Users\DannyGeminiAnti\.gemini\antigravity\brain\13d289c7-8aca-4523-9e85-52f4f3632356\.system_generated\steps\450\
	    New File  		    1318	output.txt
	  New Dir          1	C:\Users\DannyGeminiAnti\.gemini\antigravity\brain\13d289c7-8aca-4523-9e85-52f4f3632356\.system_generated\steps\452\
	    New File  		    1059	output.txt
	  New Dir          1	C:\Users\DannyGeminiAnti\.gemini\antigravity\brain\13d289c7-8aca-4523-9e85-52f4f3632356\.system_generated\steps\454\
	    New File  		      51	output.txt
	  New Dir          1	C:\Users\DannyGeminiAnti\.gemini\antigravity\brain\13d289c7-8aca-4523-9e85-52f4f3632356\.system_generated\steps\456\
	    New File  		      51	output.txt
	  New Dir          1	C:\Users\DannyGeminiAnti\.gemini\antigravity\brain\13d289c7-8aca-4523-9e85-52f4f3632356\.system_generated\steps\458\
	    New File  		     449	output.txt
	  New Dir          1	C:\Users\DannyGeminiAnti\.gemini\antigravity\brain\13d289c7-8aca-4523-9e85-52f4f3632356\.system_generated\steps\461\
	    New File  		     598	output.txt
	  New Dir          1	C:\Users\DannyGeminiAnti\.gemini\antigravity\brain\13d289c7-8aca-4523-9e85-52f4f3632356\.system_generated\steps\463\
	    New File  		     872	output.txt
	  New Dir          1	C:\Users\DannyGeminiAnti\.gemini\antigravity\brain\13d289c7-8aca-4523-9e85-52f4f3632356\.system_generated\steps\465\
	    New File  		      51	output.txt
	  New Dir          1	C:\Users\DannyGeminiAnti\.gemini\antigravity\brain\13d289c7-8aca-4523-9e85-52f4f3632356\.system_generated\steps\467\
	    New File  		     184	output.txt
	  New Dir          1	C:\Users\DannyGeminiAnti\.gemini\antigravity\brain\13d289c7-8aca-4523-9e85-52f4f3632356\.system_generated\steps\469\
	    New File  		     145	output.txt
	  New Dir          1	C:\Users\DannyGeminiAnti\.gemini\antigravity\brain\13d289c7-8aca-4523-9e85-52f4f3632356\.system_generated\steps\47\
	    New File  		     180	output.txt
	  New Dir          1	C:\Users\DannyGeminiAnti\.gemini\antigravity\brain\13d289c7-8aca-4523-9e85-52f4f3632356\.system_generated\steps\471\
	    New File  		     392	output.txt
	  New Dir          1	C:\Users\DannyGeminiAnti\.gemini\antigravity\brain\13d289c7-8aca-4523-9e85-52f4f3632356\.system_generated\steps\473\
	    New File  		     209	output.txt
	  New Dir          1	C:\Users\DannyGeminiAnti\.gemini\antigravity\brain\13d289c7-8aca-4523-9e85-52f4f3632356\.system_generated\steps\475\
	    New File  		     147	output.txt
	  New Dir          1	C:\Users\DannyGeminiAnti\.gemini\antigravity\brain\13d289c7-8aca-4523-9e85-52f4f3632356\.system_generated\steps\481\
	    New File  		    1406	output.txt
	  New Dir          1	C:\Users\DannyGeminiAnti\.gemini\antigravity\brain\13d289c7-8aca-4523-9e85-52f4f3632356\.system_generated\steps\483\
	    New File  		    1295	output.txt
	  New Dir          1	C:\Users\DannyGeminiAnti\.gemini\antigravity\brain\13d289c7-8aca-4523-9e85-52f4f3632356\.system_generated\steps\485\
	    New File  		     145	output.txt
	  New Dir          1	C:\Users\DannyGeminiAnti\.gemini\antigravity\brain\13d289c7-8aca-4523-9e85-52f4f3632356\.system_generated\steps\488\
	    New File  		      51	output.txt
	  New Dir          1	C:\Users\DannyGeminiAnti\.gemini\antigravity\brain\13d289c7-8aca-4523-9e85-52f4f3632356\.system_generated\steps\49\
	    New File  		     441	output.txt
	  New Dir          1	C:\Users\DannyGeminiAnti\.gemini\antigravity\brain\13d289c7-8aca-4523-9e85-52f4f3632356\.system_generated\steps\490\
	    New File  		      51	output.txt
	  New Dir          1	C:\Users\DannyGeminiAnti\.gemini\antigravity\brain\13d289c7-8aca-4523-9e85-52f4f3632356\.system_generated\steps\492\
	    New File  		     125	output.txt
	  New Dir          1	C:\Users\DannyGeminiAnti\.gemini\antigravity\brain\13d289c7-8aca-4523-9e85-52f4f3632356\.system_generated\steps\494\
	    New File  		     147	output.txt
	  New Dir          1	C:\Users\DannyGeminiAnti\.gemini\antigravity\brain\13d289c7-8aca-4523-9e85-52f4f3632356\.system_generated\steps\51\
	    New File  		     157	output.txt
	  New Dir          1	C:\Users\DannyGeminiAnti\.gemini\antigravity\brain\13d289c7-8aca-4523-9e85-52f4f3632356\.system_generated\steps\512\
	    New File  		    1446	output.txt
	  New Dir          1	C:\Users\DannyGeminiAnti\.gemini\antigravity\brain\13d289c7-8aca-4523-9e85-52f4f3632356\.system_generated\steps\518\
	    New File  		     988	output.txt
	  New Dir          1	C:\Users\DannyGeminiAnti\.gemini\antigravity\brain\13d289c7-8aca-4523-9e85-52f4f3632356\.system_generated\steps\524\
	    New File  		    1221	output.txt
	  New Dir          1	C:\Users\DannyGeminiAnti\.gemini\antigravity\brain\13d289c7-8aca-4523-9e85-52f4f3632356\.system_generated\steps\526\
	    New File  		    1181	output.txt
	  New Dir          1	C:\Users\DannyGeminiAnti\.gemini\antigravity\brain\13d289c7-8aca-4523-9e85-52f4f3632356\.system_generated\steps\532\
	    New File  		    1059	output.txt
	  New Dir          1	C:\Users\DannyGeminiAnti\.gemini\antigravity\brain\13d289c7-8aca-4523-9e85-52f4f3632356\.system_generated\steps\534\
	    New File  		      51	output.txt
	  New Dir          1	C:\Users\DannyGeminiAnti\.gemini\antigravity\brain\13d289c7-8aca-4523-9e85-52f4f3632356\.system_generated\steps\536\
	    New File  		      51	output.txt
	  New Dir          1	C:\Users\DannyGeminiAnti\.gemini\antigravity\brain\13d289c7-8aca-4523-9e85-52f4f3632356\.system_generated\steps\538\
	    New File  		      51	output.txt
	  New Dir          1	C:\Users\DannyGeminiAnti\.gemini\antigravity\brain\13d289c7-8aca-4523-9e85-52f4f3632356\.system_generated\steps\540\
	    New File  		     180	output.txt
	  New Dir          1	C:\Users\DannyGeminiAnti\.gemini\antigravity\brain\13d289c7-8aca-4523-9e85-52f4f3632356\.system_generated\steps\542\
	    New File  		     145	output.txt
	  New Dir          1	C:\Users\DannyGeminiAnti\.gemini\antigravity\brain\13d289c7-8aca-4523-9e85-52f4f3632356\.system_generated\steps\544\
	    New File  		     495	output.txt
	  New Dir          1	C:\Users\DannyGeminiAnti\.gemini\antigravity\brain\13d289c7-8aca-4523-9e85-52f4f3632356\.system_generated\steps\546\
	    New File  		     262	output.txt
	  New Dir          1	C:\Users\DannyGeminiAnti\.gemini\antigravity\brain\13d289c7-8aca-4523-9e85-52f4f3632356\.system_generated\steps\548\
	    New File  		     147	output.txt
	  New Dir          1	C:\Users\DannyGeminiAnti\.gemini\antigravity\brain\13d289c7-8aca-4523-9e85-52f4f3632356\.system_generated\steps\552\
	    New File  		      75	output.txt
	  New Dir          1	C:\Users\DannyGeminiAnti\.gemini\antigravity\brain\13d289c7-8aca-4523-9e85-52f4f3632356\.system_generated\steps\554\
	    New File  		      75	output.txt
	  New Dir          1	C:\Users\DannyGeminiAnti\.gemini\antigravity\brain\13d289c7-8aca-4523-9e85-52f4f3632356\.system_generated\steps\556\
	    New File  		     159	output.txt
	  New Dir          1	C:\Users\DannyGeminiAnti\.gemini\antigravity\brain\13d289c7-8aca-4523-9e85-52f4f3632356\.system_generated\steps\558\
	    New File  		     330	output.txt
	  New Dir          1	C:\Users\DannyGeminiAnti\.gemini\antigravity\brain\13d289c7-8aca-4523-9e85-52f4f3632356\.system_generated\steps\562\
	    New File  		     100	output.txt
	  New Dir          1	C:\Users\DannyGeminiAnti\.gemini\antigravity\brain\13d289c7-8aca-4523-9e85-52f4f3632356\.system_generated\steps\564\
	    New File  		      94	output.txt
	  New Dir          1	C:\Users\DannyGeminiAnti\.gemini\antigravity\brain\13d289c7-8aca-4523-9e85-52f4f3632356\.system_generated\steps\566\
	    New File  		      92	output.txt
	  New Dir          1	C:\Users\DannyGeminiAnti\.gemini\antigravity\brain\13d289c7-8aca-4523-9e85-52f4f3632356\.system_generated\steps\568\
	    New File  		     289	output.txt
	  New Dir          1	C:\Users\DannyGeminiAnti\.gemini\antigravity\brain\13d289c7-8aca-4523-9e85-52f4f3632356\.system_generated\steps\570\
	    New File  		      64	output.txt
	  New Dir          1	C:\Users\DannyGeminiAnti\.gemini\antigravity\brain\13d289c7-8aca-4523-9e85-52f4f3632356\.system_generated\steps\572\
	    New File  		      64	output.txt
	  New Dir          1	C:\Users\DannyGeminiAnti\.gemini\antigravity\brain\13d289c7-8aca-4523-9e85-52f4f3632356\.system_generated\steps\584\
	    New File  		    1464	output.txt
	  New Dir          1	C:\Users\DannyGeminiAnti\.gemini\antigravity\brain\13d289c7-8aca-4523-9e85-52f4f3632356\.system_generated\steps\586\
	    New File  		    1466	output.txt
	  New Dir          1	C:\Users\DannyGeminiAnti\.gemini\antigravity\brain\13d289c7-8aca-4523-9e85-52f4f3632356\.system_generated\steps\588\
	    New File  		    1496	output.txt
	  New Dir          1	C:\Users\DannyGeminiAnti\.gemini\antigravity\brain\13d289c7-8aca-4523-9e85-52f4f3632356\.system_generated\steps\590\
	    New File  		    1059	output.txt
	  New Dir          1	C:\Users\DannyGeminiAnti\.gemini\antigravity\brain\13d289c7-8aca-4523-9e85-52f4f3632356\.system_generated\steps\592\
	    New File  		      51	output.txt
	  New Dir          1	C:\Users\DannyGeminiAnti\.gemini\antigravity\brain\13d289c7-8aca-4523-9e85-52f4f3632356\.system_generated\steps\594\
	    New File  		      51	output.txt
	  New Dir          1	C:\Users\DannyGeminiAnti\.gemini\antigravity\brain\13d289c7-8aca-4523-9e85-52f4f3632356\.system_generated\steps\596\
	    New File  		      51	output.txt
	  New Dir          1	C:\Users\DannyGeminiAnti\.gemini\antigravity\brain\13d289c7-8aca-4523-9e85-52f4f3632356\.system_generated\steps\599\
	    New File  		     170	output.txt
	                   1	C:\Users\DannyGeminiAnti\.gemini\antigravity\brain\13d289c7-8aca-4523-9e85-52f4f3632356\.system_generated\steps\6\
	  New Dir          1	C:\Users\DannyGeminiAnti\.gemini\antigravity\brain\13d289c7-8aca-4523-9e85-52f4f3632356\.system_generated\steps\601\
	    New File  		     143	output.txt
	  New Dir          1	C:\Users\DannyGeminiAnti\.gemini\antigravity\brain\13d289c7-8aca-4523-9e85-52f4f3632356\.system_generated\steps\603\
	    New File  		     392	output.txt
	  New Dir          1	C:\Users\DannyGeminiAnti\.gemini\antigravity\brain\13d289c7-8aca-4523-9e85-52f4f3632356\.system_generated\steps\605\
	    New File  		     264	output.txt
	  New Dir          1	C:\Users\DannyGeminiAnti\.gemini\antigravity\brain\13d289c7-8aca-4523-9e85-52f4f3632356\.system_generated\steps\607\
	    New File  		     145	output.txt
	  New Dir          1	C:\Users\DannyGeminiAnti\.gemini\antigravity\brain\13d289c7-8aca-4523-9e85-52f4f3632356\.system_generated\steps\619\
	    New File  		    1236	output.txt
	  New Dir          1	C:\Users\DannyGeminiAnti\.gemini\antigravity\brain\13d289c7-8aca-4523-9e85-52f4f3632356\.system_generated\steps\621\
	    New File  		    1196	output.txt
	  New Dir          1	C:\Users\DannyGeminiAnti\.gemini\antigravity\brain\13d289c7-8aca-4523-9e85-52f4f3632356\.system_generated\steps\623\
	    New File  		    1243	output.txt
	  New Dir          1	C:\Users\DannyGeminiAnti\.gemini\antigravity\brain\13d289c7-8aca-4523-9e85-52f4f3632356\.system_generated\steps\625\
	    New File  		     886	output.txt
	  New Dir          1	C:\Users\DannyGeminiAnti\.gemini\antigravity\brain\13d289c7-8aca-4523-9e85-52f4f3632356\.system_generated\steps\629\
	    New File  		     783	output.txt
	  New Dir          1	C:\Users\DannyGeminiAnti\.gemini\antigravity\brain\13d289c7-8aca-4523-9e85-52f4f3632356\.system_generated\steps\633\
	    New File  		     811	output.txt
	  New Dir          1	C:\Users\DannyGeminiAnti\.gemini\antigravity\brain\13d289c7-8aca-4523-9e85-52f4f3632356\.system_generated\steps\635\
	    New File  		    1059	output.txt
	  New Dir          1	C:\Users\DannyGeminiAnti\.gemini\antigravity\brain\13d289c7-8aca-4523-9e85-52f4f3632356\.system_generated\steps\637\
	    New File  		      51	output.txt
	  New Dir          1	C:\Users\DannyGeminiAnti\.gemini\antigravity\brain\13d289c7-8aca-4523-9e85-52f4f3632356\.system_generated\steps\639\
	    New File  		      51	output.txt
	  New Dir          1	C:\Users\DannyGeminiAnti\.gemini\antigravity\brain\13d289c7-8aca-4523-9e85-52f4f3632356\.system_generated\steps\641\
	    New File  		      51	output.txt
	  New Dir          1	C:\Users\DannyGeminiAnti\.gemini\antigravity\brain\13d289c7-8aca-4523-9e85-52f4f3632356\.system_generated\steps\643\
	    New File  		     210	output.txt
	  New Dir          1	C:\Users\DannyGeminiAnti\.gemini\antigravity\brain\13d289c7-8aca-4523-9e85-52f4f3632356\.system_generated\steps\645\
	    New File  		     143	output.txt
	  New Dir          1	C:\Users\DannyGeminiAnti\.gemini\antigravity\brain\13d289c7-8aca-4523-9e85-52f4f3632356\.system_generated\steps\647\
	    New File  		     392	output.txt
	  New Dir          1	C:\Users\DannyGeminiAnti\.gemini\antigravity\brain\13d289c7-8aca-4523-9e85-52f4f3632356\.system_generated\steps\649\
	    New File  		     302	output.txt
	  New Dir          1	C:\Users\DannyGeminiAnti\.gemini\antigravity\brain\13d289c7-8aca-4523-9e85-52f4f3632356\.system_generated\steps\651\
	    New File  		     145	output.txt
	  New Dir          1	C:\Users\DannyGeminiAnti\.gemini\antigravity\brain\13d289c7-8aca-4523-9e85-52f4f3632356\.system_generated\steps\658\
	    New File  		    2810	output.txt
	  New Dir          1	C:\Users\DannyGeminiAnti\.gemini\antigravity\brain\13d289c7-8aca-4523-9e85-52f4f3632356\.system_generated\steps\660\
	    New File  		    1516	output.txt
	  New Dir          1	C:\Users\DannyGeminiAnti\.gemini\antigravity\brain\13d289c7-8aca-4523-9e85-52f4f3632356\.system_generated\steps\662\
	    New File  		    1059	output.txt
	  New Dir          1	C:\Users\DannyGeminiAnti\.gemini\antigravity\brain\13d289c7-8aca-4523-9e85-52f4f3632356\.system_generated\steps\664\
	    New File  		      51	output.txt
	  New Dir          1	C:\Users\DannyGeminiAnti\.gemini\antigravity\brain\13d289c7-8aca-4523-9e85-52f4f3632356\.system_generated\steps\666\
	    New File  		      51	output.txt
	  New Dir          1	C:\Users\DannyGeminiAnti\.gemini\antigravity\brain\13d289c7-8aca-4523-9e85-52f4f3632356\.system_generated\steps\668\
	    New File  		     598	output.txt
	  New Dir          1	C:\Users\DannyGeminiAnti\.gemini\antigravity\brain\13d289c7-8aca-4523-9e85-52f4f3632356\.system_generated\steps\670\
	    New File  		      51	output.txt
	  New Dir          1	C:\Users\DannyGeminiAnti\.gemini\antigravity\brain\13d289c7-8aca-4523-9e85-52f4f3632356\.system_generated\steps\672\
	    New File  		     179	output.txt
	  New Dir          1	C:\Users\DannyGeminiAnti\.gemini\antigravity\brain\13d289c7-8aca-4523-9e85-52f4f3632356\.system_generated\steps\674\
	    New File  		     143	output.txt
	  New Dir          1	C:\Users\DannyGeminiAnti\.gemini\antigravity\brain\13d289c7-8aca-4523-9e85-52f4f3632356\.system_generated\steps\676\
	    New File  		     392	output.txt
	  New Dir          1	C:\Users\DannyGeminiAnti\.gemini\antigravity\brain\13d289c7-8aca-4523-9e85-52f4f3632356\.system_generated\steps\678\
	    New File  		     294	output.txt
	  New Dir          1	C:\Users\DannyGeminiAnti\.gemini\antigravity\brain\13d289c7-8aca-4523-9e85-52f4f3632356\.system_generated\steps\680\
	    New File  		     145	output.txt
	  New Dir          1	C:\Users\DannyGeminiAnti\.gemini\antigravity\brain\13d289c7-8aca-4523-9e85-52f4f3632356\.system_generated\steps\686\
	    New File  		     780	output.txt
	  New Dir          1	C:\Users\DannyGeminiAnti\.gemini\antigravity\brain\13d289c7-8aca-4523-9e85-52f4f3632356\.system_generated\steps\690\
	    New File  		    1064	output.txt
	  New Dir          1	C:\Users\DannyGeminiAnti\.gemini\antigravity\brain\13d289c7-8aca-4523-9e85-52f4f3632356\.system_generated\steps\696\
	    New File  		     897	output.txt
	  New Dir          1	C:\Users\DannyGeminiAnti\.gemini\antigravity\brain\13d289c7-8aca-4523-9e85-52f4f3632356\.system_generated\steps\698\
	    New File  		    1059	output.txt
	  New Dir          1	C:\Users\DannyGeminiAnti\.gemini\antigravity\brain\13d289c7-8aca-4523-9e85-52f4f3632356\.system_generated\steps\700\
	    New File  		      51	output.txt
	  New Dir          1	C:\Users\DannyGeminiAnti\.gemini\antigravity\brain\13d289c7-8aca-4523-9e85-52f4f3632356\.system_generated\steps\702\
	    New File  		      51	output.txt
	  New Dir          1	C:\Users\DannyGeminiAnti\.gemini\antigravity\brain\13d289c7-8aca-4523-9e85-52f4f3632356\.system_generated\steps\704\
	    New File  		     167	output.txt
	  New Dir          1	C:\Users\DannyGeminiAnti\.gemini\antigravity\brain\13d289c7-8aca-4523-9e85-52f4f3632356\.system_generated\steps\706\
	    New File  		     167	output.txt
	  New Dir          1	C:\Users\DannyGeminiAnti\.gemini\antigravity\brain\13d289c7-8aca-4523-9e85-52f4f3632356\.system_generated\steps\708\
	    New File  		     143	output.txt
	  New Dir          1	C:\Users\DannyGeminiAnti\.gemini\antigravity\brain\13d289c7-8aca-4523-9e85-52f4f3632356\.system_generated\steps\710\
	    New File  		     392	output.txt
	  New Dir          1	C:\Users\DannyGeminiAnti\.gemini\antigravity\brain\13d289c7-8aca-4523-9e85-52f4f3632356\.system_generated\steps\712\
	    New File  		     195	output.txt
	  New Dir          1	C:\Users\DannyGeminiAnti\.gemini\antigravity\brain\13d289c7-8aca-4523-9e85-52f4f3632356\.system_generated\steps\714\
	    New File  		     145	output.txt
	  New Dir          1	C:\Users\DannyGeminiAnti\.gemini\antigravity\brain\13d289c7-8aca-4523-9e85-52f4f3632356\.system_generated\steps\722\
	    New File  		     783	output.txt
	  New Dir          1	C:\Users\DannyGeminiAnti\.gemini\antigravity\brain\13d289c7-8aca-4523-9e85-52f4f3632356\.system_generated\steps\724\
	    New File  		    1059	output.txt
	  New Dir          1	C:\Users\DannyGeminiAnti\.gemini\antigravity\brain\13d289c7-8aca-4523-9e85-52f4f3632356\.system_generated\steps\726\
	    New File  		      51	output.txt
	  New Dir          1	C:\Users\DannyGeminiAnti\.gemini\antigravity\brain\13d289c7-8aca-4523-9e85-52f4f3632356\.system_generated\steps\728\
	    New File  		      51	output.txt
	  New Dir          1	C:\Users\DannyGeminiAnti\.gemini\antigravity\brain\13d289c7-8aca-4523-9e85-52f4f3632356\.system_generated\steps\730\
	    New File  		     582	output.txt
	  New Dir          1	C:\Users\DannyGeminiAnti\.gemini\antigravity\brain\13d289c7-8aca-4523-9e85-52f4f3632356\.system_generated\steps\732\
	    New File  		      51	output.txt
	  New Dir          1	C:\Users\DannyGeminiAnti\.gemini\antigravity\brain\13d289c7-8aca-4523-9e85-52f4f3632356\.system_generated\steps\734\
	    New File  		     129	output.txt
	  New Dir          1	C:\Users\DannyGeminiAnti\.gemini\antigravity\brain\13d289c7-8aca-4523-9e85-52f4f3632356\.system_generated\steps\736\
	    New File  		     143	output.txt
	  New Dir          1	C:\Users\DannyGeminiAnti\.gemini\antigravity\brain\13d289c7-8aca-4523-9e85-52f4f3632356\.system_generated\steps\738\
	    New File  		     392	output.txt
	  New Dir          1	C:\Users\DannyGeminiAnti\.gemini\antigravity\brain\13d289c7-8aca-4523-9e85-52f4f3632356\.system_generated\steps\740\
	    New File  		     194	output.txt
	  New Dir          1	C:\Users\DannyGeminiAnti\.gemini\antigravity\brain\13d289c7-8aca-4523-9e85-52f4f3632356\.system_generated\steps\742\
	    New File  		     145	output.txt
	  New Dir          1	C:\Users\DannyGeminiAnti\.gemini\antigravity\brain\13d289c7-8aca-4523-9e85-52f4f3632356\.system_generated\steps\75\
	    New File  		     137	output.txt
	  New Dir          1	C:\Users\DannyGeminiAnti\.gemini\antigravity\brain\13d289c7-8aca-4523-9e85-52f4f3632356\.system_generated\steps\751\
	    New File  		   11218	output.txt
	  New Dir          1	C:\Users\DannyGeminiAnti\.gemini\antigravity\brain\13d289c7-8aca-4523-9e85-52f4f3632356\.system_generated\steps\753\
	    New File  		   11171	output.txt
	  New Dir          1	C:\Users\DannyGeminiAnti\.gemini\antigravity\brain\13d289c7-8aca-4523-9e85-52f4f3632356\.system_generated\steps\759\
	    New File  		    1581	output.txt
	  New Dir          1	C:\Users\DannyGeminiAnti\.gemini\antigravity\brain\13d289c7-8aca-4523-9e85-52f4f3632356\.system_generated\steps\763\
	    New File  		    1088	output.txt
	  New Dir          1	C:\Users\DannyGeminiAnti\.gemini\antigravity\brain\13d289c7-8aca-4523-9e85-52f4f3632356\.system_generated\steps\769\
	    New File  		    1296	output.txt
	  New Dir          1	C:\Users\DannyGeminiAnti\.gemini\antigravity\brain\13d289c7-8aca-4523-9e85-52f4f3632356\.system_generated\steps\77\
	    New File  		     464	output.txt
	  New Dir          1	C:\Users\DannyGeminiAnti\.gemini\antigravity\brain\13d289c7-8aca-4523-9e85-52f4f3632356\.system_generated\steps\771\
	    New File  		     783	output.txt
	  New Dir          1	C:\Users\DannyGeminiAnti\.gemini\antigravity\brain\13d289c7-8aca-4523-9e85-52f4f3632356\.system_generated\steps\773\
	    New File  		    1059	output.txt
	  New Dir          1	C:\Users\DannyGeminiAnti\.gemini\antigravity\brain\13d289c7-8aca-4523-9e85-52f4f3632356\.system_generated\steps\775\
	    New File  		      51	output.txt
	  New Dir          1	C:\Users\DannyGeminiAnti\.gemini\antigravity\brain\13d289c7-8aca-4523-9e85-52f4f3632356\.system_generated\steps\777\
	    New File  		    1314	output.txt
	  New Dir          1	C:\Users\DannyGeminiAnti\.gemini\antigravity\brain\13d289c7-8aca-4523-9e85-52f4f3632356\.system_generated\steps\779\
	    New File  		      51	output.txt
	  New Dir          1	C:\Users\DannyGeminiAnti\.gemini\antigravity\brain\13d289c7-8aca-4523-9e85-52f4f3632356\.system_generated\steps\781\
	    New File  		     598	output.txt
	  New Dir          1	C:\Users\DannyGeminiAnti\.gemini\antigravity\brain\13d289c7-8aca-4523-9e85-52f4f3632356\.system_generated\steps\783\
	    New File  		     285	output.txt
	  New Dir          1	C:\Users\DannyGeminiAnti\.gemini\antigravity\brain\13d289c7-8aca-4523-9e85-52f4f3632356\.system_generated\steps\785\
	    New File  		     811	output.txt
	  New Dir          1	C:\Users\DannyGeminiAnti\.gemini\antigravity\brain\13d289c7-8aca-4523-9e85-52f4f3632356\.system_generated\steps\79\
	    New File  		    8166	output.txt
	  New Dir          1	C:\Users\DannyGeminiAnti\.gemini\antigravity\brain\13d289c7-8aca-4523-9e85-52f4f3632356\.system_generated\steps\792\
	    New File  		      48	output.txt
	  New Dir          1	C:\Users\DannyGeminiAnti\.gemini\antigravity\brain\13d289c7-8aca-4523-9e85-52f4f3632356\.system_generated\steps\794\
	    New File  		      77	output.txt
	  New Dir          1	C:\Users\DannyGeminiAnti\.gemini\antigravity\brain\13d289c7-8aca-4523-9e85-52f4f3632356\.system_generated\steps\802\
	    New File  		     199	output.txt
	  New Dir          1	C:\Users\DannyGeminiAnti\.gemini\antigravity\brain\13d289c7-8aca-4523-9e85-52f4f3632356\.system_generated\steps\807\
	    New File  		    4108	output.txt
	  New Dir          1	C:\Users\DannyGeminiAnti\.gemini\antigravity\brain\13d289c7-8aca-4523-9e85-52f4f3632356\.system_generated\steps\809\
	    New File  		    1351	output.txt
	  New Dir          1	C:\Users\DannyGeminiAnti\.gemini\antigravity\brain\13d289c7-8aca-4523-9e85-52f4f3632356\.system_generated\steps\81\
	    New File  		    8240	output.txt
	  New Dir          1	C:\Users\DannyGeminiAnti\.gemini\antigravity\brain\13d289c7-8aca-4523-9e85-52f4f3632356\.system_generated\steps\811\
	    New File  		     783	output.txt
	  New Dir          1	C:\Users\DannyGeminiAnti\.gemini\antigravity\brain\13d289c7-8aca-4523-9e85-52f4f3632356\.system_generated\steps\813\
	    New File  		    1059	output.txt
	  New Dir          1	C:\Users\DannyGeminiAnti\.gemini\antigravity\brain\13d289c7-8aca-4523-9e85-52f4f3632356\.system_generated\steps\815\
	    New File  		      51	output.txt
	  New Dir          1	C:\Users\DannyGeminiAnti\.gemini\antigravity\brain\13d289c7-8aca-4523-9e85-52f4f3632356\.system_generated\steps\817\
	    New File  		      51	output.txt
	  New Dir          1	C:\Users\DannyGeminiAnti\.gemini\antigravity\brain\13d289c7-8aca-4523-9e85-52f4f3632356\.system_generated\steps\819\
	    New File  		     262	output.txt
	  New Dir          1	C:\Users\DannyGeminiAnti\.gemini\antigravity\brain\13d289c7-8aca-4523-9e85-52f4f3632356\.system_generated\steps\822\
	    New File  		     763	output.txt
	  New Dir          1	C:\Users\DannyGeminiAnti\.gemini\antigravity\brain\13d289c7-8aca-4523-9e85-52f4f3632356\.system_generated\steps\824\
	    New File  		      48	output.txt
	  New Dir          1	C:\Users\DannyGeminiAnti\.gemini\antigravity\brain\13d289c7-8aca-4523-9e85-52f4f3632356\.system_generated\steps\834\
	    New File  		     494	output.txt
	  New Dir          1	C:\Users\DannyGeminiAnti\.gemini\antigravity\brain\13d289c7-8aca-4523-9e85-52f4f3632356\.system_generated\steps\838\
	    New File  		    1026	output.txt
	  New Dir          1	C:\Users\DannyGeminiAnti\.gemini\antigravity\brain\13d289c7-8aca-4523-9e85-52f4f3632356\.system_generated\steps\840\
	    New File  		     237	output.txt
	  New Dir          1	C:\Users\DannyGeminiAnti\.gemini\antigravity\brain\13d289c7-8aca-4523-9e85-52f4f3632356\.system_generated\steps\842\
	    New File  		     199	output.txt
	  New Dir          1	C:\Users\DannyGeminiAnti\.gemini\antigravity\brain\13d289c7-8aca-4523-9e85-52f4f3632356\.system_generated\steps\846\
	    New File  		     834	output.txt
	  New Dir          1	C:\Users\DannyGeminiAnti\.gemini\antigravity\brain\13d289c7-8aca-4523-9e85-52f4f3632356\.system_generated\steps\848\
	    New File  		     199	output.txt
	  New Dir          1	C:\Users\DannyGeminiAnti\.gemini\antigravity\brain\13d289c7-8aca-4523-9e85-52f4f3632356\.system_generated\steps\852\
	    New File  		     846	output.txt
	  New Dir          1	C:\Users\DannyGeminiAnti\.gemini\antigravity\brain\13d289c7-8aca-4523-9e85-52f4f3632356\.system_generated\steps\856\
	    New File  		     852	output.txt
	  New Dir          1	C:\Users\DannyGeminiAnti\.gemini\antigravity\brain\13d289c7-8aca-4523-9e85-52f4f3632356\.system_generated\steps\860\
	    New File  		     895	output.txt
	  New Dir          1	C:\Users\DannyGeminiAnti\.gemini\antigravity\brain\13d289c7-8aca-4523-9e85-52f4f3632356\.system_generated\steps\864\
	    New File  		    1083	output.txt
	  New Dir          1	C:\Users\DannyGeminiAnti\.gemini\antigravity\brain\13d289c7-8aca-4523-9e85-52f4f3632356\.system_generated\steps\866\
	    New File  		    1083	output.txt
	  New Dir          1	C:\Users\DannyGeminiAnti\.gemini\antigravity\brain\13d289c7-8aca-4523-9e85-52f4f3632356\.system_generated\steps\869\
	    New File  		    1306	output.txt
	  New Dir          1	C:\Users\DannyGeminiAnti\.gemini\antigravity\brain\13d289c7-8aca-4523-9e85-52f4f3632356\.system_generated\steps\871\
	    New File  		     783	output.txt
	  New Dir          1	C:\Users\DannyGeminiAnti\.gemini\antigravity\brain\13d289c7-8aca-4523-9e85-52f4f3632356\.system_generated\steps\873\
	    New File  		    1059	output.txt
	  New Dir          1	C:\Users\DannyGeminiAnti\.gemini\antigravity\brain\13d289c7-8aca-4523-9e85-52f4f3632356\.system_generated\steps\875\
	    New File  		      51	output.txt
	  New Dir          1	C:\Users\DannyGeminiAnti\.gemini\antigravity\brain\13d289c7-8aca-4523-9e85-52f4f3632356\.system_generated\steps\877\
	    New File  		    1987	output.txt
	  New Dir          1	C:\Users\DannyGeminiAnti\.gemini\antigravity\brain\13d289c7-8aca-4523-9e85-52f4f3632356\.system_generated\steps\879\
	    New File  		      51	output.txt
	  New Dir          1	C:\Users\DannyGeminiAnti\.gemini\antigravity\brain\13d289c7-8aca-4523-9e85-52f4f3632356\.system_generated\steps\881\
	    New File  		     280	output.txt
	  New Dir          1	C:\Users\DannyGeminiAnti\.gemini\antigravity\brain\13d289c7-8aca-4523-9e85-52f4f3632356\.system_generated\steps\884\
	    New File  		     686	output.txt
	  New Dir          1	C:\Users\DannyGeminiAnti\.gemini\antigravity\brain\13d289c7-8aca-4523-9e85-52f4f3632356\.system_generated\steps\886\
	    New File  		      48	output.txt
	  New Dir          1	C:\Users\DannyGeminiAnti\.gemini\antigravity\brain\13d289c7-8aca-4523-9e85-52f4f3632356\.system_generated\steps\89\
	    New File  		     103	output.txt
	  New Dir          1	C:\Users\DannyGeminiAnti\.gemini\antigravity\brain\13d289c7-8aca-4523-9e85-52f4f3632356\.system_generated\steps\895\
	    New File  		    1478	output.txt
	  New Dir          1	C:\Users\DannyGeminiAnti\.gemini\antigravity\brain\13d289c7-8aca-4523-9e85-52f4f3632356\.system_generated\steps\897\
	    New File  		     783	output.txt
	  New Dir          1	C:\Users\DannyGeminiAnti\.gemini\antigravity\brain\13d289c7-8aca-4523-9e85-52f4f3632356\.system_generated\steps\899\
	    New File  		    1059	output.txt
	  New Dir          1	C:\Users\DannyGeminiAnti\.gemini\antigravity\brain\13d289c7-8aca-4523-9e85-52f4f3632356\.system_generated\steps\901\
	    New File  		      51	output.txt
	  New Dir          1	C:\Users\DannyGeminiAnti\.gemini\antigravity\brain\13d289c7-8aca-4523-9e85-52f4f3632356\.system_generated\steps\903\
	    New File  		      51	output.txt
	  New Dir          1	C:\Users\DannyGeminiAnti\.gemini\antigravity\brain\13d289c7-8aca-4523-9e85-52f4f3632356\.system_generated\steps\905\
	    New File  		     222	output.txt
	  New Dir          1	C:\Users\DannyGeminiAnti\.gemini\antigravity\brain\13d289c7-8aca-4523-9e85-52f4f3632356\.system_generated\steps\908\
	    New File  		     773	output.txt
	  New Dir          1	C:\Users\DannyGeminiAnti\.gemini\antigravity\brain\13d289c7-8aca-4523-9e85-52f4f3632356\.system_generated\steps\910\
	    New File  		      76	output.txt
	  New Dir          1	C:\Users\DannyGeminiAnti\.gemini\antigravity\brain\13d289c7-8aca-4523-9e85-52f4f3632356\.system_generated\steps\916\
	    New File  		    1501	output.txt
	  New Dir          1	C:\Users\DannyGeminiAnti\.gemini\antigravity\brain\13d289c7-8aca-4523-9e85-52f4f3632356\.system_generated\steps\918\
	    New File  		     783	output.txt
	  New Dir          1	C:\Users\DannyGeminiAnti\.gemini\antigravity\brain\13d289c7-8aca-4523-9e85-52f4f3632356\.system_generated\steps\920\
	    New File  		    1059	output.txt
	  New Dir          1	C:\Users\DannyGeminiAnti\.gemini\antigravity\brain\13d289c7-8aca-4523-9e85-52f4f3632356\.system_generated\steps\922\
	    New File  		      51	output.txt
	  New Dir          1	C:\Users\DannyGeminiAnti\.gemini\antigravity\brain\13d289c7-8aca-4523-9e85-52f4f3632356\.system_generated\steps\924\
	    New File  		      51	output.txt
	  New Dir          1	C:\Users\DannyGeminiAnti\.gemini\antigravity\brain\13d289c7-8aca-4523-9e85-52f4f3632356\.system_generated\steps\926\
	    New File  		     230	output.txt
	  New Dir          1	C:\Users\DannyGeminiAnti\.gemini\antigravity\brain\13d289c7-8aca-4523-9e85-52f4f3632356\.system_generated\steps\929\
	    New File  		     786	output.txt
	  New Dir          1	C:\Users\DannyGeminiAnti\.gemini\antigravity\brain\13d289c7-8aca-4523-9e85-52f4f3632356\.system_generated\steps\931\
	    New File  		      76	output.txt
	  New Dir          1	C:\Users\DannyGeminiAnti\.gemini\antigravity\brain\13d289c7-8aca-4523-9e85-52f4f3632356\.system_generated\steps\937\
	    New File  		    2000	output.txt
	  New Dir          1	C:\Users\DannyGeminiAnti\.gemini\antigravity\brain\13d289c7-8aca-4523-9e85-52f4f3632356\.system_generated\steps\939\
	    New File  		    1993	output.txt
	  New Dir          1	C:\Users\DannyGeminiAnti\.gemini\antigravity\brain\13d289c7-8aca-4523-9e85-52f4f3632356\.system_generated\steps\941\
	    New File  		     783	output.txt
	  New Dir          1	C:\Users\DannyGeminiAnti\.gemini\antigravity\brain\13d289c7-8aca-4523-9e85-52f4f3632356\.system_generated\steps\943\
	    New File  		    1320	output.txt
	  New Dir          1	C:\Users\DannyGeminiAnti\.gemini\antigravity\brain\13d289c7-8aca-4523-9e85-52f4f3632356\.system_generated\steps\945\
	    New File  		    1059	output.txt
	  New Dir          1	C:\Users\DannyGeminiAnti\.gemini\antigravity\brain\13d289c7-8aca-4523-9e85-52f4f3632356\.system_generated\steps\947\
	    New File  		      51	output.txt
	  New Dir          1	C:\Users\DannyGeminiAnti\.gemini\antigravity\brain\13d289c7-8aca-4523-9e85-52f4f3632356\.system_generated\steps\949\
	    New File  		      51	output.txt
	  New Dir          1	C:\Users\DannyGeminiAnti\.gemini\antigravity\brain\13d289c7-8aca-4523-9e85-52f4f3632356\.system_generated\steps\95\
	    New File  		      66	output.txt
	  New Dir          1	C:\Users\DannyGeminiAnti\.gemini\antigravity\brain\13d289c7-8aca-4523-9e85-52f4f3632356\.system_generated\steps\951\
	    New File  		     278	output.txt
	  New Dir          1	C:\Users\DannyGeminiAnti\.gemini\antigravity\brain\13d289c7-8aca-4523-9e85-52f4f3632356\.system_generated\steps\954\
	    New File  		     789	output.txt
	  New Dir          1	C:\Users\DannyGeminiAnti\.gemini\antigravity\brain\13d289c7-8aca-4523-9e85-52f4f3632356\.system_generated\steps\956\
	    New File  		      76	output.txt
	  New Dir          1	C:\Users\DannyGeminiAnti\.gemini\antigravity\brain\13d289c7-8aca-4523-9e85-52f4f3632356\.system_generated\steps\966\
	    New File  		     825	output.txt
	  New Dir          1	C:\Users\DannyGeminiAnti\.gemini\antigravity\brain\13d289c7-8aca-4523-9e85-52f4f3632356\.system_generated\steps\968\
	    New File  		    1267	output.txt
	  New Dir          1	C:\Users\DannyGeminiAnti\.gemini\antigravity\brain\13d289c7-8aca-4523-9e85-52f4f3632356\.system_generated\steps\970\
	    New File  		     783	output.txt
	  New Dir          1	C:\Users\DannyGeminiAnti\.gemini\antigravity\brain\13d289c7-8aca-4523-9e85-52f4f3632356\.system_generated\steps\972\
	    New File  		    1320	output.txt
	  New Dir          1	C:\Users\DannyGeminiAnti\.gemini\antigravity\brain\13d289c7-8aca-4523-9e85-52f4f3632356\.system_generated\steps\974\
	    New File  		    1059	output.txt
	  New Dir          1	C:\Users\DannyGeminiAnti\.gemini\antigravity\brain\13d289c7-8aca-4523-9e85-52f4f3632356\.system_generated\steps\976\
	    New File  		      51	output.txt
	  New Dir          1	C:\Users\DannyGeminiAnti\.gemini\antigravity\brain\13d289c7-8aca-4523-9e85-52f4f3632356\.system_generated\steps\978\
	    New File  		      51	output.txt
	  New Dir          1	C:\Users\DannyGeminiAnti\.gemini\antigravity\brain\13d289c7-8aca-4523-9e85-52f4f3632356\.system_generated\steps\980\
	    New File  		     230	output.txt
	  New Dir          1	C:\Users\DannyGeminiAnti\.gemini\antigravity\brain\13d289c7-8aca-4523-9e85-52f4f3632356\.system_generated\steps\983\
	    New File  		     885	output.txt
	  New Dir          1	C:\Users\DannyGeminiAnti\.gemini\antigravity\brain\13d289c7-8aca-4523-9e85-52f4f3632356\.system_generated\steps\985\
	    New File  		      76	output.txt
	  New Dir          1	C:\Users\DannyGeminiAnti\.gemini\antigravity\brain\13d289c7-8aca-4523-9e85-52f4f3632356\.system_generated\steps\989\
	    New File  		     169	output.txt
	  New Dir          1	C:\Users\DannyGeminiAnti\.gemini\antigravity\brain\13d289c7-8aca-4523-9e85-52f4f3632356\.system_generated\steps\992\
	    New File  		     167	output.txt
	  New Dir          4	C:\Users\DannyGeminiAnti\.gemini\antigravity\brain\13d289c7-8aca-4523-9e85-52f4f3632356\.tempmediaStorage\
	    New File  		  313142	media_1790920436724.png
	    New File  		   73858	media_1791082646872.png
	    New File  		   27273	media_1791082650788.png
	    New File  		  199537	media_1791083922138.png
	                  95	C:\Users\DannyGeminiAnti\.gemini\antigravity\brain\13d289c7-8aca-4523-9e85-52f4f3632356\.user_uploaded\
	    New File  		  120842	media_1790391520598.png
	    New File  		   72883	media_1790391832057.png
	    New File  		  137758	media_1790391859810.png
	    New File  		  154647	media_1790392084419.png
	    New File  		  123757	media_1790392407186.png
	    New File  		  128417	media_1790392501256.png
	    New File  		   50468	media_1790656263024.png
	    New File  		  186079	media_1790733766331.png
	    New File  		  147073	media_1790817509201.png
	    New File  		  185257	media_1790819049908.png
	    New File  		  302163	media_1790819114154.png
	    New File  		  350020	media_1790819359697.png
	    New File  		  170339	media_1790819758255.png
	    New File  		  209839	media_1790819848522.png
	    New File  		  881451	media_1790820294020.png
	    New File  		  280846	media_1790821276602.jpg
	    New File  		  395526	media_1790821372237.png
	    New File  		 1002832	media_1790824599156.png
	    New File  		  934195	media_1790824662230.png
	    New File  		  913622	media_1790824713606.png
	    New File  		  974298	media_1790826171865.png
	    New File  		  767900	media_1790826244164.png
	    New File  		  820835	media_1790826332451.png
	    New File  		  311140	media_1790827113680.png
	    New File  		  297077	media_1790827239262.png
	    New File  		  320837	media_1790827354629.png
	    New File  		  548778	media_1790827438381.png
	    New File  		  901682	media_1790827594083.png
	    New File  		  506659	media_1790830042970.png
	    New File  		  875945	media_1790830059320.png
	    New File  		  402087	media_1790830077947.png
	    New File  		  501823	media_1790830336100.png
	    New File  		  989075	media_1790830711518.png
	    New File  		 1004585	media_1790831903879.png
	    New File  		  945350	media_1790831934262.png
	    New File  		  589207	media_1790831985779.png
	    New File  		  834345	media_1790875323785.png
	    New File  		  337807	media_1790876094099.png
	    New File  		  908853	media_1790877021415.png
	    New File  		  758913	media_1790877102710.png
	    New File  		  360761	media_1790877127510.png
	    New File  		  904894	media_1790877159141.png
	    New File  		  214461	media_1790877587612.png
	    New File  		  840368	media_1790877787563.png
	    New File  		  877123	media_1790877850659.png
	    New File  		  350802	media_1790877897448.png
	    New File  		  316647	media_1790879007500.png
	    New File  		  308930	media_1790879131675.png
	    New File  		  966019	media_1790879366797.png
	    New File  		  574727	media_1790879392512.png
	    New File  		  504780	media_1790880163885.png
	    New File  		  974465	media_1790880347169.png
	    New File  		  500414	media_1790880467595.png
	    New File  		  927291	media_1790880639942.png
	    New File  		  494687	media_1790881050194.png
	    New File  		  904531	media_1790881145520.png
	    New File  		  904531	media_1790881970301.png
	    New File  		  111709	media_1790915144636.png
	    New File  		  324344	media_1790915720946.png
	    New File  		  367134	media_1790916459245.png
	    New File  		  304964	media_1790917776463.png
	    New File  		  314558	media_1790918136293.png
	    New File  		  336043	media_1790918842357.png
	    New File  		  313142	media_1790920404977.png
	    New File  		  355159	media_1790970549217.png
	    New File  		  387009	media_1790970608553.png
	    New File  		  344889	media_1790970672905.png
	    New File  		  341212	media_1790970730270.png
	    New File  		  353364	media_1790970770085.png
	    New File  		  209421	media_1790971819934.png
	    New File  		  214650	media_1790971870655.png
	    New File  		  252936	media_1790973666199.png
	    New File  		   35539	media_1790974125549.png
	    New File  		  167769	media_1790974424947.png
	    New File  		  252828	media_1790974920929.png
	    New File  		  224954	media_1790976016595.png
	    New File  		  283025	media_1790976796043.png
	    New File  		  186166	media_1790977644211.png
	    New File  		  153421	media_1790980384670.png
	    New File  		  116115	media_1790980426122.png
	    New File  		   84853	media_1790990550840.png
	    New File  		  164183	media_1790990674546.png
	    New File  		  279599	media_1790991825033.png
	    New File  		   63003	media_1790992054464.png
	    New File  		   81354	media_1791077524010.png
	    New File  		   95280	media_1791078032396.png
	    New File  		   72683	media_1791078954168.png
	    New File  		   53777	media_1791079187281.png
	    New File  		   57905	media_1791079305797.png
	    New File  		    5418	media_1791079727103.png
	    New File  		   17065	media_1791079810948.png
	    New File  		   27273	media_1791080666753.png
	    New File  		   73858	media_1791082603046.png
	    New File  		   47549	media_1791083492881.png
	    New File  		  199537	media_1791083866859.png
	  New Dir          0	C:\Users\DannyGeminiAnti\.gemini\antigravity\brain\13d289c7-8aca-4523-9e85-52f4f3632356\task-91\
	  New Dir          0	C:\Users\DannyGeminiAnti\.gemini\antigravity\brain\13d289c7-8aca-4523-9e85-52f4f3632356\task-91\.system_generated\
	  New Dir          1	C:\Users\DannyGeminiAnti\.gemini\antigravity\brain\13d289c7-8aca-4523-9e85-52f4f3632356\task-91\.system_generated\messages\
	    New File  		     213	a78ada84-2906-4f50-8b09-108a7db7a837.json
	  New Dir          0	C:\Users\DannyGeminiAnti\.gemini\antigravity\brain\13d289c7-8aca-4523-9e85-52f4f3632356\task-91\.system_generated\messages\undelivered\
	                   4	C:\Users\DannyGeminiAnti\.gemini\antigravity\brain\2795bdec-f30e-4d2e-a455-fe1cc2c3c534\
	                   0	C:\Users\DannyGeminiAnti\.gemini\antigravity\brain\2795bdec-f30e-4d2e-a455-fe1cc2c3c534\.system_generated\
	                   2	C:\Users\DannyGeminiAnti\.gemini\antigravity\brain\2795bdec-f30e-4d2e-a455-fe1cc2c3c534\.system_generated\logs\
	                   0	C:\Users\DannyGeminiAnti\.gemini\antigravity\brain\2795bdec-f30e-4d2e-a455-fe1cc2c3c534\.system_generated\logs\chunks\
	                   1	C:\Users\DannyGeminiAnti\.gemini\antigravity\brain\2795bdec-f30e-4d2e-a455-fe1cc2c3c534\.system_generated\logs\chunks\transcript\
	                   1	C:\Users\DannyGeminiAnti\.gemini\antigravity\brain\2795bdec-f30e-4d2e-a455-fe1cc2c3c534\.system_generated\logs\chunks\transcript_full\
	                   0	C:\Users\DannyGeminiAnti\.gemini\antigravity\brain\2795bdec-f30e-4d2e-a455-fe1cc2c3c534\.system_generated\steps\
	                   1	C:\Users\DannyGeminiAnti\.gemini\antigravity\brain\2795bdec-f30e-4d2e-a455-fe1cc2c3c534\.system_generated\steps\12\
	                   1	C:\Users\DannyGeminiAnti\.gemini\antigravity\brain\2795bdec-f30e-4d2e-a455-fe1cc2c3c534\.system_generated\steps\14\
	                   1	C:\Users\DannyGeminiAnti\.gemini\antigravity\brain\2795bdec-f30e-4d2e-a455-fe1cc2c3c534\.system_generated\steps\16\
	                   1	C:\Users\DannyGeminiAnti\.gemini\antigravity\brain\2795bdec-f30e-4d2e-a455-fe1cc2c3c534\.system_generated\steps\18\
	                   1	C:\Users\DannyGeminiAnti\.gemini\antigravity\brain\2795bdec-f30e-4d2e-a455-fe1cc2c3c534\.system_generated\steps\20\
	                   1	C:\Users\DannyGeminiAnti\.gemini\antigravity\brain\2795bdec-f30e-4d2e-a455-fe1cc2c3c534\.system_generated\steps\22\
	                   1	C:\Users\DannyGeminiAnti\.gemini\antigravity\brain\2795bdec-f30e-4d2e-a455-fe1cc2c3c534\.system_generated\steps\24\
	                   1	C:\Users\DannyGeminiAnti\.gemini\antigravity\brain\2795bdec-f30e-4d2e-a455-fe1cc2c3c534\.system_generated\steps\26\
	                   1	C:\Users\DannyGeminiAnti\.gemini\antigravity\brain\2795bdec-f30e-4d2e-a455-fe1cc2c3c534\.system_generated\steps\28\
	                   1	C:\Users\DannyGeminiAnti\.gemini\antigravity\brain\2795bdec-f30e-4d2e-a455-fe1cc2c3c534\.system_generated\steps\30\
	                   1	C:\Users\DannyGeminiAnti\.gemini\antigravity\brain\2795bdec-f30e-4d2e-a455-fe1cc2c3c534\.system_generated\steps\32\
	                   1	C:\Users\DannyGeminiAnti\.gemini\antigravity\brain\2795bdec-f30e-4d2e-a455-fe1cc2c3c534\.system_generated\steps\34\
	                   1	C:\Users\DannyGeminiAnti\.gemini\antigravity\brain\2795bdec-f30e-4d2e-a455-fe1cc2c3c534\.system_generated\steps\36\
	                   1	C:\Users\DannyGeminiAnti\.gemini\antigravity\brain\2795bdec-f30e-4d2e-a455-fe1cc2c3c534\.system_generated\steps\38\
	                   1	C:\Users\DannyGeminiAnti\.gemini\antigravity\brain\2795bdec-f30e-4d2e-a455-fe1cc2c3c534\.system_generated\steps\4\
	                   1	C:\Users\DannyGeminiAnti\.gemini\antigravity\brain\2795bdec-f30e-4d2e-a455-fe1cc2c3c534\.system_generated\steps\40\
	                   1	C:\Users\DannyGeminiAnti\.gemini\antigravity\brain\2795bdec-f30e-4d2e-a455-fe1cc2c3c534\.system_generated\steps\42\
	                   1	C:\Users\DannyGeminiAnti\.gemini\antigravity\brain\2795bdec-f30e-4d2e-a455-fe1cc2c3c534\.system_generated\steps\44\
	                   1	C:\Users\DannyGeminiAnti\.gemini\antigravity\brain\2795bdec-f30e-4d2e-a455-fe1cc2c3c534\.system_generated\steps\46\
	                   1	C:\Users\DannyGeminiAnti\.gemini\antigravity\brain\2795bdec-f30e-4d2e-a455-fe1cc2c3c534\.system_generated\steps\6\
	                   1	C:\Users\DannyGeminiAnti\.gemini\antigravity\brain\2795bdec-f30e-4d2e-a455-fe1cc2c3c534\.system_generated\steps\8\
	                   0	C:\Users\DannyGeminiAnti\.gemini\antigravity\brain\2795bdec-f30e-4d2e-a455-fe1cc2c3c534\.user_uploaded\
	                   0	C:\Users\DannyGeminiAnti\.gemini\antigravity\brain\71c573db-dbc4-4e3a-bb68-6e94dabf9325\
	                   0	C:\Users\DannyGeminiAnti\.gemini\antigravity\brain\71c573db-dbc4-4e3a-bb68-6e94dabf9325\.system_generated\
	                   2	C:\Users\DannyGeminiAnti\.gemini\antigravity\brain\71c573db-dbc4-4e3a-bb68-6e94dabf9325\.system_generated\logs\
	                   0	C:\Users\DannyGeminiAnti\.gemini\antigravity\brain\71c573db-dbc4-4e3a-bb68-6e94dabf9325\.system_generated\logs\chunks\
	                   1	C:\Users\DannyGeminiAnti\.gemini\antigravity\brain\71c573db-dbc4-4e3a-bb68-6e94dabf9325\.system_generated\logs\chunks\transcript\
	                   1	C:\Users\DannyGeminiAnti\.gemini\antigravity\brain\71c573db-dbc4-4e3a-bb68-6e94dabf9325\.system_generated\logs\chunks\transcript_full\
	                   0	C:\Users\DannyGeminiAnti\.gemini\antigravity\brain\71c573db-dbc4-4e3a-bb68-6e94dabf9325\.user_uploaded\
	  New Dir          0	C:\Users\DannyGeminiAnti\.gemini\antigravity\brain\753c20e3-1745-493c-bcd8-35aed02e031b\
	  New Dir          0	C:\Users\DannyGeminiAnti\.gemini\antigravity\brain\753c20e3-1745-493c-bcd8-35aed02e031b\.system_generated\
	  New Dir          2	C:\Users\DannyGeminiAnti\.gemini\antigravity\brain\753c20e3-1745-493c-bcd8-35aed02e031b\.system_generated\logs\
	    New File  		   31175	transcript.jsonl
	    New File  		   37875	transcript_full.jsonl
	  New Dir          0	C:\Users\DannyGeminiAnti\.gemini\antigravity\brain\753c20e3-1745-493c-bcd8-35aed02e031b\.system_generated\logs\chunks\
	  New Dir          1	C:\Users\DannyGeminiAnti\.gemini\antigravity\brain\753c20e3-1745-493c-bcd8-35aed02e031b\.system_generated\logs\chunks\transcript\
	    New File  		   31175	00000000.jsonl
	  New Dir          1	C:\Users\DannyGeminiAnti\.gemini\antigravity\brain\753c20e3-1745-493c-bcd8-35aed02e031b\.system_generated\logs\chunks\transcript_full\
	    New File  		   37875	00000000.jsonl
	  New Dir          2	C:\Users\DannyGeminiAnti\.gemini\antigravity\brain\753c20e3-1745-493c-bcd8-35aed02e031b\.system_generated\messages\
	    New File  		    4429	2ffc4a58-5ee5-47ef-9ca7-dec77d3f2770.json
	    New File  		      45	read.json
	  New Dir          0	C:\Users\DannyGeminiAnti\.gemini\antigravity\brain\753c20e3-1745-493c-bcd8-35aed02e031b\.system_generated\messages\undelivered\
	  New Dir          0	C:\Users\DannyGeminiAnti\.gemini\antigravity\brain\753c20e3-1745-493c-bcd8-35aed02e031b\.system_generated\steps\
	  New Dir          1	C:\Users\DannyGeminiAnti\.gemini\antigravity\brain\753c20e3-1745-493c-bcd8-35aed02e031b\.system_generated\steps\11\
	    New File  		    8247	output.txt
	  New Dir          1	C:\Users\DannyGeminiAnti\.gemini\antigravity\brain\753c20e3-1745-493c-bcd8-35aed02e031b\.system_generated\steps\13\
	    New File  		    1254	output.txt
	  New Dir          1	C:\Users\DannyGeminiAnti\.gemini\antigravity\brain\753c20e3-1745-493c-bcd8-35aed02e031b\.system_generated\steps\15\
	    New File  		      62	output.txt
	  New Dir          1	C:\Users\DannyGeminiAnti\.gemini\antigravity\brain\753c20e3-1745-493c-bcd8-35aed02e031b\.system_generated\steps\2\
	    New File  		    3021	output.txt
	  New Dir          1	C:\Users\DannyGeminiAnti\.gemini\antigravity\brain\753c20e3-1745-493c-bcd8-35aed02e031b\.system_generated\steps\20\
	    New File  		     219	output.txt
	  New Dir          1	C:\Users\DannyGeminiAnti\.gemini\antigravity\brain\753c20e3-1745-493c-bcd8-35aed02e031b\.system_generated\steps\22\
	    New File  		     585	output.txt
	  New Dir          1	C:\Users\DannyGeminiAnti\.gemini\antigravity\brain\753c20e3-1745-493c-bcd8-35aed02e031b\.system_generated\steps\5\
	    New File  		    3856	output.txt
	  New Dir          1	C:\Users\DannyGeminiAnti\.gemini\antigravity\brain\753c20e3-1745-493c-bcd8-35aed02e031b\.system_generated\steps\7\
	    New File  		     450	output.txt
	  New Dir          1	C:\Users\DannyGeminiAnti\.gemini\antigravity\brain\753c20e3-1745-493c-bcd8-35aed02e031b\.system_generated\steps\9\
	    New File  		      51	output.txt
	  New Dir          0	C:\Users\DannyGeminiAnti\.gemini\antigravity\brain\753c20e3-1745-493c-bcd8-35aed02e031b\.user_uploaded\
	                   6	C:\Users\DannyGeminiAnti\.gemini\antigravity\brain\9540f47a-f97c-4f56-9d0d-91213f6c365a\
	                   0	C:\Users\DannyGeminiAnti\.gemini\antigravity\brain\9540f47a-f97c-4f56-9d0d-91213f6c365a\.system_generated\
	                   2	C:\Users\DannyGeminiAnti\.gemini\antigravity\brain\9540f47a-f97c-4f56-9d0d-91213f6c365a\.system_generated\logs\
	    Newer     		   1.4 m	transcript.jsonl
	    Newer     		   1.8 m	transcript_full.jsonl
	                   0	C:\Users\DannyGeminiAnti\.gemini\antigravity\brain\9540f47a-f97c-4f56-9d0d-91213f6c365a\.system_generated\logs\chunks\
	                  15	C:\Users\DannyGeminiAnti\.gemini\antigravity\brain\9540f47a-f97c-4f56-9d0d-91213f6c365a\.system_generated\logs\chunks\transcript\
	    Newer     		   73458	00000014.jsonl
	                  20	C:\Users\DannyGeminiAnti\.gemini\antigravity\brain\9540f47a-f97c-4f56-9d0d-91213f6c365a\.system_generated\logs\chunks\transcript_full\
	    Newer     		  102400	00000018.jsonl
	    New File  		   12049	00000019.jsonl
	                 207	C:\Users\DannyGeminiAnti\.gemini\antigravity\brain\9540f47a-f97c-4f56-9d0d-91213f6c365a\.system_generated\messages\
	    New File  		     365	02a6d1df-ad64-4678-bc80-d236e4b377a7.json
	    New File  		     475	6a8b8786-0ad1-4aa1-8371-71337760ab31.json
	    New File  		    1566	b9a102f2-06ed-4740-ba57-d030837c6bc8.json
	    Newer     		    9065	read.json
	                   0	C:\Users\DannyGeminiAnti\.gemini\antigravity\brain\9540f47a-f97c-4f56-9d0d-91213f6c365a\.system_generated\messages\undelivered\
	  *EXTRA File 		       0	802ca2c0-6a34-4fb2-b2b7-7cc9fa7e7bb6
	                   0	C:\Users\DannyGeminiAnti\.gemini\antigravity\brain\9540f47a-f97c-4f56-9d0d-91213f6c365a\.system_generated\steps\
	                   1	C:\Users\DannyGeminiAnti\.gemini\antigravity\brain\9540f47a-f97c-4f56-9d0d-91213f6c365a\.system_generated\steps\1000\
	                   1	C:\Users\DannyGeminiAnti\.gemini\antigravity\brain\9540f47a-f97c-4f56-9d0d-91213f6c365a\.system_generated\steps\1002\
	                   1	C:\Users\DannyGeminiAnti\.gemini\antigravity\brain\9540f47a-f97c-4f56-9d0d-91213f6c365a\.system_generated\steps\1005\
	                   1	C:\Users\DannyGeminiAnti\.gemini\antigravity\brain\9540f47a-f97c-4f56-9d0d-91213f6c365a\.system_generated\steps\1009\
	                   1	C:\Users\DannyGeminiAnti\.gemini\antigravity\brain\9540f47a-f97c-4f56-9d0d-91213f6c365a\.system_generated\steps\1011\
	                   1	C:\Users\DannyGeminiAnti\.gemini\antigravity\brain\9540f47a-f97c-4f56-9d0d-91213f6c365a\.system_generated\steps\1013\
	                   1	C:\Users\DannyGeminiAnti\.gemini\antigravity\brain\9540f47a-f97c-4f56-9d0d-91213f6c365a\.system_generated\steps\1016\
	                   1	C:\Users\DannyGeminiAnti\.gemini\antigravity\brain\9540f47a-f97c-4f56-9d0d-91213f6c365a\.system_generated\steps\102\
	                   1	C:\Users\DannyGeminiAnti\.gemini\antigravity\brain\9540f47a-f97c-4f56-9d0d-91213f6c365a\.system_generated\steps\1020\
	                   1	C:\Users\DannyGeminiAnti\.gemini\antigravity\brain\9540f47a-f97c-4f56-9d0d-91213f6c365a\.system_generated\steps\1022\
	                   1	C:\Users\DannyGeminiAnti\.gemini\antigravity\brain\9540f47a-f97c-4f56-9d0d-91213f6c365a\.system_generated\steps\1025\
	                   1	C:\Users\DannyGeminiAnti\.gemini\antigravity\brain\9540f47a-f97c-4f56-9d0d-91213f6c365a\.system_generated\steps\1029\
	                   1	C:\Users\DannyGeminiAnti\.gemini\antigravity\brain\9540f47a-f97c-4f56-9d0d-91213f6c365a\.system_generated\steps\1031\
	                   1	C:\Users\DannyGeminiAnti\.gemini\antigravity\brain\9540f47a-f97c-4f56-9d0d-91213f6c365a\.system_generated\steps\1033\
	                   1	C:\Users\DannyGeminiAnti\.gemini\antigravity\brain\9540f47a-f97c-4f56-9d0d-91213f6c365a\.system_generated\steps\1036\
	                   1	C:\Users\DannyGeminiAnti\.gemini\antigravity\brain\9540f47a-f97c-4f56-9d0d-91213f6c365a\.system_generated\steps\1040\
	                   1	C:\Users\DannyGeminiAnti\.gemini\antigravity\brain\9540f47a-f97c-4f56-9d0d-91213f6c365a\.system_generated\steps\1044\
	                   1	C:\Users\DannyGeminiAnti\.gemini\antigravity\brain\9540f47a-f97c-4f56-9d0d-91213f6c365a\.system_generated\steps\1046\
	                   1	C:\Users\DannyGeminiAnti\.gemini\antigravity\brain\9540f47a-f97c-4f56-9d0d-91213f6c365a\.system_generated\steps\1048\
	                   1	C:\Users\DannyGeminiAnti\.gemini\antigravity\brain\9540f47a-f97c-4f56-9d0d-91213f6c365a\.system_generated\steps\1052\
	                   1	C:\Users\DannyGeminiAnti\.gemini\antigravity\brain\9540f47a-f97c-4f56-9d0d-91213f6c365a\.system_generated\steps\1054\
	                   1	C:\Users\DannyGeminiAnti\.gemini\antigravity\brain\9540f47a-f97c-4f56-9d0d-91213f6c365a\.system_generated\steps\1056\
	                   1	C:\Users\DannyGeminiAnti\.gemini\antigravity\brain\9540f47a-f97c-4f56-9d0d-91213f6c365a\.system_generated\steps\106\
	                   1	C:\Users\DannyGeminiAnti\.gemini\antigravity\brain\9540f47a-f97c-4f56-9d0d-91213f6c365a\.system_generated\steps\1060\
	                   1	C:\Users\DannyGeminiAnti\.gemini\antigravity\brain\9540f47a-f97c-4f56-9d0d-91213f6c365a\.system_generated\steps\1064\
	                   1	C:\Users\DannyGeminiAnti\.gemini\antigravity\brain\9540f47a-f97c-4f56-9d0d-91213f6c365a\.system_generated\steps\1066\
	                   1	C:\Users\DannyGeminiAnti\.gemini\antigravity\brain\9540f47a-f97c-4f56-9d0d-91213f6c365a\.system_generated\steps\1068\
	                   1	C:\Users\DannyGeminiAnti\.gemini\antigravity\brain\9540f47a-f97c-4f56-9d0d-91213f6c365a\.system_generated\steps\1073\
	                   1	C:\Users\DannyGeminiAnti\.gemini\antigravity\brain\9540f47a-f97c-4f56-9d0d-91213f6c365a\.system_generated\steps\1075\
	                   1	C:\Users\DannyGeminiAnti\.gemini\antigravity\brain\9540f47a-f97c-4f56-9d0d-91213f6c365a\.system_generated\steps\1078\
	                   1	C:\Users\DannyGeminiAnti\.gemini\antigravity\brain\9540f47a-f97c-4f56-9d0d-91213f6c365a\.system_generated\steps\1082\
	                   1	C:\Users\DannyGeminiAnti\.gemini\antigravity\brain\9540f47a-f97c-4f56-9d0d-91213f6c365a\.system_generated\steps\1084\
	                   1	C:\Users\DannyGeminiAnti\.gemini\antigravity\brain\9540f47a-f97c-4f56-9d0d-91213f6c365a\.system_generated\steps\1087\
	                   1	C:\Users\DannyGeminiAnti\.gemini\antigravity\brain\9540f47a-f97c-4f56-9d0d-91213f6c365a\.system_generated\steps\1091\
	                   1	C:\Users\DannyGeminiAnti\.gemini\antigravity\brain\9540f47a-f97c-4f56-9d0d-91213f6c365a\.system_generated\steps\1095\
	                   1	C:\Users\DannyGeminiAnti\.gemini\antigravity\brain\9540f47a-f97c-4f56-9d0d-91213f6c365a\.system_generated\steps\1097\
	                   1	C:\Users\DannyGeminiAnti\.gemini\antigravity\brain\9540f47a-f97c-4f56-9d0d-91213f6c365a\.system_generated\steps\1099\
	                   1	C:\Users\DannyGeminiAnti\.gemini\antigravity\brain\9540f47a-f97c-4f56-9d0d-91213f6c365a\.system_generated\steps\1103\
	                   1	C:\Users\DannyGeminiAnti\.gemini\antigravity\brain\9540f47a-f97c-4f56-9d0d-91213f6c365a\.system_generated\steps\1107\
	                   1	C:\Users\DannyGeminiAnti\.gemini\antigravity\brain\9540f47a-f97c-4f56-9d0d-91213f6c365a\.system_generated\steps\1109\
	                   1	C:\Users\DannyGeminiAnti\.gemini\antigravity\brain\9540f47a-f97c-4f56-9d0d-91213f6c365a\.system_generated\steps\1118\
	                   1	C:\Users\DannyGeminiAnti\.gemini\antigravity\brain\9540f47a-f97c-4f56-9d0d-91213f6c365a\.system_generated\steps\112\
	                   1	C:\Users\DannyGeminiAnti\.gemini\antigravity\brain\9540f47a-f97c-4f56-9d0d-91213f6c365a\.system_generated\steps\1120\
	                   1	C:\Users\DannyGeminiAnti\.gemini\antigravity\brain\9540f47a-f97c-4f56-9d0d-91213f6c365a\.system_generated\steps\1122\
	                   1	C:\Users\DannyGeminiAnti\.gemini\antigravity\brain\9540f47a-f97c-4f56-9d0d-91213f6c365a\.system_generated\steps\1124\
	                   1	C:\Users\DannyGeminiAnti\.gemini\antigravity\brain\9540f47a-f97c-4f56-9d0d-91213f6c365a\.system_generated\steps\1128\
	                   1	C:\Users\DannyGeminiAnti\.gemini\antigravity\brain\9540f47a-f97c-4f56-9d0d-91213f6c365a\.system_generated\steps\1130\
	                   1	C:\Users\DannyGeminiAnti\.gemini\antigravity\brain\9540f47a-f97c-4f56-9d0d-91213f6c365a\.system_generated\steps\1134\
	                   1	C:\Users\DannyGeminiAnti\.gemini\antigravity\brain\9540f47a-f97c-4f56-9d0d-91213f6c365a\.system_generated\steps\1136\
	                   1	C:\Users\DannyGeminiAnti\.gemini\antigravity\brain\9540f47a-f97c-4f56-9d0d-91213f6c365a\.system_generated\steps\114\
	                   1	C:\Users\DannyGeminiAnti\.gemini\antigravity\brain\9540f47a-f97c-4f56-9d0d-91213f6c365a\.system_generated\steps\1140\
	                   1	C:\Users\DannyGeminiAnti\.gemini\antigravity\brain\9540f47a-f97c-4f56-9d0d-91213f6c365a\.system_generated\steps\1142\
	                   1	C:\Users\DannyGeminiAnti\.gemini\antigravity\brain\9540f47a-f97c-4f56-9d0d-91213f6c365a\.system_generated\steps\1146\
	                   1	C:\Users\DannyGeminiAnti\.gemini\antigravity\brain\9540f47a-f97c-4f56-9d0d-91213f6c365a\.system_generated\steps\1148\
	                   1	C:\Users\DannyGeminiAnti\.gemini\antigravity\brain\9540f47a-f97c-4f56-9d0d-91213f6c365a\.system_generated\steps\1156\
	                   1	C:\Users\DannyGeminiAnti\.gemini\antigravity\brain\9540f47a-f97c-4f56-9d0d-91213f6c365a\.system_generated\steps\1160\
	                   1	C:\Users\DannyGeminiAnti\.gemini\antigravity\brain\9540f47a-f97c-4f56-9d0d-91213f6c365a\.system_generated\steps\1162\
	                   1	C:\Users\DannyGeminiAnti\.gemini\antigravity\brain\9540f47a-f97c-4f56-9d0d-91213f6c365a\.system_generated\steps\1164\
	                   1	C:\Users\DannyGeminiAnti\.gemini\antigravity\brain\9540f47a-f97c-4f56-9d0d-91213f6c365a\.system_generated\steps\1166\
	                   1	C:\Users\DannyGeminiAnti\.gemini\antigravity\brain\9540f47a-f97c-4f56-9d0d-91213f6c365a\.system_generated\steps\1170\
	                   1	C:\Users\DannyGeminiAnti\.gemini\antigravity\brain\9540f47a-f97c-4f56-9d0d-91213f6c365a\.system_generated\steps\1172\
	                   1	C:\Users\DannyGeminiAnti\.gemini\antigravity\brain\9540f47a-f97c-4f56-9d0d-91213f6c365a\.system_generated\steps\1182\
	                   1	C:\Users\DannyGeminiAnti\.gemini\antigravity\brain\9540f47a-f97c-4f56-9d0d-91213f6c365a\.system_generated\steps\1184\
	                   1	C:\Users\DannyGeminiAnti\.gemini\antigravity\brain\9540f47a-f97c-4f56-9d0d-91213f6c365a\.system_generated\steps\1186\
	                   1	C:\Users\DannyGeminiAnti\.gemini\antigravity\brain\9540f47a-f97c-4f56-9d0d-91213f6c365a\.system_generated\steps\1188\
	                   1	C:\Users\DannyGeminiAnti\.gemini\antigravity\brain\9540f47a-f97c-4f56-9d0d-91213f6c365a\.system_generated\steps\1190\
	                   1	C:\Users\DannyGeminiAnti\.gemini\antigravity\brain\9540f47a-f97c-4f56-9d0d-91213f6c365a\.system_generated\steps\1194\
	                   1	C:\Users\DannyGeminiAnti\.gemini\antigravity\brain\9540f47a-f97c-4f56-9d0d-91213f6c365a\.system_generated\steps\1196\
	                   1	C:\Users\DannyGeminiAnti\.gemini\antigravity\brain\9540f47a-f97c-4f56-9d0d-91213f6c365a\.system_generated\steps\1206\
	                   1	C:\Users\DannyGeminiAnti\.gemini\antigravity\brain\9540f47a-f97c-4f56-9d0d-91213f6c365a\.system_generated\steps\1208\
	                   1	C:\Users\DannyGeminiAnti\.gemini\antigravity\brain\9540f47a-f97c-4f56-9d0d-91213f6c365a\.system_generated\steps\121\
	                   1	C:\Users\DannyGeminiAnti\.gemini\antigravity\brain\9540f47a-f97c-4f56-9d0d-91213f6c365a\.system_generated\steps\1210\
	                   1	C:\Users\DannyGeminiAnti\.gemini\antigravity\brain\9540f47a-f97c-4f56-9d0d-91213f6c365a\.system_generated\steps\1212\
	                   1	C:\Users\DannyGeminiAnti\.gemini\antigravity\brain\9540f47a-f97c-4f56-9d0d-91213f6c365a\.system_generated\steps\1214\
	                   1	C:\Users\DannyGeminiAnti\.gemini\antigravity\brain\9540f47a-f97c-4f56-9d0d-91213f6c365a\.system_generated\steps\1218\
	                   1	C:\Users\DannyGeminiAnti\.gemini\antigravity\brain\9540f47a-f97c-4f56-9d0d-91213f6c365a\.system_generated\steps\1220\
	                   1	C:\Users\DannyGeminiAnti\.gemini\antigravity\brain\9540f47a-f97c-4f56-9d0d-91213f6c365a\.system_generated\steps\1230\
	                   1	C:\Users\DannyGeminiAnti\.gemini\antigravity\brain\9540f47a-f97c-4f56-9d0d-91213f6c365a\.system_generated\steps\1232\
	                   1	C:\Users\DannyGeminiAnti\.gemini\antigravity\brain\9540f47a-f97c-4f56-9d0d-91213f6c365a\.system_generated\steps\1234\
	                   1	C:\Users\DannyGeminiAnti\.gemini\antigravity\brain\9540f47a-f97c-4f56-9d0d-91213f6c365a\.system_generated\steps\1236\
	                   1	C:\Users\DannyGeminiAnti\.gemini\antigravity\brain\9540f47a-f97c-4f56-9d0d-91213f6c365a\.system_generated\steps\1238\
	                   1	C:\Users\DannyGeminiAnti\.gemini\antigravity\brain\9540f47a-f97c-4f56-9d0d-91213f6c365a\.system_generated\steps\1242\
	                   1	C:\Users\DannyGeminiAnti\.gemini\antigravity\brain\9540f47a-f97c-4f56-9d0d-91213f6c365a\.system_generated\steps\1244\
	                   1	C:\Users\DannyGeminiAnti\.gemini\antigravity\brain\9540f47a-f97c-4f56-9d0d-91213f6c365a\.system_generated\steps\125\
	                   1	C:\Users\DannyGeminiAnti\.gemini\antigravity\brain\9540f47a-f97c-4f56-9d0d-91213f6c365a\.system_generated\steps\1254\
	                   1	C:\Users\DannyGeminiAnti\.gemini\antigravity\brain\9540f47a-f97c-4f56-9d0d-91213f6c365a\.system_generated\steps\1256\
	                   1	C:\Users\DannyGeminiAnti\.gemini\antigravity\brain\9540f47a-f97c-4f56-9d0d-91213f6c365a\.system_generated\steps\1261\
	                   1	C:\Users\DannyGeminiAnti\.gemini\antigravity\brain\9540f47a-f97c-4f56-9d0d-91213f6c365a\.system_generated\steps\1263\
	                   1	C:\Users\DannyGeminiAnti\.gemini\antigravity\brain\9540f47a-f97c-4f56-9d0d-91213f6c365a\.system_generated\steps\127\
	                   1	C:\Users\DannyGeminiAnti\.gemini\antigravity\brain\9540f47a-f97c-4f56-9d0d-91213f6c365a\.system_generated\steps\1271\
	                   1	C:\Users\DannyGeminiAnti\.gemini\antigravity\brain\9540f47a-f97c-4f56-9d0d-91213f6c365a\.system_generated\steps\1273\
	                   1	C:\Users\DannyGeminiAnti\.gemini\antigravity\brain\9540f47a-f97c-4f56-9d0d-91213f6c365a\.system_generated\steps\1275\
	                   1	C:\Users\DannyGeminiAnti\.gemini\antigravity\brain\9540f47a-f97c-4f56-9d0d-91213f6c365a\.system_generated\steps\1277\
	                   1	C:\Users\DannyGeminiAnti\.gemini\antigravity\brain\9540f47a-f97c-4f56-9d0d-91213f6c365a\.system_generated\steps\1279\
	                   1	C:\Users\DannyGeminiAnti\.gemini\antigravity\brain\9540f47a-f97c-4f56-9d0d-91213f6c365a\.system_generated\steps\1281\
	                   1	C:\Users\DannyGeminiAnti\.gemini\antigravity\brain\9540f47a-f97c-4f56-9d0d-91213f6c365a\.system_generated\steps\1284\
	                   1	C:\Users\DannyGeminiAnti\.gemini\antigravity\brain\9540f47a-f97c-4f56-9d0d-91213f6c365a\.system_generated\steps\1289\
	                   1	C:\Users\DannyGeminiAnti\.gemini\antigravity\brain\9540f47a-f97c-4f56-9d0d-91213f6c365a\.system_generated\steps\129\
	                   1	C:\Users\DannyGeminiAnti\.gemini\antigravity\brain\9540f47a-f97c-4f56-9d0d-91213f6c365a\.system_generated\steps\1296\
	                   1	C:\Users\DannyGeminiAnti\.gemini\antigravity\brain\9540f47a-f97c-4f56-9d0d-91213f6c365a\.system_generated\steps\1298\
	                   1	C:\Users\DannyGeminiAnti\.gemini\antigravity\brain\9540f47a-f97c-4f56-9d0d-91213f6c365a\.system_generated\steps\1300\
	                   1	C:\Users\DannyGeminiAnti\.gemini\antigravity\brain\9540f47a-f97c-4f56-9d0d-91213f6c365a\.system_generated\steps\1302\
	                   1	C:\Users\DannyGeminiAnti\.gemini\antigravity\brain\9540f47a-f97c-4f56-9d0d-91213f6c365a\.system_generated\steps\1304\
	                   1	C:\Users\DannyGeminiAnti\.gemini\antigravity\brain\9540f47a-f97c-4f56-9d0d-91213f6c365a\.system_generated\steps\1306\
	                   1	C:\Users\DannyGeminiAnti\.gemini\antigravity\brain\9540f47a-f97c-4f56-9d0d-91213f6c365a\.system_generated\steps\131\
	                   1	C:\Users\DannyGeminiAnti\.gemini\antigravity\brain\9540f47a-f97c-4f56-9d0d-91213f6c365a\.system_generated\steps\1310\
	                   1	C:\Users\DannyGeminiAnti\.gemini\antigravity\brain\9540f47a-f97c-4f56-9d0d-91213f6c365a\.system_generated\steps\1312\
	                   1	C:\Users\DannyGeminiAnti\.gemini\antigravity\brain\9540f47a-f97c-4f56-9d0d-91213f6c365a\.system_generated\steps\1323\
	                   1	C:\Users\DannyGeminiAnti\.gemini\antigravity\brain\9540f47a-f97c-4f56-9d0d-91213f6c365a\.system_generated\steps\1325\
	                   1	C:\Users\DannyGeminiAnti\.gemini\antigravity\brain\9540f47a-f97c-4f56-9d0d-91213f6c365a\.system_generated\steps\1327\
	                   1	C:\Users\DannyGeminiAnti\.gemini\antigravity\brain\9540f47a-f97c-4f56-9d0d-91213f6c365a\.system_generated\steps\133\
	                   1	C:\Users\DannyGeminiAnti\.gemini\antigravity\brain\9540f47a-f97c-4f56-9d0d-91213f6c365a\.system_generated\steps\1332\
	                   1	C:\Users\DannyGeminiAnti\.gemini\antigravity\brain\9540f47a-f97c-4f56-9d0d-91213f6c365a\.system_generated\steps\1339\
	                   1	C:\Users\DannyGeminiAnti\.gemini\antigravity\brain\9540f47a-f97c-4f56-9d0d-91213f6c365a\.system_generated\steps\1341\
	                   1	C:\Users\DannyGeminiAnti\.gemini\antigravity\brain\9540f47a-f97c-4f56-9d0d-91213f6c365a\.system_generated\steps\1343\
	                   1	C:\Users\DannyGeminiAnti\.gemini\antigravity\brain\9540f47a-f97c-4f56-9d0d-91213f6c365a\.system_generated\steps\1347\
	                   1	C:\Users\DannyGeminiAnti\.gemini\antigravity\brain\9540f47a-f97c-4f56-9d0d-91213f6c365a\.system_generated\steps\1349\
	                   1	C:\Users\DannyGeminiAnti\.gemini\antigravity\brain\9540f47a-f97c-4f56-9d0d-91213f6c365a\.system_generated\steps\135\
	                   1	C:\Users\DannyGeminiAnti\.gemini\antigravity\brain\9540f47a-f97c-4f56-9d0d-91213f6c365a\.system_generated\steps\1353\
	                   1	C:\Users\DannyGeminiAnti\.gemini\antigravity\brain\9540f47a-f97c-4f56-9d0d-91213f6c365a\.system_generated\steps\1364\
	                   1	C:\Users\DannyGeminiAnti\.gemini\antigravity\brain\9540f47a-f97c-4f56-9d0d-91213f6c365a\.system_generated\steps\1366\
	                   1	C:\Users\DannyGeminiAnti\.gemini\antigravity\brain\9540f47a-f97c-4f56-9d0d-91213f6c365a\.system_generated\steps\1368\
	                   1	C:\Users\DannyGeminiAnti\.gemini\antigravity\brain\9540f47a-f97c-4f56-9d0d-91213f6c365a\.system_generated\steps\137\
	                   1	C:\Users\DannyGeminiAnti\.gemini\antigravity\brain\9540f47a-f97c-4f56-9d0d-91213f6c365a\.system_generated\steps\1372\
	                   1	C:\Users\DannyGeminiAnti\.gemini\antigravity\brain\9540f47a-f97c-4f56-9d0d-91213f6c365a\.system_generated\steps\1380\
	                   1	C:\Users\DannyGeminiAnti\.gemini\antigravity\brain\9540f47a-f97c-4f56-9d0d-91213f6c365a\.system_generated\steps\1382\
	                   1	C:\Users\DannyGeminiAnti\.gemini\antigravity\brain\9540f47a-f97c-4f56-9d0d-91213f6c365a\.system_generated\steps\1384\
	                   1	C:\Users\DannyGeminiAnti\.gemini\antigravity\brain\9540f47a-f97c-4f56-9d0d-91213f6c365a\.system_generated\steps\1386\
	                   1	C:\Users\DannyGeminiAnti\.gemini\antigravity\brain\9540f47a-f97c-4f56-9d0d-91213f6c365a\.system_generated\steps\1388\
	                   1	C:\Users\DannyGeminiAnti\.gemini\antigravity\brain\9540f47a-f97c-4f56-9d0d-91213f6c365a\.system_generated\steps\139\
	                   1	C:\Users\DannyGeminiAnti\.gemini\antigravity\brain\9540f47a-f97c-4f56-9d0d-91213f6c365a\.system_generated\steps\1390\
	                   1	C:\Users\DannyGeminiAnti\.gemini\antigravity\brain\9540f47a-f97c-4f56-9d0d-91213f6c365a\.system_generated\steps\1392\
	                   1	C:\Users\DannyGeminiAnti\.gemini\antigravity\brain\9540f47a-f97c-4f56-9d0d-91213f6c365a\.system_generated\steps\1394\
	                   1	C:\Users\DannyGeminiAnti\.gemini\antigravity\brain\9540f47a-f97c-4f56-9d0d-91213f6c365a\.system_generated\steps\1398\
	                   1	C:\Users\DannyGeminiAnti\.gemini\antigravity\brain\9540f47a-f97c-4f56-9d0d-91213f6c365a\.system_generated\steps\1400\
	                   1	C:\Users\DannyGeminiAnti\.gemini\antigravity\brain\9540f47a-f97c-4f56-9d0d-91213f6c365a\.system_generated\steps\1404\
	                   1	C:\Users\DannyGeminiAnti\.gemini\antigravity\brain\9540f47a-f97c-4f56-9d0d-91213f6c365a\.system_generated\steps\1407\
	                   1	C:\Users\DannyGeminiAnti\.gemini\antigravity\brain\9540f47a-f97c-4f56-9d0d-91213f6c365a\.system_generated\steps\141\
	                   1	C:\Users\DannyGeminiAnti\.gemini\antigravity\brain\9540f47a-f97c-4f56-9d0d-91213f6c365a\.system_generated\steps\1411\
	                   1	C:\Users\DannyGeminiAnti\.gemini\antigravity\brain\9540f47a-f97c-4f56-9d0d-91213f6c365a\.system_generated\steps\1413\
	                   1	C:\Users\DannyGeminiAnti\.gemini\antigravity\brain\9540f47a-f97c-4f56-9d0d-91213f6c365a\.system_generated\steps\1416\
	                   1	C:\Users\DannyGeminiAnti\.gemini\antigravity\brain\9540f47a-f97c-4f56-9d0d-91213f6c365a\.system_generated\steps\142\
	                   1	C:\Users\DannyGeminiAnti\.gemini\antigravity\brain\9540f47a-f97c-4f56-9d0d-91213f6c365a\.system_generated\steps\1420\
	                   1	C:\Users\DannyGeminiAnti\.gemini\antigravity\brain\9540f47a-f97c-4f56-9d0d-91213f6c365a\.system_generated\steps\1423\
	                   1	C:\Users\DannyGeminiAnti\.gemini\antigravity\brain\9540f47a-f97c-4f56-9d0d-91213f6c365a\.system_generated\steps\1427\
	                   1	C:\Users\DannyGeminiAnti\.gemini\antigravity\brain\9540f47a-f97c-4f56-9d0d-91213f6c365a\.system_generated\steps\1429\
	                   1	C:\Users\DannyGeminiAnti\.gemini\antigravity\brain\9540f47a-f97c-4f56-9d0d-91213f6c365a\.system_generated\steps\1431\
	                   1	C:\Users\DannyGeminiAnti\.gemini\antigravity\brain\9540f47a-f97c-4f56-9d0d-91213f6c365a\.system_generated\steps\1433\
	                   1	C:\Users\DannyGeminiAnti\.gemini\antigravity\brain\9540f47a-f97c-4f56-9d0d-91213f6c365a\.system_generated\steps\1437\
	                   1	C:\Users\DannyGeminiAnti\.gemini\antigravity\brain\9540f47a-f97c-4f56-9d0d-91213f6c365a\.system_generated\steps\1439\
	                   1	C:\Users\DannyGeminiAnti\.gemini\antigravity\brain\9540f47a-f97c-4f56-9d0d-91213f6c365a\.system_generated\steps\144\
	                   1	C:\Users\DannyGeminiAnti\.gemini\antigravity\brain\9540f47a-f97c-4f56-9d0d-91213f6c365a\.system_generated\steps\1442\
	                   1	C:\Users\DannyGeminiAnti\.gemini\antigravity\brain\9540f47a-f97c-4f56-9d0d-91213f6c365a\.system_generated\steps\1446\
	                   1	C:\Users\DannyGeminiAnti\.gemini\antigravity\brain\9540f47a-f97c-4f56-9d0d-91213f6c365a\.system_generated\steps\1448\
	                   1	C:\Users\DannyGeminiAnti\.gemini\antigravity\brain\9540f47a-f97c-4f56-9d0d-91213f6c365a\.system_generated\steps\1451\
	                   1	C:\Users\DannyGeminiAnti\.gemini\antigravity\brain\9540f47a-f97c-4f56-9d0d-91213f6c365a\.system_generated\steps\1455\
	                   1	C:\Users\DannyGeminiAnti\.gemini\antigravity\brain\9540f47a-f97c-4f56-9d0d-91213f6c365a\.system_generated\steps\1457\
	                   1	C:\Users\DannyGeminiAnti\.gemini\antigravity\brain\9540f47a-f97c-4f56-9d0d-91213f6c365a\.system_generated\steps\1459\
	                   1	C:\Users\DannyGeminiAnti\.gemini\antigravity\brain\9540f47a-f97c-4f56-9d0d-91213f6c365a\.system_generated\steps\1461\
	                   1	C:\Users\DannyGeminiAnti\.gemini\antigravity\brain\9540f47a-f97c-4f56-9d0d-91213f6c365a\.system_generated\steps\1465\
	                   1	C:\Users\DannyGeminiAnti\.gemini\antigravity\brain\9540f47a-f97c-4f56-9d0d-91213f6c365a\.system_generated\steps\1467\
	                   1	C:\Users\DannyGeminiAnti\.gemini\antigravity\brain\9540f47a-f97c-4f56-9d0d-91213f6c365a\.system_generated\steps\1471\
	                   1	C:\Users\DannyGeminiAnti\.gemini\antigravity\brain\9540f47a-f97c-4f56-9d0d-91213f6c365a\.system_generated\steps\1474\
	                   1	C:\Users\DannyGeminiAnti\.gemini\antigravity\brain\9540f47a-f97c-4f56-9d0d-91213f6c365a\.system_generated\steps\1478\
	                   1	C:\Users\DannyGeminiAnti\.gemini\antigravity\brain\9540f47a-f97c-4f56-9d0d-91213f6c365a\.system_generated\steps\1480\
	                   1	C:\Users\DannyGeminiAnti\.gemini\antigravity\brain\9540f47a-f97c-4f56-9d0d-91213f6c365a\.system_generated\steps\1482\
	                   1	C:\Users\DannyGeminiAnti\.gemini\antigravity\brain\9540f47a-f97c-4f56-9d0d-91213f6c365a\.system_generated\steps\1485\
	                   1	C:\Users\DannyGeminiAnti\.gemini\antigravity\brain\9540f47a-f97c-4f56-9d0d-91213f6c365a\.system_generated\steps\1487\
	                   1	C:\Users\DannyGeminiAnti\.gemini\antigravity\brain\9540f47a-f97c-4f56-9d0d-91213f6c365a\.system_generated\steps\1491\
	                   1	C:\Users\DannyGeminiAnti\.gemini\antigravity\brain\9540f47a-f97c-4f56-9d0d-91213f6c365a\.system_generated\steps\1493\
	                   1	C:\Users\DannyGeminiAnti\.gemini\antigravity\brain\9540f47a-f97c-4f56-9d0d-91213f6c365a\.system_generated\steps\1496\
	                   1	C:\Users\DannyGeminiAnti\.gemini\antigravity\brain\9540f47a-f97c-4f56-9d0d-91213f6c365a\.system_generated\steps\1502\
	                   1	C:\Users\DannyGeminiAnti\.gemini\antigravity\brain\9540f47a-f97c-4f56-9d0d-91213f6c365a\.system_generated\steps\1510\
	                   1	C:\Users\DannyGeminiAnti\.gemini\antigravity\brain\9540f47a-f97c-4f56-9d0d-91213f6c365a\.system_generated\steps\1512\
	                   1	C:\Users\DannyGeminiAnti\.gemini\antigravity\brain\9540f47a-f97c-4f56-9d0d-91213f6c365a\.system_generated\steps\1514\
	                   1	C:\Users\DannyGeminiAnti\.gemini\antigravity\brain\9540f47a-f97c-4f56-9d0d-91213f6c365a\.system_generated\steps\1516\
	                   1	C:\Users\DannyGeminiAnti\.gemini\antigravity\brain\9540f47a-f97c-4f56-9d0d-91213f6c365a\.system_generated\steps\1518\
	                   1	C:\Users\DannyGeminiAnti\.gemini\antigravity\brain\9540f47a-f97c-4f56-9d0d-91213f6c365a\.system_generated\steps\152\
	                   1	C:\Users\DannyGeminiAnti\.gemini\antigravity\brain\9540f47a-f97c-4f56-9d0d-91213f6c365a\.system_generated\steps\1520\
	                   1	C:\Users\DannyGeminiAnti\.gemini\antigravity\brain\9540f47a-f97c-4f56-9d0d-91213f6c365a\.system_generated\steps\1522\
	                   1	C:\Users\DannyGeminiAnti\.gemini\antigravity\brain\9540f47a-f97c-4f56-9d0d-91213f6c365a\.system_generated\steps\1524\
	                   1	C:\Users\DannyGeminiAnti\.gemini\antigravity\brain\9540f47a-f97c-4f56-9d0d-91213f6c365a\.system_generated\steps\1526\
	                   1	C:\Users\DannyGeminiAnti\.gemini\antigravity\brain\9540f47a-f97c-4f56-9d0d-91213f6c365a\.system_generated\steps\1530\
	                   1	C:\Users\DannyGeminiAnti\.gemini\antigravity\brain\9540f47a-f97c-4f56-9d0d-91213f6c365a\.system_generated\steps\1532\
	                   1	C:\Users\DannyGeminiAnti\.gemini\antigravity\brain\9540f47a-f97c-4f56-9d0d-91213f6c365a\.system_generated\steps\1534\
	                   1	C:\Users\DannyGeminiAnti\.gemini\antigravity\brain\9540f47a-f97c-4f56-9d0d-91213f6c365a\.system_generated\steps\1536\
	                   1	C:\Users\DannyGeminiAnti\.gemini\antigravity\brain\9540f47a-f97c-4f56-9d0d-91213f6c365a\.system_generated\steps\154\
	                   1	C:\Users\DannyGeminiAnti\.gemini\antigravity\brain\9540f47a-f97c-4f56-9d0d-91213f6c365a\.system_generated\steps\1542\
	                   1	C:\Users\DannyGeminiAnti\.gemini\antigravity\brain\9540f47a-f97c-4f56-9d0d-91213f6c365a\.system_generated\steps\1544\
	                   1	C:\Users\DannyGeminiAnti\.gemini\antigravity\brain\9540f47a-f97c-4f56-9d0d-91213f6c365a\.system_generated\steps\1547\
	                   1	C:\Users\DannyGeminiAnti\.gemini\antigravity\brain\9540f47a-f97c-4f56-9d0d-91213f6c365a\.system_generated\steps\1551\
	                   1	C:\Users\DannyGeminiAnti\.gemini\antigravity\brain\9540f47a-f97c-4f56-9d0d-91213f6c365a\.system_generated\steps\1553\
	                   1	C:\Users\DannyGeminiAnti\.gemini\antigravity\brain\9540f47a-f97c-4f56-9d0d-91213f6c365a\.system_generated\steps\1557\
	                   1	C:\Users\DannyGeminiAnti\.gemini\antigravity\brain\9540f47a-f97c-4f56-9d0d-91213f6c365a\.system_generated\steps\1560\
	                   1	C:\Users\DannyGeminiAnti\.gemini\antigravity\brain\9540f47a-f97c-4f56-9d0d-91213f6c365a\.system_generated\steps\1563\
	                   1	C:\Users\DannyGeminiAnti\.gemini\antigravity\brain\9540f47a-f97c-4f56-9d0d-91213f6c365a\.system_generated\steps\1565\
	                   1	C:\Users\DannyGeminiAnti\.gemini\antigravity\brain\9540f47a-f97c-4f56-9d0d-91213f6c365a\.system_generated\steps\1567\
	                   1	C:\Users\DannyGeminiAnti\.gemini\antigravity\brain\9540f47a-f97c-4f56-9d0d-91213f6c365a\.system_generated\steps\1575\
	                   1	C:\Users\DannyGeminiAnti\.gemini\antigravity\brain\9540f47a-f97c-4f56-9d0d-91213f6c365a\.system_generated\steps\1577\
	                   1	C:\Users\DannyGeminiAnti\.gemini\antigravity\brain\9540f47a-f97c-4f56-9d0d-91213f6c365a\.system_generated\steps\1579\
	                   1	C:\Users\DannyGeminiAnti\.gemini\antigravity\brain\9540f47a-f97c-4f56-9d0d-91213f6c365a\.system_generated\steps\1581\
	                   1	C:\Users\DannyGeminiAnti\.gemini\antigravity\brain\9540f47a-f97c-4f56-9d0d-91213f6c365a\.system_generated\steps\1585\
	                   1	C:\Users\DannyGeminiAnti\.gemini\antigravity\brain\9540f47a-f97c-4f56-9d0d-91213f6c365a\.system_generated\steps\1587\
	                   1	C:\Users\DannyGeminiAnti\.gemini\antigravity\brain\9540f47a-f97c-4f56-9d0d-91213f6c365a\.system_generated\steps\159\
	                   1	C:\Users\DannyGeminiAnti\.gemini\antigravity\brain\9540f47a-f97c-4f56-9d0d-91213f6c365a\.system_generated\steps\1591\
	                   1	C:\Users\DannyGeminiAnti\.gemini\antigravity\brain\9540f47a-f97c-4f56-9d0d-91213f6c365a\.system_generated\steps\1593\
	                   1	C:\Users\DannyGeminiAnti\.gemini\antigravity\brain\9540f47a-f97c-4f56-9d0d-91213f6c365a\.system_generated\steps\1597\
	                   1	C:\Users\DannyGeminiAnti\.gemini\antigravity\brain\9540f47a-f97c-4f56-9d0d-91213f6c365a\.system_generated\steps\1599\
	  New Dir          1	C:\Users\DannyGeminiAnti\.gemini\antigravity\brain\9540f47a-f97c-4f56-9d0d-91213f6c365a\.system_generated\steps\1608\
	    New File  		      51	output.txt
	                   1	C:\Users\DannyGeminiAnti\.gemini\antigravity\brain\9540f47a-f97c-4f56-9d0d-91213f6c365a\.system_generated\steps\161\
	  New Dir          1	C:\Users\DannyGeminiAnti\.gemini\antigravity\brain\9540f47a-f97c-4f56-9d0d-91213f6c365a\.system_generated\steps\1610\
	    New File  		    6184	output.txt
	  New Dir          1	C:\Users\DannyGeminiAnti\.gemini\antigravity\brain\9540f47a-f97c-4f56-9d0d-91213f6c365a\.system_generated\steps\1612\
	    New File  		     470	output.txt
	  New Dir          1	C:\Users\DannyGeminiAnti\.gemini\antigravity\brain\9540f47a-f97c-4f56-9d0d-91213f6c365a\.system_generated\steps\1614\
	    New File  		      51	output.txt
	  New Dir          1	C:\Users\DannyGeminiAnti\.gemini\antigravity\brain\9540f47a-f97c-4f56-9d0d-91213f6c365a\.system_generated\steps\1616\
	    New File  		      28	output.txt
	  New Dir          1	C:\Users\DannyGeminiAnti\.gemini\antigravity\brain\9540f47a-f97c-4f56-9d0d-91213f6c365a\.system_generated\steps\1618\
	    New File  		     735	output.txt
	  New Dir          1	C:\Users\DannyGeminiAnti\.gemini\antigravity\brain\9540f47a-f97c-4f56-9d0d-91213f6c365a\.system_generated\steps\1622\
	    New File  		     493	output.txt
	                   1	C:\Users\DannyGeminiAnti\.gemini\antigravity\brain\9540f47a-f97c-4f56-9d0d-91213f6c365a\.system_generated\steps\163\
	                   1	C:\Users\DannyGeminiAnti\.gemini\antigravity\brain\9540f47a-f97c-4f56-9d0d-91213f6c365a\.system_generated\steps\165\
	                   1	C:\Users\DannyGeminiAnti\.gemini\antigravity\brain\9540f47a-f97c-4f56-9d0d-91213f6c365a\.system_generated\steps\175\
	                   1	C:\Users\DannyGeminiAnti\.gemini\antigravity\brain\9540f47a-f97c-4f56-9d0d-91213f6c365a\.system_generated\steps\177\
	                   1	C:\Users\DannyGeminiAnti\.gemini\antigravity\brain\9540f47a-f97c-4f56-9d0d-91213f6c365a\.system_generated\steps\179\
	                   1	C:\Users\DannyGeminiAnti\.gemini\antigravity\brain\9540f47a-f97c-4f56-9d0d-91213f6c365a\.system_generated\steps\183\
	                   1	C:\Users\DannyGeminiAnti\.gemini\antigravity\brain\9540f47a-f97c-4f56-9d0d-91213f6c365a\.system_generated\steps\185\
	                   1	C:\Users\DannyGeminiAnti\.gemini\antigravity\brain\9540f47a-f97c-4f56-9d0d-91213f6c365a\.system_generated\steps\187\
	                   1	C:\Users\DannyGeminiAnti\.gemini\antigravity\brain\9540f47a-f97c-4f56-9d0d-91213f6c365a\.system_generated\steps\193\
	                   1	C:\Users\DannyGeminiAnti\.gemini\antigravity\brain\9540f47a-f97c-4f56-9d0d-91213f6c365a\.system_generated\steps\195\
	                   1	C:\Users\DannyGeminiAnti\.gemini\antigravity\brain\9540f47a-f97c-4f56-9d0d-91213f6c365a\.system_generated\steps\205\
	                   1	C:\Users\DannyGeminiAnti\.gemini\antigravity\brain\9540f47a-f97c-4f56-9d0d-91213f6c365a\.system_generated\steps\207\
	                   1	C:\Users\DannyGeminiAnti\.gemini\antigravity\brain\9540f47a-f97c-4f56-9d0d-91213f6c365a\.system_generated\steps\217\
	                   1	C:\Users\DannyGeminiAnti\.gemini\antigravity\brain\9540f47a-f97c-4f56-9d0d-91213f6c365a\.system_generated\steps\219\
	                   1	C:\Users\DannyGeminiAnti\.gemini\antigravity\brain\9540f47a-f97c-4f56-9d0d-91213f6c365a\.system_generated\steps\225\
	                   1	C:\Users\DannyGeminiAnti\.gemini\antigravity\brain\9540f47a-f97c-4f56-9d0d-91213f6c365a\.system_generated\steps\227\
	                   1	C:\Users\DannyGeminiAnti\.gemini\antigravity\brain\9540f47a-f97c-4f56-9d0d-91213f6c365a\.system_generated\steps\229\
	                   1	C:\Users\DannyGeminiAnti\.gemini\antigravity\brain\9540f47a-f97c-4f56-9d0d-91213f6c365a\.system_generated\steps\233\
	                   1	C:\Users\DannyGeminiAnti\.gemini\antigravity\brain\9540f47a-f97c-4f56-9d0d-91213f6c365a\.system_generated\steps\235\
	                   1	C:\Users\DannyGeminiAnti\.gemini\antigravity\brain\9540f47a-f97c-4f56-9d0d-91213f6c365a\.system_generated\steps\237\
	                   1	C:\Users\DannyGeminiAnti\.gemini\antigravity\brain\9540f47a-f97c-4f56-9d0d-91213f6c365a\.system_generated\steps\243\
	                   1	C:\Users\DannyGeminiAnti\.gemini\antigravity\brain\9540f47a-f97c-4f56-9d0d-91213f6c365a\.system_generated\steps\245\
	                   1	C:\Users\DannyGeminiAnti\.gemini\antigravity\brain\9540f47a-f97c-4f56-9d0d-91213f6c365a\.system_generated\steps\247\
	                   1	C:\Users\DannyGeminiAnti\.gemini\antigravity\brain\9540f47a-f97c-4f56-9d0d-91213f6c365a\.system_generated\steps\251\
	                   1	C:\Users\DannyGeminiAnti\.gemini\antigravity\brain\9540f47a-f97c-4f56-9d0d-91213f6c365a\.system_generated\steps\253\
	                   1	C:\Users\DannyGeminiAnti\.gemini\antigravity\brain\9540f47a-f97c-4f56-9d0d-91213f6c365a\.system_generated\steps\255\
	                   1	C:\Users\DannyGeminiAnti\.gemini\antigravity\brain\9540f47a-f97c-4f56-9d0d-91213f6c365a\.system_generated\steps\259\
	                   1	C:\Users\DannyGeminiAnti\.gemini\antigravity\brain\9540f47a-f97c-4f56-9d0d-91213f6c365a\.system_generated\steps\261\
	                   1	C:\Users\DannyGeminiAnti\.gemini\antigravity\brain\9540f47a-f97c-4f56-9d0d-91213f6c365a\.system_generated\steps\263\
	                   1	C:\Users\DannyGeminiAnti\.gemini\antigravity\brain\9540f47a-f97c-4f56-9d0d-91213f6c365a\.system_generated\steps\267\
	                   1	C:\Users\DannyGeminiAnti\.gemini\antigravity\brain\9540f47a-f97c-4f56-9d0d-91213f6c365a\.system_generated\steps\269\
	                   1	C:\Users\DannyGeminiAnti\.gemini\antigravity\brain\9540f47a-f97c-4f56-9d0d-91213f6c365a\.system_generated\steps\271\
	                   1	C:\Users\DannyGeminiAnti\.gemini\antigravity\brain\9540f47a-f97c-4f56-9d0d-91213f6c365a\.system_generated\steps\275\
	                   1	C:\Users\DannyGeminiAnti\.gemini\antigravity\brain\9540f47a-f97c-4f56-9d0d-91213f6c365a\.system_generated\steps\277\
	                   1	C:\Users\DannyGeminiAnti\.gemini\antigravity\brain\9540f47a-f97c-4f56-9d0d-91213f6c365a\.system_generated\steps\279\
	                   1	C:\Users\DannyGeminiAnti\.gemini\antigravity\brain\9540f47a-f97c-4f56-9d0d-91213f6c365a\.system_generated\steps\286\
	                   1	C:\Users\DannyGeminiAnti\.gemini\antigravity\brain\9540f47a-f97c-4f56-9d0d-91213f6c365a\.system_generated\steps\288\
	                   1	C:\Users\DannyGeminiAnti\.gemini\antigravity\brain\9540f47a-f97c-4f56-9d0d-91213f6c365a\.system_generated\steps\290\
	                   1	C:\Users\DannyGeminiAnti\.gemini\antigravity\brain\9540f47a-f97c-4f56-9d0d-91213f6c365a\.system_generated\steps\296\
	                   1	C:\Users\DannyGeminiAnti\.gemini\antigravity\brain\9540f47a-f97c-4f56-9d0d-91213f6c365a\.system_generated\steps\298\
	                   1	C:\Users\DannyGeminiAnti\.gemini\antigravity\brain\9540f47a-f97c-4f56-9d0d-91213f6c365a\.system_generated\steps\300\
	                   1	C:\Users\DannyGeminiAnti\.gemini\antigravity\brain\9540f47a-f97c-4f56-9d0d-91213f6c365a\.system_generated\steps\304\
	                   1	C:\Users\DannyGeminiAnti\.gemini\antigravity\brain\9540f47a-f97c-4f56-9d0d-91213f6c365a\.system_generated\steps\306\
	                   1	C:\Users\DannyGeminiAnti\.gemini\antigravity\brain\9540f47a-f97c-4f56-9d0d-91213f6c365a\.system_generated\steps\308\
	                   1	C:\Users\DannyGeminiAnti\.gemini\antigravity\brain\9540f47a-f97c-4f56-9d0d-91213f6c365a\.system_generated\steps\312\
	                   1	C:\Users\DannyGeminiAnti\.gemini\antigravity\brain\9540f47a-f97c-4f56-9d0d-91213f6c365a\.system_generated\steps\316\
	                   1	C:\Users\DannyGeminiAnti\.gemini\antigravity\brain\9540f47a-f97c-4f56-9d0d-91213f6c365a\.system_generated\steps\318\
	                   1	C:\Users\DannyGeminiAnti\.gemini\antigravity\brain\9540f47a-f97c-4f56-9d0d-91213f6c365a\.system_generated\steps\320\
	                   1	C:\Users\DannyGeminiAnti\.gemini\antigravity\brain\9540f47a-f97c-4f56-9d0d-91213f6c365a\.system_generated\steps\324\
	                   1	C:\Users\DannyGeminiAnti\.gemini\antigravity\brain\9540f47a-f97c-4f56-9d0d-91213f6c365a\.system_generated\steps\326\
	                   1	C:\Users\DannyGeminiAnti\.gemini\antigravity\brain\9540f47a-f97c-4f56-9d0d-91213f6c365a\.system_generated\steps\330\
	                   1	C:\Users\DannyGeminiAnti\.gemini\antigravity\brain\9540f47a-f97c-4f56-9d0d-91213f6c365a\.system_generated\steps\332\
	                   1	C:\Users\DannyGeminiAnti\.gemini\antigravity\brain\9540f47a-f97c-4f56-9d0d-91213f6c365a\.system_generated\steps\338\
	                   1	C:\Users\DannyGeminiAnti\.gemini\antigravity\brain\9540f47a-f97c-4f56-9d0d-91213f6c365a\.system_generated\steps\340\
	                   1	C:\Users\DannyGeminiAnti\.gemini\antigravity\brain\9540f47a-f97c-4f56-9d0d-91213f6c365a\.system_generated\steps\347\
	                   1	C:\Users\DannyGeminiAnti\.gemini\antigravity\brain\9540f47a-f97c-4f56-9d0d-91213f6c365a\.system_generated\steps\349\
	                   1	C:\Users\DannyGeminiAnti\.gemini\antigravity\brain\9540f47a-f97c-4f56-9d0d-91213f6c365a\.system_generated\steps\351\
	                   1	C:\Users\DannyGeminiAnti\.gemini\antigravity\brain\9540f47a-f97c-4f56-9d0d-91213f6c365a\.system_generated\steps\357\
	                   1	C:\Users\DannyGeminiAnti\.gemini\antigravity\brain\9540f47a-f97c-4f56-9d0d-91213f6c365a\.system_generated\steps\359\
	                   1	C:\Users\DannyGeminiAnti\.gemini\antigravity\brain\9540f47a-f97c-4f56-9d0d-91213f6c365a\.system_generated\steps\361\
	                   1	C:\Users\DannyGeminiAnti\.gemini\antigravity\brain\9540f47a-f97c-4f56-9d0d-91213f6c365a\.system_generated\steps\365\
	                   1	C:\Users\DannyGeminiAnti\.gemini\antigravity\brain\9540f47a-f97c-4f56-9d0d-91213f6c365a\.system_generated\steps\367\
	                   1	C:\Users\DannyGeminiAnti\.gemini\antigravity\brain\9540f47a-f97c-4f56-9d0d-91213f6c365a\.system_generated\steps\369\
	                   1	C:\Users\DannyGeminiAnti\.gemini\antigravity\brain\9540f47a-f97c-4f56-9d0d-91213f6c365a\.system_generated\steps\373\
	                   1	C:\Users\DannyGeminiAnti\.gemini\antigravity\brain\9540f47a-f97c-4f56-9d0d-91213f6c365a\.system_generated\steps\375\
	                   1	C:\Users\DannyGeminiAnti\.gemini\antigravity\brain\9540f47a-f97c-4f56-9d0d-91213f6c365a\.system_generated\steps\379\
	                   1	C:\Users\DannyGeminiAnti\.gemini\antigravity\brain\9540f47a-f97c-4f56-9d0d-91213f6c365a\.system_generated\steps\381\
	                   1	C:\Users\DannyGeminiAnti\.gemini\antigravity\brain\9540f47a-f97c-4f56-9d0d-91213f6c365a\.system_generated\steps\390\
	                   1	C:\Users\DannyGeminiAnti\.gemini\antigravity\brain\9540f47a-f97c-4f56-9d0d-91213f6c365a\.system_generated\steps\392\
	                   1	C:\Users\DannyGeminiAnti\.gemini\antigravity\brain\9540f47a-f97c-4f56-9d0d-91213f6c365a\.system_generated\steps\394\
	                   1	C:\Users\DannyGeminiAnti\.gemini\antigravity\brain\9540f47a-f97c-4f56-9d0d-91213f6c365a\.system_generated\steps\396\
	                   1	C:\Users\DannyGeminiAnti\.gemini\antigravity\brain\9540f47a-f97c-4f56-9d0d-91213f6c365a\.system_generated\steps\398\
	                   1	C:\Users\DannyGeminiAnti\.gemini\antigravity\brain\9540f47a-f97c-4f56-9d0d-91213f6c365a\.system_generated\steps\402\
	                   1	C:\Users\DannyGeminiAnti\.gemini\antigravity\brain\9540f47a-f97c-4f56-9d0d-91213f6c365a\.system_generated\steps\409\
	                   1	C:\Users\DannyGeminiAnti\.gemini\antigravity\brain\9540f47a-f97c-4f56-9d0d-91213f6c365a\.system_generated\steps\413\
	                   1	C:\Users\DannyGeminiAnti\.gemini\antigravity\brain\9540f47a-f97c-4f56-9d0d-91213f6c365a\.system_generated\steps\415\
	                   1	C:\Users\DannyGeminiAnti\.gemini\antigravity\brain\9540f47a-f97c-4f56-9d0d-91213f6c365a\.system_generated\steps\418\
	                   1	C:\Users\DannyGeminiAnti\.gemini\antigravity\brain\9540f47a-f97c-4f56-9d0d-91213f6c365a\.system_generated\steps\420\
	                   1	C:\Users\DannyGeminiAnti\.gemini\antigravity\brain\9540f47a-f97c-4f56-9d0d-91213f6c365a\.system_generated\steps\422\
	                   1	C:\Users\DannyGeminiAnti\.gemini\antigravity\brain\9540f47a-f97c-4f56-9d0d-91213f6c365a\.system_generated\steps\424\
	                   1	C:\Users\DannyGeminiAnti\.gemini\antigravity\brain\9540f47a-f97c-4f56-9d0d-91213f6c365a\.system_generated\steps\426\
	                   1	C:\Users\DannyGeminiAnti\.gemini\antigravity\brain\9540f47a-f97c-4f56-9d0d-91213f6c365a\.system_generated\steps\428\
	                   1	C:\Users\DannyGeminiAnti\.gemini\antigravity\brain\9540f47a-f97c-4f56-9d0d-91213f6c365a\.system_generated\steps\430\
	                   1	C:\Users\DannyGeminiAnti\.gemini\antigravity\brain\9540f47a-f97c-4f56-9d0d-91213f6c365a\.system_generated\steps\432\
	                   1	C:\Users\DannyGeminiAnti\.gemini\antigravity\brain\9540f47a-f97c-4f56-9d0d-91213f6c365a\.system_generated\steps\436\
	                   1	C:\Users\DannyGeminiAnti\.gemini\antigravity\brain\9540f47a-f97c-4f56-9d0d-91213f6c365a\.system_generated\steps\438\
	                   1	C:\Users\DannyGeminiAnti\.gemini\antigravity\brain\9540f47a-f97c-4f56-9d0d-91213f6c365a\.system_generated\steps\440\
	                   1	C:\Users\DannyGeminiAnti\.gemini\antigravity\brain\9540f47a-f97c-4f56-9d0d-91213f6c365a\.system_generated\steps\444\
	                   1	C:\Users\DannyGeminiAnti\.gemini\antigravity\brain\9540f47a-f97c-4f56-9d0d-91213f6c365a\.system_generated\steps\447\
	                   1	C:\Users\DannyGeminiAnti\.gemini\antigravity\brain\9540f47a-f97c-4f56-9d0d-91213f6c365a\.system_generated\steps\449\
	                   1	C:\Users\DannyGeminiAnti\.gemini\antigravity\brain\9540f47a-f97c-4f56-9d0d-91213f6c365a\.system_generated\steps\451\
	                   1	C:\Users\DannyGeminiAnti\.gemini\antigravity\brain\9540f47a-f97c-4f56-9d0d-91213f6c365a\.system_generated\steps\453\
	                   1	C:\Users\DannyGeminiAnti\.gemini\antigravity\brain\9540f47a-f97c-4f56-9d0d-91213f6c365a\.system_generated\steps\455\
	                   1	C:\Users\DannyGeminiAnti\.gemini\antigravity\brain\9540f47a-f97c-4f56-9d0d-91213f6c365a\.system_generated\steps\457\
	                   1	C:\Users\DannyGeminiAnti\.gemini\antigravity\brain\9540f47a-f97c-4f56-9d0d-91213f6c365a\.system_generated\steps\459\
	                   1	C:\Users\DannyGeminiAnti\.gemini\antigravity\brain\9540f47a-f97c-4f56-9d0d-91213f6c365a\.system_generated\steps\463\
	                   1	C:\Users\DannyGeminiAnti\.gemini\antigravity\brain\9540f47a-f97c-4f56-9d0d-91213f6c365a\.system_generated\steps\465\
	                   1	C:\Users\DannyGeminiAnti\.gemini\antigravity\brain\9540f47a-f97c-4f56-9d0d-91213f6c365a\.system_generated\steps\467\
	                   1	C:\Users\DannyGeminiAnti\.gemini\antigravity\brain\9540f47a-f97c-4f56-9d0d-91213f6c365a\.system_generated\steps\469\
	                   1	C:\Users\DannyGeminiAnti\.gemini\antigravity\brain\9540f47a-f97c-4f56-9d0d-91213f6c365a\.system_generated\steps\471\
	                   1	C:\Users\DannyGeminiAnti\.gemini\antigravity\brain\9540f47a-f97c-4f56-9d0d-91213f6c365a\.system_generated\steps\475\
	                   1	C:\Users\DannyGeminiAnti\.gemini\antigravity\brain\9540f47a-f97c-4f56-9d0d-91213f6c365a\.system_generated\steps\477\
	                   1	C:\Users\DannyGeminiAnti\.gemini\antigravity\brain\9540f47a-f97c-4f56-9d0d-91213f6c365a\.system_generated\steps\479\
	                   1	C:\Users\DannyGeminiAnti\.gemini\antigravity\brain\9540f47a-f97c-4f56-9d0d-91213f6c365a\.system_generated\steps\483\
	                   1	C:\Users\DannyGeminiAnti\.gemini\antigravity\brain\9540f47a-f97c-4f56-9d0d-91213f6c365a\.system_generated\steps\485\
	                   1	C:\Users\DannyGeminiAnti\.gemini\antigravity\brain\9540f47a-f97c-4f56-9d0d-91213f6c365a\.system_generated\steps\487\
	                   1	C:\Users\DannyGeminiAnti\.gemini\antigravity\brain\9540f47a-f97c-4f56-9d0d-91213f6c365a\.system_generated\steps\491\
	                   1	C:\Users\DannyGeminiAnti\.gemini\antigravity\brain\9540f47a-f97c-4f56-9d0d-91213f6c365a\.system_generated\steps\493\
	                   1	C:\Users\DannyGeminiAnti\.gemini\antigravity\brain\9540f47a-f97c-4f56-9d0d-91213f6c365a\.system_generated\steps\500\
	                   1	C:\Users\DannyGeminiAnti\.gemini\antigravity\brain\9540f47a-f97c-4f56-9d0d-91213f6c365a\.system_generated\steps\502\
	                   1	C:\Users\DannyGeminiAnti\.gemini\antigravity\brain\9540f47a-f97c-4f56-9d0d-91213f6c365a\.system_generated\steps\504\
	                   1	C:\Users\DannyGeminiAnti\.gemini\antigravity\brain\9540f47a-f97c-4f56-9d0d-91213f6c365a\.system_generated\steps\506\
	                   1	C:\Users\DannyGeminiAnti\.gemini\antigravity\brain\9540f47a-f97c-4f56-9d0d-91213f6c365a\.system_generated\steps\508\
	                   1	C:\Users\DannyGeminiAnti\.gemini\antigravity\brain\9540f47a-f97c-4f56-9d0d-91213f6c365a\.system_generated\steps\510\
	                   1	C:\Users\DannyGeminiAnti\.gemini\antigravity\brain\9540f47a-f97c-4f56-9d0d-91213f6c365a\.system_generated\steps\512\
	                   1	C:\Users\DannyGeminiAnti\.gemini\antigravity\brain\9540f47a-f97c-4f56-9d0d-91213f6c365a\.system_generated\steps\516\
	                   1	C:\Users\DannyGeminiAnti\.gemini\antigravity\brain\9540f47a-f97c-4f56-9d0d-91213f6c365a\.system_generated\steps\518\
	                   1	C:\Users\DannyGeminiAnti\.gemini\antigravity\brain\9540f47a-f97c-4f56-9d0d-91213f6c365a\.system_generated\steps\521\
	                   1	C:\Users\DannyGeminiAnti\.gemini\antigravity\brain\9540f47a-f97c-4f56-9d0d-91213f6c365a\.system_generated\steps\523\
	                   1	C:\Users\DannyGeminiAnti\.gemini\antigravity\brain\9540f47a-f97c-4f56-9d0d-91213f6c365a\.system_generated\steps\527\
	                   1	C:\Users\DannyGeminiAnti\.gemini\antigravity\brain\9540f47a-f97c-4f56-9d0d-91213f6c365a\.system_generated\steps\530\
	                   1	C:\Users\DannyGeminiAnti\.gemini\antigravity\brain\9540f47a-f97c-4f56-9d0d-91213f6c365a\.system_generated\steps\534\
	                   1	C:\Users\DannyGeminiAnti\.gemini\antigravity\brain\9540f47a-f97c-4f56-9d0d-91213f6c365a\.system_generated\steps\537\
	                   1	C:\Users\DannyGeminiAnti\.gemini\antigravity\brain\9540f47a-f97c-4f56-9d0d-91213f6c365a\.system_generated\steps\541\
	                   1	C:\Users\DannyGeminiAnti\.gemini\antigravity\brain\9540f47a-f97c-4f56-9d0d-91213f6c365a\.system_generated\steps\544\
	                   1	C:\Users\DannyGeminiAnti\.gemini\antigravity\brain\9540f47a-f97c-4f56-9d0d-91213f6c365a\.system_generated\steps\55\
	                   1	C:\Users\DannyGeminiAnti\.gemini\antigravity\brain\9540f47a-f97c-4f56-9d0d-91213f6c365a\.system_generated\steps\554\
	                   1	C:\Users\DannyGeminiAnti\.gemini\antigravity\brain\9540f47a-f97c-4f56-9d0d-91213f6c365a\.system_generated\steps\557\
	                   1	C:\Users\DannyGeminiAnti\.gemini\antigravity\brain\9540f47a-f97c-4f56-9d0d-91213f6c365a\.system_generated\steps\563\
	                   1	C:\Users\DannyGeminiAnti\.gemini\antigravity\brain\9540f47a-f97c-4f56-9d0d-91213f6c365a\.system_generated\steps\565\
	                   1	C:\Users\DannyGeminiAnti\.gemini\antigravity\brain\9540f47a-f97c-4f56-9d0d-91213f6c365a\.system_generated\steps\567\
	                   1	C:\Users\DannyGeminiAnti\.gemini\antigravity\brain\9540f47a-f97c-4f56-9d0d-91213f6c365a\.system_generated\steps\572\
	                   1	C:\Users\DannyGeminiAnti\.gemini\antigravity\brain\9540f47a-f97c-4f56-9d0d-91213f6c365a\.system_generated\steps\574\
	                   1	C:\Users\DannyGeminiAnti\.gemini\antigravity\brain\9540f47a-f97c-4f56-9d0d-91213f6c365a\.system_generated\steps\576\
	                   1	C:\Users\DannyGeminiAnti\.gemini\antigravity\brain\9540f47a-f97c-4f56-9d0d-91213f6c365a\.system_generated\steps\580\
	                   1	C:\Users\DannyGeminiAnti\.gemini\antigravity\brain\9540f47a-f97c-4f56-9d0d-91213f6c365a\.system_generated\steps\583\
	                   1	C:\Users\DannyGeminiAnti\.gemini\antigravity\brain\9540f47a-f97c-4f56-9d0d-91213f6c365a\.system_generated\steps\587\
	                   1	C:\Users\DannyGeminiAnti\.gemini\antigravity\brain\9540f47a-f97c-4f56-9d0d-91213f6c365a\.system_generated\steps\589\
	                   1	C:\Users\DannyGeminiAnti\.gemini\antigravity\brain\9540f47a-f97c-4f56-9d0d-91213f6c365a\.system_generated\steps\593\
	                   1	C:\Users\DannyGeminiAnti\.gemini\antigravity\brain\9540f47a-f97c-4f56-9d0d-91213f6c365a\.system_generated\steps\595\
	                   1	C:\Users\DannyGeminiAnti\.gemini\antigravity\brain\9540f47a-f97c-4f56-9d0d-91213f6c365a\.system_generated\steps\599\
	                   1	C:\Users\DannyGeminiAnti\.gemini\antigravity\brain\9540f47a-f97c-4f56-9d0d-91213f6c365a\.system_generated\steps\601\
	                   1	C:\Users\DannyGeminiAnti\.gemini\antigravity\brain\9540f47a-f97c-4f56-9d0d-91213f6c365a\.system_generated\steps\605\
	                   1	C:\Users\DannyGeminiAnti\.gemini\antigravity\brain\9540f47a-f97c-4f56-9d0d-91213f6c365a\.system_generated\steps\608\
	                   1	C:\Users\DannyGeminiAnti\.gemini\antigravity\brain\9540f47a-f97c-4f56-9d0d-91213f6c365a\.system_generated\steps\612\
	                   1	C:\Users\DannyGeminiAnti\.gemini\antigravity\brain\9540f47a-f97c-4f56-9d0d-91213f6c365a\.system_generated\steps\614\
	                   1	C:\Users\DannyGeminiAnti\.gemini\antigravity\brain\9540f47a-f97c-4f56-9d0d-91213f6c365a\.system_generated\steps\617\
	                   1	C:\Users\DannyGeminiAnti\.gemini\antigravity\brain\9540f47a-f97c-4f56-9d0d-91213f6c365a\.system_generated\steps\619\
	                   1	C:\Users\DannyGeminiAnti\.gemini\antigravity\brain\9540f47a-f97c-4f56-9d0d-91213f6c365a\.system_generated\steps\62\
	                   1	C:\Users\DannyGeminiAnti\.gemini\antigravity\brain\9540f47a-f97c-4f56-9d0d-91213f6c365a\.system_generated\steps\624\
	                   1	C:\Users\DannyGeminiAnti\.gemini\antigravity\brain\9540f47a-f97c-4f56-9d0d-91213f6c365a\.system_generated\steps\626\
	                   1	C:\Users\DannyGeminiAnti\.gemini\antigravity\brain\9540f47a-f97c-4f56-9d0d-91213f6c365a\.system_generated\steps\628\
	                   1	C:\Users\DannyGeminiAnti\.gemini\antigravity\brain\9540f47a-f97c-4f56-9d0d-91213f6c365a\.system_generated\steps\632\
	                   1	C:\Users\DannyGeminiAnti\.gemini\antigravity\brain\9540f47a-f97c-4f56-9d0d-91213f6c365a\.system_generated\steps\634\
	                   1	C:\Users\DannyGeminiAnti\.gemini\antigravity\brain\9540f47a-f97c-4f56-9d0d-91213f6c365a\.system_generated\steps\636\
	                   1	C:\Users\DannyGeminiAnti\.gemini\antigravity\brain\9540f47a-f97c-4f56-9d0d-91213f6c365a\.system_generated\steps\64\
	                   1	C:\Users\DannyGeminiAnti\.gemini\antigravity\brain\9540f47a-f97c-4f56-9d0d-91213f6c365a\.system_generated\steps\640\
	                   1	C:\Users\DannyGeminiAnti\.gemini\antigravity\brain\9540f47a-f97c-4f56-9d0d-91213f6c365a\.system_generated\steps\644\
	                   1	C:\Users\DannyGeminiAnti\.gemini\antigravity\brain\9540f47a-f97c-4f56-9d0d-91213f6c365a\.system_generated\steps\646\
	                   1	C:\Users\DannyGeminiAnti\.gemini\antigravity\brain\9540f47a-f97c-4f56-9d0d-91213f6c365a\.system_generated\steps\650\
	                   1	C:\Users\DannyGeminiAnti\.gemini\antigravity\brain\9540f47a-f97c-4f56-9d0d-91213f6c365a\.system_generated\steps\656\
	                   1	C:\Users\DannyGeminiAnti\.gemini\antigravity\brain\9540f47a-f97c-4f56-9d0d-91213f6c365a\.system_generated\steps\658\
	                   1	C:\Users\DannyGeminiAnti\.gemini\antigravity\brain\9540f47a-f97c-4f56-9d0d-91213f6c365a\.system_generated\steps\660\
	                   1	C:\Users\DannyGeminiAnti\.gemini\antigravity\brain\9540f47a-f97c-4f56-9d0d-91213f6c365a\.system_generated\steps\664\
	                   1	C:\Users\DannyGeminiAnti\.gemini\antigravity\brain\9540f47a-f97c-4f56-9d0d-91213f6c365a\.system_generated\steps\668\
	                   1	C:\Users\DannyGeminiAnti\.gemini\antigravity\brain\9540f47a-f97c-4f56-9d0d-91213f6c365a\.system_generated\steps\670\
	                   1	C:\Users\DannyGeminiAnti\.gemini\antigravity\brain\9540f47a-f97c-4f56-9d0d-91213f6c365a\.system_generated\steps\674\
	                   1	C:\Users\DannyGeminiAnti\.gemini\antigravity\brain\9540f47a-f97c-4f56-9d0d-91213f6c365a\.system_generated\steps\678\
	                   1	C:\Users\DannyGeminiAnti\.gemini\antigravity\brain\9540f47a-f97c-4f56-9d0d-91213f6c365a\.system_generated\steps\680\
	                   1	C:\Users\DannyGeminiAnti\.gemini\antigravity\brain\9540f47a-f97c-4f56-9d0d-91213f6c365a\.system_generated\steps\682\
	                   1	C:\Users\DannyGeminiAnti\.gemini\antigravity\brain\9540f47a-f97c-4f56-9d0d-91213f6c365a\.system_generated\steps\686\
	                   1	C:\Users\DannyGeminiAnti\.gemini\antigravity\brain\9540f47a-f97c-4f56-9d0d-91213f6c365a\.system_generated\steps\690\
	                   1	C:\Users\DannyGeminiAnti\.gemini\antigravity\brain\9540f47a-f97c-4f56-9d0d-91213f6c365a\.system_generated\steps\692\
	                   1	C:\Users\DannyGeminiAnti\.gemini\antigravity\brain\9540f47a-f97c-4f56-9d0d-91213f6c365a\.system_generated\steps\694\
	                   1	C:\Users\DannyGeminiAnti\.gemini\antigravity\brain\9540f47a-f97c-4f56-9d0d-91213f6c365a\.system_generated\steps\696\
	                   1	C:\Users\DannyGeminiAnti\.gemini\antigravity\brain\9540f47a-f97c-4f56-9d0d-91213f6c365a\.system_generated\steps\700\
	                   1	C:\Users\DannyGeminiAnti\.gemini\antigravity\brain\9540f47a-f97c-4f56-9d0d-91213f6c365a\.system_generated\steps\704\
	                   1	C:\Users\DannyGeminiAnti\.gemini\antigravity\brain\9540f47a-f97c-4f56-9d0d-91213f6c365a\.system_generated\steps\706\
	                   1	C:\Users\DannyGeminiAnti\.gemini\antigravity\brain\9540f47a-f97c-4f56-9d0d-91213f6c365a\.system_generated\steps\710\
	                   1	C:\Users\DannyGeminiAnti\.gemini\antigravity\brain\9540f47a-f97c-4f56-9d0d-91213f6c365a\.system_generated\steps\714\
	                   1	C:\Users\DannyGeminiAnti\.gemini\antigravity\brain\9540f47a-f97c-4f56-9d0d-91213f6c365a\.system_generated\steps\716\
	                   1	C:\Users\DannyGeminiAnti\.gemini\antigravity\brain\9540f47a-f97c-4f56-9d0d-91213f6c365a\.system_generated\steps\718\
	                   1	C:\Users\DannyGeminiAnti\.gemini\antigravity\brain\9540f47a-f97c-4f56-9d0d-91213f6c365a\.system_generated\steps\720\
	                   1	C:\Users\DannyGeminiAnti\.gemini\antigravity\brain\9540f47a-f97c-4f56-9d0d-91213f6c365a\.system_generated\steps\724\
	                   1	C:\Users\DannyGeminiAnti\.gemini\antigravity\brain\9540f47a-f97c-4f56-9d0d-91213f6c365a\.system_generated\steps\728\
	                   1	C:\Users\DannyGeminiAnti\.gemini\antigravity\brain\9540f47a-f97c-4f56-9d0d-91213f6c365a\.system_generated\steps\73\
	                   1	C:\Users\DannyGeminiAnti\.gemini\antigravity\brain\9540f47a-f97c-4f56-9d0d-91213f6c365a\.system_generated\steps\730\
	                   1	C:\Users\DannyGeminiAnti\.gemini\antigravity\brain\9540f47a-f97c-4f56-9d0d-91213f6c365a\.system_generated\steps\732\
	                   1	C:\Users\DannyGeminiAnti\.gemini\antigravity\brain\9540f47a-f97c-4f56-9d0d-91213f6c365a\.system_generated\steps\737\
	                   1	C:\Users\DannyGeminiAnti\.gemini\antigravity\brain\9540f47a-f97c-4f56-9d0d-91213f6c365a\.system_generated\steps\739\
	                   1	C:\Users\DannyGeminiAnti\.gemini\antigravity\brain\9540f47a-f97c-4f56-9d0d-91213f6c365a\.system_generated\steps\742\
	                   1	C:\Users\DannyGeminiAnti\.gemini\antigravity\brain\9540f47a-f97c-4f56-9d0d-91213f6c365a\.system_generated\steps\746\
	                   1	C:\Users\DannyGeminiAnti\.gemini\antigravity\brain\9540f47a-f97c-4f56-9d0d-91213f6c365a\.system_generated\steps\748\
	                   1	C:\Users\DannyGeminiAnti\.gemini\antigravity\brain\9540f47a-f97c-4f56-9d0d-91213f6c365a\.system_generated\steps\75\
	                   1	C:\Users\DannyGeminiAnti\.gemini\antigravity\brain\9540f47a-f97c-4f56-9d0d-91213f6c365a\.system_generated\steps\752\
	                   1	C:\Users\DannyGeminiAnti\.gemini\antigravity\brain\9540f47a-f97c-4f56-9d0d-91213f6c365a\.system_generated\steps\757\
	                   1	C:\Users\DannyGeminiAnti\.gemini\antigravity\brain\9540f47a-f97c-4f56-9d0d-91213f6c365a\.system_generated\steps\761\
	                   1	C:\Users\DannyGeminiAnti\.gemini\antigravity\brain\9540f47a-f97c-4f56-9d0d-91213f6c365a\.system_generated\steps\764\
	                   1	C:\Users\DannyGeminiAnti\.gemini\antigravity\brain\9540f47a-f97c-4f56-9d0d-91213f6c365a\.system_generated\steps\768\
	                   1	C:\Users\DannyGeminiAnti\.gemini\antigravity\brain\9540f47a-f97c-4f56-9d0d-91213f6c365a\.system_generated\steps\77\
	                   1	C:\Users\DannyGeminiAnti\.gemini\antigravity\brain\9540f47a-f97c-4f56-9d0d-91213f6c365a\.system_generated\steps\770\
	                   1	C:\Users\DannyGeminiAnti\.gemini\antigravity\brain\9540f47a-f97c-4f56-9d0d-91213f6c365a\.system_generated\steps\772\
	                   1	C:\Users\DannyGeminiAnti\.gemini\antigravity\brain\9540f47a-f97c-4f56-9d0d-91213f6c365a\.system_generated\steps\775\
	                   1	C:\Users\DannyGeminiAnti\.gemini\antigravity\brain\9540f47a-f97c-4f56-9d0d-91213f6c365a\.system_generated\steps\779\
	                   1	C:\Users\DannyGeminiAnti\.gemini\antigravity\brain\9540f47a-f97c-4f56-9d0d-91213f6c365a\.system_generated\steps\781\
	                   1	C:\Users\DannyGeminiAnti\.gemini\antigravity\brain\9540f47a-f97c-4f56-9d0d-91213f6c365a\.system_generated\steps\783\
	                   1	C:\Users\DannyGeminiAnti\.gemini\antigravity\brain\9540f47a-f97c-4f56-9d0d-91213f6c365a\.system_generated\steps\786\
	                   1	C:\Users\DannyGeminiAnti\.gemini\antigravity\brain\9540f47a-f97c-4f56-9d0d-91213f6c365a\.system_generated\steps\788\
	                   1	C:\Users\DannyGeminiAnti\.gemini\antigravity\brain\9540f47a-f97c-4f56-9d0d-91213f6c365a\.system_generated\steps\79\
	                   1	C:\Users\DannyGeminiAnti\.gemini\antigravity\brain\9540f47a-f97c-4f56-9d0d-91213f6c365a\.system_generated\steps\790\
	                   1	C:\Users\DannyGeminiAnti\.gemini\antigravity\brain\9540f47a-f97c-4f56-9d0d-91213f6c365a\.system_generated\steps\792\
	                   1	C:\Users\DannyGeminiAnti\.gemini\antigravity\brain\9540f47a-f97c-4f56-9d0d-91213f6c365a\.system_generated\steps\796\
	                   1	C:\Users\DannyGeminiAnti\.gemini\antigravity\brain\9540f47a-f97c-4f56-9d0d-91213f6c365a\.system_generated\steps\798\
	                   1	C:\Users\DannyGeminiAnti\.gemini\antigravity\brain\9540f47a-f97c-4f56-9d0d-91213f6c365a\.system_generated\steps\800\
	                   1	C:\Users\DannyGeminiAnti\.gemini\antigravity\brain\9540f47a-f97c-4f56-9d0d-91213f6c365a\.system_generated\steps\802\
	                   1	C:\Users\DannyGeminiAnti\.gemini\antigravity\brain\9540f47a-f97c-4f56-9d0d-91213f6c365a\.system_generated\steps\809\
	                   1	C:\Users\DannyGeminiAnti\.gemini\antigravity\brain\9540f47a-f97c-4f56-9d0d-91213f6c365a\.system_generated\steps\811\
	                   1	C:\Users\DannyGeminiAnti\.gemini\antigravity\brain\9540f47a-f97c-4f56-9d0d-91213f6c365a\.system_generated\steps\813\
	                   1	C:\Users\DannyGeminiAnti\.gemini\antigravity\brain\9540f47a-f97c-4f56-9d0d-91213f6c365a\.system_generated\steps\815\
	                   1	C:\Users\DannyGeminiAnti\.gemini\antigravity\brain\9540f47a-f97c-4f56-9d0d-91213f6c365a\.system_generated\steps\821\
	                   1	C:\Users\DannyGeminiAnti\.gemini\antigravity\brain\9540f47a-f97c-4f56-9d0d-91213f6c365a\.system_generated\steps\823\
	                   1	C:\Users\DannyGeminiAnti\.gemini\antigravity\brain\9540f47a-f97c-4f56-9d0d-91213f6c365a\.system_generated\steps\825\
	                   1	C:\Users\DannyGeminiAnti\.gemini\antigravity\brain\9540f47a-f97c-4f56-9d0d-91213f6c365a\.system_generated\steps\83\
	                   1	C:\Users\DannyGeminiAnti\.gemini\antigravity\brain\9540f47a-f97c-4f56-9d0d-91213f6c365a\.system_generated\steps\830\
	                   1	C:\Users\DannyGeminiAnti\.gemini\antigravity\brain\9540f47a-f97c-4f56-9d0d-91213f6c365a\.system_generated\steps\832\
	                   1	C:\Users\DannyGeminiAnti\.gemini\antigravity\brain\9540f47a-f97c-4f56-9d0d-91213f6c365a\.system_generated\steps\834\
	                   1	C:\Users\DannyGeminiAnti\.gemini\antigravity\brain\9540f47a-f97c-4f56-9d0d-91213f6c365a\.system_generated\steps\836\
	                   1	C:\Users\DannyGeminiAnti\.gemini\antigravity\brain\9540f47a-f97c-4f56-9d0d-91213f6c365a\.system_generated\steps\840\
	                   1	C:\Users\DannyGeminiAnti\.gemini\antigravity\brain\9540f47a-f97c-4f56-9d0d-91213f6c365a\.system_generated\steps\85\
	                   1	C:\Users\DannyGeminiAnti\.gemini\antigravity\brain\9540f47a-f97c-4f56-9d0d-91213f6c365a\.system_generated\steps\851\
	                   1	C:\Users\DannyGeminiAnti\.gemini\antigravity\brain\9540f47a-f97c-4f56-9d0d-91213f6c365a\.system_generated\steps\853\
	                   1	C:\Users\DannyGeminiAnti\.gemini\antigravity\brain\9540f47a-f97c-4f56-9d0d-91213f6c365a\.system_generated\steps\856\
	                   1	C:\Users\DannyGeminiAnti\.gemini\antigravity\brain\9540f47a-f97c-4f56-9d0d-91213f6c365a\.system_generated\steps\864\
	                   1	C:\Users\DannyGeminiAnti\.gemini\antigravity\brain\9540f47a-f97c-4f56-9d0d-91213f6c365a\.system_generated\steps\866\
	                   1	C:\Users\DannyGeminiAnti\.gemini\antigravity\brain\9540f47a-f97c-4f56-9d0d-91213f6c365a\.system_generated\steps\868\
	                   1	C:\Users\DannyGeminiAnti\.gemini\antigravity\brain\9540f47a-f97c-4f56-9d0d-91213f6c365a\.system_generated\steps\872\
	                   1	C:\Users\DannyGeminiAnti\.gemini\antigravity\brain\9540f47a-f97c-4f56-9d0d-91213f6c365a\.system_generated\steps\876\
	                   1	C:\Users\DannyGeminiAnti\.gemini\antigravity\brain\9540f47a-f97c-4f56-9d0d-91213f6c365a\.system_generated\steps\878\
	                   1	C:\Users\DannyGeminiAnti\.gemini\antigravity\brain\9540f47a-f97c-4f56-9d0d-91213f6c365a\.system_generated\steps\880\
	                   1	C:\Users\DannyGeminiAnti\.gemini\antigravity\brain\9540f47a-f97c-4f56-9d0d-91213f6c365a\.system_generated\steps\884\
	                   1	C:\Users\DannyGeminiAnti\.gemini\antigravity\brain\9540f47a-f97c-4f56-9d0d-91213f6c365a\.system_generated\steps\898\
	                   1	C:\Users\DannyGeminiAnti\.gemini\antigravity\brain\9540f47a-f97c-4f56-9d0d-91213f6c365a\.system_generated\steps\900\
	                   1	C:\Users\DannyGeminiAnti\.gemini\antigravity\brain\9540f47a-f97c-4f56-9d0d-91213f6c365a\.system_generated\steps\902\
	                   1	C:\Users\DannyGeminiAnti\.gemini\antigravity\brain\9540f47a-f97c-4f56-9d0d-91213f6c365a\.system_generated\steps\906\
	                   1	C:\Users\DannyGeminiAnti\.gemini\antigravity\brain\9540f47a-f97c-4f56-9d0d-91213f6c365a\.system_generated\steps\908\
	                   1	C:\Users\DannyGeminiAnti\.gemini\antigravity\brain\9540f47a-f97c-4f56-9d0d-91213f6c365a\.system_generated\steps\917\
	                   1	C:\Users\DannyGeminiAnti\.gemini\antigravity\brain\9540f47a-f97c-4f56-9d0d-91213f6c365a\.system_generated\steps\919\
	                   1	C:\Users\DannyGeminiAnti\.gemini\antigravity\brain\9540f47a-f97c-4f56-9d0d-91213f6c365a\.system_generated\steps\92\
	                   1	C:\Users\DannyGeminiAnti\.gemini\antigravity\brain\9540f47a-f97c-4f56-9d0d-91213f6c365a\.system_generated\steps\921\
	                   1	C:\Users\DannyGeminiAnti\.gemini\antigravity\brain\9540f47a-f97c-4f56-9d0d-91213f6c365a\.system_generated\steps\923\
	                   1	C:\Users\DannyGeminiAnti\.gemini\antigravity\brain\9540f47a-f97c-4f56-9d0d-91213f6c365a\.system_generated\steps\932\
	                   1	C:\Users\DannyGeminiAnti\.gemini\antigravity\brain\9540f47a-f97c-4f56-9d0d-91213f6c365a\.system_generated\steps\934\
	                   1	C:\Users\DannyGeminiAnti\.gemini\antigravity\brain\9540f47a-f97c-4f56-9d0d-91213f6c365a\.system_generated\steps\936\
	                   1	C:\Users\DannyGeminiAnti\.gemini\antigravity\brain\9540f47a-f97c-4f56-9d0d-91213f6c365a\.system_generated\steps\938\
	                   1	C:\Users\DannyGeminiAnti\.gemini\antigravity\brain\9540f47a-f97c-4f56-9d0d-91213f6c365a\.system_generated\steps\94\
	                   1	C:\Users\DannyGeminiAnti\.gemini\antigravity\brain\9540f47a-f97c-4f56-9d0d-91213f6c365a\.system_generated\steps\942\
	                   1	C:\Users\DannyGeminiAnti\.gemini\antigravity\brain\9540f47a-f97c-4f56-9d0d-91213f6c365a\.system_generated\steps\944\
	                   1	C:\Users\DannyGeminiAnti\.gemini\antigravity\brain\9540f47a-f97c-4f56-9d0d-91213f6c365a\.system_generated\steps\946\
	                   1	C:\Users\DannyGeminiAnti\.gemini\antigravity\brain\9540f47a-f97c-4f56-9d0d-91213f6c365a\.system_generated\steps\948\
	                   1	C:\Users\DannyGeminiAnti\.gemini\antigravity\brain\9540f47a-f97c-4f56-9d0d-91213f6c365a\.system_generated\steps\953\
	                   1	C:\Users\DannyGeminiAnti\.gemini\antigravity\brain\9540f47a-f97c-4f56-9d0d-91213f6c365a\.system_generated\steps\955\
	                   1	C:\Users\DannyGeminiAnti\.gemini\antigravity\brain\9540f47a-f97c-4f56-9d0d-91213f6c365a\.system_generated\steps\957\
	                   1	C:\Users\DannyGeminiAnti\.gemini\antigravity\brain\9540f47a-f97c-4f56-9d0d-91213f6c365a\.system_generated\steps\960\
	                   1	C:\Users\DannyGeminiAnti\.gemini\antigravity\brain\9540f47a-f97c-4f56-9d0d-91213f6c365a\.system_generated\steps\964\
	                   1	C:\Users\DannyGeminiAnti\.gemini\antigravity\brain\9540f47a-f97c-4f56-9d0d-91213f6c365a\.system_generated\steps\968\
	                   1	C:\Users\DannyGeminiAnti\.gemini\antigravity\brain\9540f47a-f97c-4f56-9d0d-91213f6c365a\.system_generated\steps\970\
	                   1	C:\Users\DannyGeminiAnti\.gemini\antigravity\brain\9540f47a-f97c-4f56-9d0d-91213f6c365a\.system_generated\steps\972\
	                   1	C:\Users\DannyGeminiAnti\.gemini\antigravity\brain\9540f47a-f97c-4f56-9d0d-91213f6c365a\.system_generated\steps\977\
	                   1	C:\Users\DannyGeminiAnti\.gemini\antigravity\brain\9540f47a-f97c-4f56-9d0d-91213f6c365a\.system_generated\steps\979\
	                   1	C:\Users\DannyGeminiAnti\.gemini\antigravity\brain\9540f47a-f97c-4f56-9d0d-91213f6c365a\.system_generated\steps\98\
	                   1	C:\Users\DannyGeminiAnti\.gemini\antigravity\brain\9540f47a-f97c-4f56-9d0d-91213f6c365a\.system_generated\steps\981\
	                   1	C:\Users\DannyGeminiAnti\.gemini\antigravity\brain\9540f47a-f97c-4f56-9d0d-91213f6c365a\.system_generated\steps\985\
	                   1	C:\Users\DannyGeminiAnti\.gemini\antigravity\brain\9540f47a-f97c-4f56-9d0d-91213f6c365a\.system_generated\steps\989\
	                   1	C:\Users\DannyGeminiAnti\.gemini\antigravity\brain\9540f47a-f97c-4f56-9d0d-91213f6c365a\.system_generated\steps\991\
	                   1	C:\Users\DannyGeminiAnti\.gemini\antigravity\brain\9540f47a-f97c-4f56-9d0d-91213f6c365a\.system_generated\steps\993\
	                   1	C:\Users\DannyGeminiAnti\.gemini\antigravity\brain\9540f47a-f97c-4f56-9d0d-91213f6c365a\.system_generated\steps\996\
	                  15	C:\Users\DannyGeminiAnti\.gemini\antigravity\brain\9540f47a-f97c-4f56-9d0d-91213f6c365a\.user_uploaded\
	                   0	C:\Users\DannyGeminiAnti\.gemini\antigravity\brain\9ff1d45c-daae-4c11-bb31-285f913f0825\
	                   0	C:\Users\DannyGeminiAnti\.gemini\antigravity\brain\9ff1d45c-daae-4c11-bb31-285f913f0825\.system_generated\
	                   2	C:\Users\DannyGeminiAnti\.gemini\antigravity\brain\9ff1d45c-daae-4c11-bb31-285f913f0825\.system_generated\logs\
	                   0	C:\Users\DannyGeminiAnti\.gemini\antigravity\brain\9ff1d45c-daae-4c11-bb31-285f913f0825\.system_generated\logs\chunks\
	                   2	C:\Users\DannyGeminiAnti\.gemini\antigravity\brain\9ff1d45c-daae-4c11-bb31-285f913f0825\.system_generated\logs\chunks\transcript\
	                   2	C:\Users\DannyGeminiAnti\.gemini\antigravity\brain\9ff1d45c-daae-4c11-bb31-285f913f0825\.system_generated\logs\chunks\transcript_full\
	                   4	C:\Users\DannyGeminiAnti\.gemini\antigravity\brain\9ff1d45c-daae-4c11-bb31-285f913f0825\.system_generated\messages\
	                   0	C:\Users\DannyGeminiAnti\.gemini\antigravity\brain\9ff1d45c-daae-4c11-bb31-285f913f0825\.system_generated\messages\undelivered\
	                   2	C:\Users\DannyGeminiAnti\.gemini\antigravity\brain\9ff1d45c-daae-4c11-bb31-285f913f0825\.user_uploaded\
	                   0	C:\Users\DannyGeminiAnti\.gemini\antigravity\brain\a1430475-85df-48ef-9c24-56a26de27150\
	                   0	C:\Users\DannyGeminiAnti\.gemini\antigravity\brain\a1430475-85df-48ef-9c24-56a26de27150\.system_generated\
	                   2	C:\Users\DannyGeminiAnti\.gemini\antigravity\brain\a1430475-85df-48ef-9c24-56a26de27150\.system_generated\logs\
	    Newer     		  628020	transcript.jsonl
	    Newer     		  846158	transcript_full.jsonl
	                   0	C:\Users\DannyGeminiAnti\.gemini\antigravity\brain\a1430475-85df-48ef-9c24-56a26de27150\.system_generated\logs\chunks\
	                   7	C:\Users\DannyGeminiAnti\.gemini\antigravity\brain\a1430475-85df-48ef-9c24-56a26de27150\.system_generated\logs\chunks\transcript\
	    Newer     		  102400	00000004.jsonl
	    New File  		  102400	00000005.jsonl
	    New File  		   13620	00000006.jsonl
	                   9	C:\Users\DannyGeminiAnti\.gemini\antigravity\brain\a1430475-85df-48ef-9c24-56a26de27150\.system_generated\logs\chunks\transcript_full\
	    Newer     		  102400	00000006.jsonl
	    New File  		  102400	00000007.jsonl
	    New File  		   26958	00000008.jsonl
	                  41	C:\Users\DannyGeminiAnti\.gemini\antigravity\brain\a1430475-85df-48ef-9c24-56a26de27150\.system_generated\messages\
	    New File  		     475	6d8b6b28-e09f-4abf-877c-add7c0b1f0a4.json
	    New File  		     475	a4b33322-7d18-4e12-9d18-75529cc1b518.json
	    New File  		     481	c773f951-296f-4341-ba22-c7ef1130c6f8.json
	    New File  		     376	de2fa341-3cbe-4b30-9eb5-5eba62bd5f64.json
	    New File  		     481	e6176fab-b573-4e94-a606-0c0df764b0fb.json
	    New File  		    2692	f2a90f37-402a-4cff-a2f9-af88b50cebaf.json
	    New File  		     475	f86a061b-d713-4287-84bf-23a121ff8ab6.json
	    Newer     		    1761	read.json
	                   0	C:\Users\DannyGeminiAnti\.gemini\antigravity\brain\a1430475-85df-48ef-9c24-56a26de27150\.system_generated\messages\undelivered\
	                   0	C:\Users\DannyGeminiAnti\.gemini\antigravity\brain\a1430475-85df-48ef-9c24-56a26de27150\.system_generated\steps\
	                   1	C:\Users\DannyGeminiAnti\.gemini\antigravity\brain\a1430475-85df-48ef-9c24-56a26de27150\.system_generated\steps\10\
	                   1	C:\Users\DannyGeminiAnti\.gemini\antigravity\brain\a1430475-85df-48ef-9c24-56a26de27150\.system_generated\steps\101\
	                   1	C:\Users\DannyGeminiAnti\.gemini\antigravity\brain\a1430475-85df-48ef-9c24-56a26de27150\.system_generated\steps\103\
	                   1	C:\Users\DannyGeminiAnti\.gemini\antigravity\brain\a1430475-85df-48ef-9c24-56a26de27150\.system_generated\steps\106\
	                   1	C:\Users\DannyGeminiAnti\.gemini\antigravity\brain\a1430475-85df-48ef-9c24-56a26de27150\.system_generated\steps\109\
	                   1	C:\Users\DannyGeminiAnti\.gemini\antigravity\brain\a1430475-85df-48ef-9c24-56a26de27150\.system_generated\steps\111\
	                   1	C:\Users\DannyGeminiAnti\.gemini\antigravity\brain\a1430475-85df-48ef-9c24-56a26de27150\.system_generated\steps\113\
	                   1	C:\Users\DannyGeminiAnti\.gemini\antigravity\brain\a1430475-85df-48ef-9c24-56a26de27150\.system_generated\steps\116\
	                   1	C:\Users\DannyGeminiAnti\.gemini\antigravity\brain\a1430475-85df-48ef-9c24-56a26de27150\.system_generated\steps\118\
	                   1	C:\Users\DannyGeminiAnti\.gemini\antigravity\brain\a1430475-85df-48ef-9c24-56a26de27150\.system_generated\steps\12\
	                   1	C:\Users\DannyGeminiAnti\.gemini\antigravity\brain\a1430475-85df-48ef-9c24-56a26de27150\.system_generated\steps\120\
	                   1	C:\Users\DannyGeminiAnti\.gemini\antigravity\brain\a1430475-85df-48ef-9c24-56a26de27150\.system_generated\steps\122\
	                   1	C:\Users\DannyGeminiAnti\.gemini\antigravity\brain\a1430475-85df-48ef-9c24-56a26de27150\.system_generated\steps\126\
	                   1	C:\Users\DannyGeminiAnti\.gemini\antigravity\brain\a1430475-85df-48ef-9c24-56a26de27150\.system_generated\steps\128\
	                   1	C:\Users\DannyGeminiAnti\.gemini\antigravity\brain\a1430475-85df-48ef-9c24-56a26de27150\.system_generated\steps\130\
	                   1	C:\Users\DannyGeminiAnti\.gemini\antigravity\brain\a1430475-85df-48ef-9c24-56a26de27150\.system_generated\steps\132\
	                   1	C:\Users\DannyGeminiAnti\.gemini\antigravity\brain\a1430475-85df-48ef-9c24-56a26de27150\.system_generated\steps\134\
	                   1	C:\Users\DannyGeminiAnti\.gemini\antigravity\brain\a1430475-85df-48ef-9c24-56a26de27150\.system_generated\steps\136\
	                   1	C:\Users\DannyGeminiAnti\.gemini\antigravity\brain\a1430475-85df-48ef-9c24-56a26de27150\.system_generated\steps\139\
	                   1	C:\Users\DannyGeminiAnti\.gemini\antigravity\brain\a1430475-85df-48ef-9c24-56a26de27150\.system_generated\steps\14\
	                   1	C:\Users\DannyGeminiAnti\.gemini\antigravity\brain\a1430475-85df-48ef-9c24-56a26de27150\.system_generated\steps\141\
	                   1	C:\Users\DannyGeminiAnti\.gemini\antigravity\brain\a1430475-85df-48ef-9c24-56a26de27150\.system_generated\steps\143\
	                   1	C:\Users\DannyGeminiAnti\.gemini\antigravity\brain\a1430475-85df-48ef-9c24-56a26de27150\.system_generated\steps\146\
	                   1	C:\Users\DannyGeminiAnti\.gemini\antigravity\brain\a1430475-85df-48ef-9c24-56a26de27150\.system_generated\steps\150\
	                   1	C:\Users\DannyGeminiAnti\.gemini\antigravity\brain\a1430475-85df-48ef-9c24-56a26de27150\.system_generated\steps\152\
	                   1	C:\Users\DannyGeminiAnti\.gemini\antigravity\brain\a1430475-85df-48ef-9c24-56a26de27150\.system_generated\steps\154\
	                   1	C:\Users\DannyGeminiAnti\.gemini\antigravity\brain\a1430475-85df-48ef-9c24-56a26de27150\.system_generated\steps\158\
	                   1	C:\Users\DannyGeminiAnti\.gemini\antigravity\brain\a1430475-85df-48ef-9c24-56a26de27150\.system_generated\steps\160\
	                   1	C:\Users\DannyGeminiAnti\.gemini\antigravity\brain\a1430475-85df-48ef-9c24-56a26de27150\.system_generated\steps\162\
	                   1	C:\Users\DannyGeminiAnti\.gemini\antigravity\brain\a1430475-85df-48ef-9c24-56a26de27150\.system_generated\steps\164\
	                   1	C:\Users\DannyGeminiAnti\.gemini\antigravity\brain\a1430475-85df-48ef-9c24-56a26de27150\.system_generated\steps\166\
	                   1	C:\Users\DannyGeminiAnti\.gemini\antigravity\brain\a1430475-85df-48ef-9c24-56a26de27150\.system_generated\steps\168\
	                   1	C:\Users\DannyGeminiAnti\.gemini\antigravity\brain\a1430475-85df-48ef-9c24-56a26de27150\.system_generated\steps\17\
	                   1	C:\Users\DannyGeminiAnti\.gemini\antigravity\brain\a1430475-85df-48ef-9c24-56a26de27150\.system_generated\steps\173\
	                   1	C:\Users\DannyGeminiAnti\.gemini\antigravity\brain\a1430475-85df-48ef-9c24-56a26de27150\.system_generated\steps\175\
	                   1	C:\Users\DannyGeminiAnti\.gemini\antigravity\brain\a1430475-85df-48ef-9c24-56a26de27150\.system_generated\steps\177\
	                   1	C:\Users\DannyGeminiAnti\.gemini\antigravity\brain\a1430475-85df-48ef-9c24-56a26de27150\.system_generated\steps\179\
	                   1	C:\Users\DannyGeminiAnti\.gemini\antigravity\brain\a1430475-85df-48ef-9c24-56a26de27150\.system_generated\steps\181\
	                   1	C:\Users\DannyGeminiAnti\.gemini\antigravity\brain\a1430475-85df-48ef-9c24-56a26de27150\.system_generated\steps\187\
	                   1	C:\Users\DannyGeminiAnti\.gemini\antigravity\brain\a1430475-85df-48ef-9c24-56a26de27150\.system_generated\steps\189\
	                   1	C:\Users\DannyGeminiAnti\.gemini\antigravity\brain\a1430475-85df-48ef-9c24-56a26de27150\.system_generated\steps\19\
	                   1	C:\Users\DannyGeminiAnti\.gemini\antigravity\brain\a1430475-85df-48ef-9c24-56a26de27150\.system_generated\steps\192\
	                   1	C:\Users\DannyGeminiAnti\.gemini\antigravity\brain\a1430475-85df-48ef-9c24-56a26de27150\.system_generated\steps\195\
	                   1	C:\Users\DannyGeminiAnti\.gemini\antigravity\brain\a1430475-85df-48ef-9c24-56a26de27150\.system_generated\steps\197\
	                   1	C:\Users\DannyGeminiAnti\.gemini\antigravity\brain\a1430475-85df-48ef-9c24-56a26de27150\.system_generated\steps\2\
	                   1	C:\Users\DannyGeminiAnti\.gemini\antigravity\brain\a1430475-85df-48ef-9c24-56a26de27150\.system_generated\steps\205\
	                   1	C:\Users\DannyGeminiAnti\.gemini\antigravity\brain\a1430475-85df-48ef-9c24-56a26de27150\.system_generated\steps\209\
	                   1	C:\Users\DannyGeminiAnti\.gemini\antigravity\brain\a1430475-85df-48ef-9c24-56a26de27150\.system_generated\steps\21\
	                   1	C:\Users\DannyGeminiAnti\.gemini\antigravity\brain\a1430475-85df-48ef-9c24-56a26de27150\.system_generated\steps\211\
	                   1	C:\Users\DannyGeminiAnti\.gemini\antigravity\brain\a1430475-85df-48ef-9c24-56a26de27150\.system_generated\steps\213\
	                   1	C:\Users\DannyGeminiAnti\.gemini\antigravity\brain\a1430475-85df-48ef-9c24-56a26de27150\.system_generated\steps\215\
	                   1	C:\Users\DannyGeminiAnti\.gemini\antigravity\brain\a1430475-85df-48ef-9c24-56a26de27150\.system_generated\steps\217\
	                   1	C:\Users\DannyGeminiAnti\.gemini\antigravity\brain\a1430475-85df-48ef-9c24-56a26de27150\.system_generated\steps\220\
	                   1	C:\Users\DannyGeminiAnti\.gemini\antigravity\brain\a1430475-85df-48ef-9c24-56a26de27150\.system_generated\steps\223\
	                   1	C:\Users\DannyGeminiAnti\.gemini\antigravity\brain\a1430475-85df-48ef-9c24-56a26de27150\.system_generated\steps\225\
	                   1	C:\Users\DannyGeminiAnti\.gemini\antigravity\brain\a1430475-85df-48ef-9c24-56a26de27150\.system_generated\steps\227\
	                   1	C:\Users\DannyGeminiAnti\.gemini\antigravity\brain\a1430475-85df-48ef-9c24-56a26de27150\.system_generated\steps\23\
	                   1	C:\Users\DannyGeminiAnti\.gemini\antigravity\brain\a1430475-85df-48ef-9c24-56a26de27150\.system_generated\steps\234\
	                   1	C:\Users\DannyGeminiAnti\.gemini\antigravity\brain\a1430475-85df-48ef-9c24-56a26de27150\.system_generated\steps\236\
	                   1	C:\Users\DannyGeminiAnti\.gemini\antigravity\brain\a1430475-85df-48ef-9c24-56a26de27150\.system_generated\steps\238\
	                   1	C:\Users\DannyGeminiAnti\.gemini\antigravity\brain\a1430475-85df-48ef-9c24-56a26de27150\.system_generated\steps\240\
	                   1	C:\Users\DannyGeminiAnti\.gemini\antigravity\brain\a1430475-85df-48ef-9c24-56a26de27150\.system_generated\steps\243\
	                   1	C:\Users\DannyGeminiAnti\.gemini\antigravity\brain\a1430475-85df-48ef-9c24-56a26de27150\.system_generated\steps\249\
	                   1	C:\Users\DannyGeminiAnti\.gemini\antigravity\brain\a1430475-85df-48ef-9c24-56a26de27150\.system_generated\steps\25\
	                   1	C:\Users\DannyGeminiAnti\.gemini\antigravity\brain\a1430475-85df-48ef-9c24-56a26de27150\.system_generated\steps\256\
	                   1	C:\Users\DannyGeminiAnti\.gemini\antigravity\brain\a1430475-85df-48ef-9c24-56a26de27150\.system_generated\steps\258\
	                   1	C:\Users\DannyGeminiAnti\.gemini\antigravity\brain\a1430475-85df-48ef-9c24-56a26de27150\.system_generated\steps\260\
	                   1	C:\Users\DannyGeminiAnti\.gemini\antigravity\brain\a1430475-85df-48ef-9c24-56a26de27150\.system_generated\steps\262\
	                   1	C:\Users\DannyGeminiAnti\.gemini\antigravity\brain\a1430475-85df-48ef-9c24-56a26de27150\.system_generated\steps\264\
	                   1	C:\Users\DannyGeminiAnti\.gemini\antigravity\brain\a1430475-85df-48ef-9c24-56a26de27150\.system_generated\steps\266\
	                   1	C:\Users\DannyGeminiAnti\.gemini\antigravity\brain\a1430475-85df-48ef-9c24-56a26de27150\.system_generated\steps\268\
	                   1	C:\Users\DannyGeminiAnti\.gemini\antigravity\brain\a1430475-85df-48ef-9c24-56a26de27150\.system_generated\steps\27\
	                   1	C:\Users\DannyGeminiAnti\.gemini\antigravity\brain\a1430475-85df-48ef-9c24-56a26de27150\.system_generated\steps\275\
	                   1	C:\Users\DannyGeminiAnti\.gemini\antigravity\brain\a1430475-85df-48ef-9c24-56a26de27150\.system_generated\steps\279\
	                   1	C:\Users\DannyGeminiAnti\.gemini\antigravity\brain\a1430475-85df-48ef-9c24-56a26de27150\.system_generated\steps\281\
	                   1	C:\Users\DannyGeminiAnti\.gemini\antigravity\brain\a1430475-85df-48ef-9c24-56a26de27150\.system_generated\steps\283\
	                   1	C:\Users\DannyGeminiAnti\.gemini\antigravity\brain\a1430475-85df-48ef-9c24-56a26de27150\.system_generated\steps\286\
	                   1	C:\Users\DannyGeminiAnti\.gemini\antigravity\brain\a1430475-85df-48ef-9c24-56a26de27150\.system_generated\steps\288\
	                   1	C:\Users\DannyGeminiAnti\.gemini\antigravity\brain\a1430475-85df-48ef-9c24-56a26de27150\.system_generated\steps\29\
	                   1	C:\Users\DannyGeminiAnti\.gemini\antigravity\brain\a1430475-85df-48ef-9c24-56a26de27150\.system_generated\steps\304\
	                   1	C:\Users\DannyGeminiAnti\.gemini\antigravity\brain\a1430475-85df-48ef-9c24-56a26de27150\.system_generated\steps\310\
	                   1	C:\Users\DannyGeminiAnti\.gemini\antigravity\brain\a1430475-85df-48ef-9c24-56a26de27150\.system_generated\steps\312\
	                   1	C:\Users\DannyGeminiAnti\.gemini\antigravity\brain\a1430475-85df-48ef-9c24-56a26de27150\.system_generated\steps\314\
	                   1	C:\Users\DannyGeminiAnti\.gemini\antigravity\brain\a1430475-85df-48ef-9c24-56a26de27150\.system_generated\steps\32\
	                   1	C:\Users\DannyGeminiAnti\.gemini\antigravity\brain\a1430475-85df-48ef-9c24-56a26de27150\.system_generated\steps\322\
	                   1	C:\Users\DannyGeminiAnti\.gemini\antigravity\brain\a1430475-85df-48ef-9c24-56a26de27150\.system_generated\steps\324\
	                   1	C:\Users\DannyGeminiAnti\.gemini\antigravity\brain\a1430475-85df-48ef-9c24-56a26de27150\.system_generated\steps\326\
	                   1	C:\Users\DannyGeminiAnti\.gemini\antigravity\brain\a1430475-85df-48ef-9c24-56a26de27150\.system_generated\steps\328\
	                   1	C:\Users\DannyGeminiAnti\.gemini\antigravity\brain\a1430475-85df-48ef-9c24-56a26de27150\.system_generated\steps\330\
	                   1	C:\Users\DannyGeminiAnti\.gemini\antigravity\brain\a1430475-85df-48ef-9c24-56a26de27150\.system_generated\steps\335\
	                   1	C:\Users\DannyGeminiAnti\.gemini\antigravity\brain\a1430475-85df-48ef-9c24-56a26de27150\.system_generated\steps\34\
	                   1	C:\Users\DannyGeminiAnti\.gemini\antigravity\brain\a1430475-85df-48ef-9c24-56a26de27150\.system_generated\steps\341\
	                   1	C:\Users\DannyGeminiAnti\.gemini\antigravity\brain\a1430475-85df-48ef-9c24-56a26de27150\.system_generated\steps\343\
	                   1	C:\Users\DannyGeminiAnti\.gemini\antigravity\brain\a1430475-85df-48ef-9c24-56a26de27150\.system_generated\steps\345\
	                   1	C:\Users\DannyGeminiAnti\.gemini\antigravity\brain\a1430475-85df-48ef-9c24-56a26de27150\.system_generated\steps\347\
	                   1	C:\Users\DannyGeminiAnti\.gemini\antigravity\brain\a1430475-85df-48ef-9c24-56a26de27150\.system_generated\steps\351\
	                   1	C:\Users\DannyGeminiAnti\.gemini\antigravity\brain\a1430475-85df-48ef-9c24-56a26de27150\.system_generated\steps\36\
	                   1	C:\Users\DannyGeminiAnti\.gemini\antigravity\brain\a1430475-85df-48ef-9c24-56a26de27150\.system_generated\steps\38\
	                   1	C:\Users\DannyGeminiAnti\.gemini\antigravity\brain\a1430475-85df-48ef-9c24-56a26de27150\.system_generated\steps\381\
	                   1	C:\Users\DannyGeminiAnti\.gemini\antigravity\brain\a1430475-85df-48ef-9c24-56a26de27150\.system_generated\steps\385\
	                   1	C:\Users\DannyGeminiAnti\.gemini\antigravity\brain\a1430475-85df-48ef-9c24-56a26de27150\.system_generated\steps\387\
	                   1	C:\Users\DannyGeminiAnti\.gemini\antigravity\brain\a1430475-85df-48ef-9c24-56a26de27150\.system_generated\steps\389\
	                   1	C:\Users\DannyGeminiAnti\.gemini\antigravity\brain\a1430475-85df-48ef-9c24-56a26de27150\.system_generated\steps\393\
	                   1	C:\Users\DannyGeminiAnti\.gemini\antigravity\brain\a1430475-85df-48ef-9c24-56a26de27150\.system_generated\steps\395\
	                   1	C:\Users\DannyGeminiAnti\.gemini\antigravity\brain\a1430475-85df-48ef-9c24-56a26de27150\.system_generated\steps\397\
	                   1	C:\Users\DannyGeminiAnti\.gemini\antigravity\brain\a1430475-85df-48ef-9c24-56a26de27150\.system_generated\steps\399\
	                   1	C:\Users\DannyGeminiAnti\.gemini\antigravity\brain\a1430475-85df-48ef-9c24-56a26de27150\.system_generated\steps\4\
	                   1	C:\Users\DannyGeminiAnti\.gemini\antigravity\brain\a1430475-85df-48ef-9c24-56a26de27150\.system_generated\steps\40\
	                   1	C:\Users\DannyGeminiAnti\.gemini\antigravity\brain\a1430475-85df-48ef-9c24-56a26de27150\.system_generated\steps\401\
	                   1	C:\Users\DannyGeminiAnti\.gemini\antigravity\brain\a1430475-85df-48ef-9c24-56a26de27150\.system_generated\steps\403\
	                   1	C:\Users\DannyGeminiAnti\.gemini\antigravity\brain\a1430475-85df-48ef-9c24-56a26de27150\.system_generated\steps\413\
	                   1	C:\Users\DannyGeminiAnti\.gemini\antigravity\brain\a1430475-85df-48ef-9c24-56a26de27150\.system_generated\steps\42\
	                   1	C:\Users\DannyGeminiAnti\.gemini\antigravity\brain\a1430475-85df-48ef-9c24-56a26de27150\.system_generated\steps\423\
	                   1	C:\Users\DannyGeminiAnti\.gemini\antigravity\brain\a1430475-85df-48ef-9c24-56a26de27150\.system_generated\steps\425\
	                   1	C:\Users\DannyGeminiAnti\.gemini\antigravity\brain\a1430475-85df-48ef-9c24-56a26de27150\.system_generated\steps\427\
	                   1	C:\Users\DannyGeminiAnti\.gemini\antigravity\brain\a1430475-85df-48ef-9c24-56a26de27150\.system_generated\steps\429\
	                   1	C:\Users\DannyGeminiAnti\.gemini\antigravity\brain\a1430475-85df-48ef-9c24-56a26de27150\.system_generated\steps\431\
	                   1	C:\Users\DannyGeminiAnti\.gemini\antigravity\brain\a1430475-85df-48ef-9c24-56a26de27150\.system_generated\steps\433\
	                   1	C:\Users\DannyGeminiAnti\.gemini\antigravity\brain\a1430475-85df-48ef-9c24-56a26de27150\.system_generated\steps\435\
	                   1	C:\Users\DannyGeminiAnti\.gemini\antigravity\brain\a1430475-85df-48ef-9c24-56a26de27150\.system_generated\steps\437\
	                   1	C:\Users\DannyGeminiAnti\.gemini\antigravity\brain\a1430475-85df-48ef-9c24-56a26de27150\.system_generated\steps\439\
	                   1	C:\Users\DannyGeminiAnti\.gemini\antigravity\brain\a1430475-85df-48ef-9c24-56a26de27150\.system_generated\steps\44\
	                   1	C:\Users\DannyGeminiAnti\.gemini\antigravity\brain\a1430475-85df-48ef-9c24-56a26de27150\.system_generated\steps\441\
	                   1	C:\Users\DannyGeminiAnti\.gemini\antigravity\brain\a1430475-85df-48ef-9c24-56a26de27150\.system_generated\steps\443\
	                   1	C:\Users\DannyGeminiAnti\.gemini\antigravity\brain\a1430475-85df-48ef-9c24-56a26de27150\.system_generated\steps\445\
	                   1	C:\Users\DannyGeminiAnti\.gemini\antigravity\brain\a1430475-85df-48ef-9c24-56a26de27150\.system_generated\steps\447\
	                   1	C:\Users\DannyGeminiAnti\.gemini\antigravity\brain\a1430475-85df-48ef-9c24-56a26de27150\.system_generated\steps\449\
	                   1	C:\Users\DannyGeminiAnti\.gemini\antigravity\brain\a1430475-85df-48ef-9c24-56a26de27150\.system_generated\steps\451\
	                   1	C:\Users\DannyGeminiAnti\.gemini\antigravity\brain\a1430475-85df-48ef-9c24-56a26de27150\.system_generated\steps\454\
	                   1	C:\Users\DannyGeminiAnti\.gemini\antigravity\brain\a1430475-85df-48ef-9c24-56a26de27150\.system_generated\steps\457\
	                   1	C:\Users\DannyGeminiAnti\.gemini\antigravity\brain\a1430475-85df-48ef-9c24-56a26de27150\.system_generated\steps\46\
	                   1	C:\Users\DannyGeminiAnti\.gemini\antigravity\brain\a1430475-85df-48ef-9c24-56a26de27150\.system_generated\steps\460\
	                   1	C:\Users\DannyGeminiAnti\.gemini\antigravity\brain\a1430475-85df-48ef-9c24-56a26de27150\.system_generated\steps\464\
	                   1	C:\Users\DannyGeminiAnti\.gemini\antigravity\brain\a1430475-85df-48ef-9c24-56a26de27150\.system_generated\steps\466\
	                   1	C:\Users\DannyGeminiAnti\.gemini\antigravity\brain\a1430475-85df-48ef-9c24-56a26de27150\.system_generated\steps\468\
	                   1	C:\Users\DannyGeminiAnti\.gemini\antigravity\brain\a1430475-85df-48ef-9c24-56a26de27150\.system_generated\steps\470\
	                   1	C:\Users\DannyGeminiAnti\.gemini\antigravity\brain\a1430475-85df-48ef-9c24-56a26de27150\.system_generated\steps\472\
	                   1	C:\Users\DannyGeminiAnti\.gemini\antigravity\brain\a1430475-85df-48ef-9c24-56a26de27150\.system_generated\steps\474\
	                   1	C:\Users\DannyGeminiAnti\.gemini\antigravity\brain\a1430475-85df-48ef-9c24-56a26de27150\.system_generated\steps\476\
	                   1	C:\Users\DannyGeminiAnti\.gemini\antigravity\brain\a1430475-85df-48ef-9c24-56a26de27150\.system_generated\steps\48\
	                   1	C:\Users\DannyGeminiAnti\.gemini\antigravity\brain\a1430475-85df-48ef-9c24-56a26de27150\.system_generated\steps\485\
	                   1	C:\Users\DannyGeminiAnti\.gemini\antigravity\brain\a1430475-85df-48ef-9c24-56a26de27150\.system_generated\steps\487\
	                   1	C:\Users\DannyGeminiAnti\.gemini\antigravity\brain\a1430475-85df-48ef-9c24-56a26de27150\.system_generated\steps\489\
	  New Dir          1	C:\Users\DannyGeminiAnti\.gemini\antigravity\brain\a1430475-85df-48ef-9c24-56a26de27150\.system_generated\steps\496\
	    New File  		      27	output.txt
	                   1	C:\Users\DannyGeminiAnti\.gemini\antigravity\brain\a1430475-85df-48ef-9c24-56a26de27150\.system_generated\steps\50\
	  New Dir          1	C:\Users\DannyGeminiAnti\.gemini\antigravity\brain\a1430475-85df-48ef-9c24-56a26de27150\.system_generated\steps\505\
	    New File  		     670	output.txt
	  New Dir          2	C:\Users\DannyGeminiAnti\.gemini\antigravity\brain\a1430475-85df-48ef-9c24-56a26de27150\.system_generated\steps\519\
	    New File  		   71226	content.md
	    New File  		     347	output.txt
	                   1	C:\Users\DannyGeminiAnti\.gemini\antigravity\brain\a1430475-85df-48ef-9c24-56a26de27150\.system_generated\steps\52\
	  New Dir          1	C:\Users\DannyGeminiAnti\.gemini\antigravity\brain\a1430475-85df-48ef-9c24-56a26de27150\.system_generated\steps\527\
	    New File  		    1949	output.txt
	                   1	C:\Users\DannyGeminiAnti\.gemini\antigravity\brain\a1430475-85df-48ef-9c24-56a26de27150\.system_generated\steps\54\
	  New Dir          1	C:\Users\DannyGeminiAnti\.gemini\antigravity\brain\a1430475-85df-48ef-9c24-56a26de27150\.system_generated\steps\546\
	    New File  		     677	output.txt
	  New Dir          1	C:\Users\DannyGeminiAnti\.gemini\antigravity\brain\a1430475-85df-48ef-9c24-56a26de27150\.system_generated\steps\548\
	    New File  		     776	output.txt
	  New Dir          1	C:\Users\DannyGeminiAnti\.gemini\antigravity\brain\a1430475-85df-48ef-9c24-56a26de27150\.system_generated\steps\550\
	    New File  		    2217	output.txt
	  New Dir          1	C:\Users\DannyGeminiAnti\.gemini\antigravity\brain\a1430475-85df-48ef-9c24-56a26de27150\.system_generated\steps\552\
	    New File  		     957	output.txt
	  New Dir          1	C:\Users\DannyGeminiAnti\.gemini\antigravity\brain\a1430475-85df-48ef-9c24-56a26de27150\.system_generated\steps\554\
	    New File  		    1128	output.txt
	  New Dir          1	C:\Users\DannyGeminiAnti\.gemini\antigravity\brain\a1430475-85df-48ef-9c24-56a26de27150\.system_generated\steps\556\
	    New File  		     695	output.txt
	  New Dir          1	C:\Users\DannyGeminiAnti\.gemini\antigravity\brain\a1430475-85df-48ef-9c24-56a26de27150\.system_generated\steps\558\
	    New File  		    1083	output.txt
	                   1	C:\Users\DannyGeminiAnti\.gemini\antigravity\brain\a1430475-85df-48ef-9c24-56a26de27150\.system_generated\steps\56\
	  New Dir          1	C:\Users\DannyGeminiAnti\.gemini\antigravity\brain\a1430475-85df-48ef-9c24-56a26de27150\.system_generated\steps\560\
	    New File  		    1623	output.txt
	  New Dir          1	C:\Users\DannyGeminiAnti\.gemini\antigravity\brain\a1430475-85df-48ef-9c24-56a26de27150\.system_generated\steps\562\
	    New File  		     874	output.txt
	  New Dir          1	C:\Users\DannyGeminiAnti\.gemini\antigravity\brain\a1430475-85df-48ef-9c24-56a26de27150\.system_generated\steps\564\
	    New File  		     241	output.txt
	  New Dir          1	C:\Users\DannyGeminiAnti\.gemini\antigravity\brain\a1430475-85df-48ef-9c24-56a26de27150\.system_generated\steps\566\
	    New File  		      51	output.txt
	  New Dir          1	C:\Users\DannyGeminiAnti\.gemini\antigravity\brain\a1430475-85df-48ef-9c24-56a26de27150\.system_generated\steps\574\
	    New File  		    1050	output.txt
	  New Dir          1	C:\Users\DannyGeminiAnti\.gemini\antigravity\brain\a1430475-85df-48ef-9c24-56a26de27150\.system_generated\steps\576\
	    New File  		    1185	output.txt
	                   1	C:\Users\DannyGeminiAnti\.gemini\antigravity\brain\a1430475-85df-48ef-9c24-56a26de27150\.system_generated\steps\58\
	  New Dir          1	C:\Users\DannyGeminiAnti\.gemini\antigravity\brain\a1430475-85df-48ef-9c24-56a26de27150\.system_generated\steps\580\
	    New File  		    5813	output.txt
	  New Dir          1	C:\Users\DannyGeminiAnti\.gemini\antigravity\brain\a1430475-85df-48ef-9c24-56a26de27150\.system_generated\steps\582\
	    New File  		     815	output.txt
	  New Dir          1	C:\Users\DannyGeminiAnti\.gemini\antigravity\brain\a1430475-85df-48ef-9c24-56a26de27150\.system_generated\steps\587\
	    New File  		      51	output.txt
	                   1	C:\Users\DannyGeminiAnti\.gemini\antigravity\brain\a1430475-85df-48ef-9c24-56a26de27150\.system_generated\steps\6\
	                   1	C:\Users\DannyGeminiAnti\.gemini\antigravity\brain\a1430475-85df-48ef-9c24-56a26de27150\.system_generated\steps\61\
	                   1	C:\Users\DannyGeminiAnti\.gemini\antigravity\brain\a1430475-85df-48ef-9c24-56a26de27150\.system_generated\steps\63\
	                   1	C:\Users\DannyGeminiAnti\.gemini\antigravity\brain\a1430475-85df-48ef-9c24-56a26de27150\.system_generated\steps\65\
	                   1	C:\Users\DannyGeminiAnti\.gemini\antigravity\brain\a1430475-85df-48ef-9c24-56a26de27150\.system_generated\steps\68\
	                   1	C:\Users\DannyGeminiAnti\.gemini\antigravity\brain\a1430475-85df-48ef-9c24-56a26de27150\.system_generated\steps\70\
	                   1	C:\Users\DannyGeminiAnti\.gemini\antigravity\brain\a1430475-85df-48ef-9c24-56a26de27150\.system_generated\steps\72\
	                   1	C:\Users\DannyGeminiAnti\.gemini\antigravity\brain\a1430475-85df-48ef-9c24-56a26de27150\.system_generated\steps\74\
	                   1	C:\Users\DannyGeminiAnti\.gemini\antigravity\brain\a1430475-85df-48ef-9c24-56a26de27150\.system_generated\steps\76\
	                   1	C:\Users\DannyGeminiAnti\.gemini\antigravity\brain\a1430475-85df-48ef-9c24-56a26de27150\.system_generated\steps\78\
	                   1	C:\Users\DannyGeminiAnti\.gemini\antigravity\brain\a1430475-85df-48ef-9c24-56a26de27150\.system_generated\steps\8\
	                   1	C:\Users\DannyGeminiAnti\.gemini\antigravity\brain\a1430475-85df-48ef-9c24-56a26de27150\.system_generated\steps\80\
	                   1	C:\Users\DannyGeminiAnti\.gemini\antigravity\brain\a1430475-85df-48ef-9c24-56a26de27150\.system_generated\steps\82\
	                   1	C:\Users\DannyGeminiAnti\.gemini\antigravity\brain\a1430475-85df-48ef-9c24-56a26de27150\.system_generated\steps\84\
	                   1	C:\Users\DannyGeminiAnti\.gemini\antigravity\brain\a1430475-85df-48ef-9c24-56a26de27150\.system_generated\steps\86\
	                   1	C:\Users\DannyGeminiAnti\.gemini\antigravity\brain\a1430475-85df-48ef-9c24-56a26de27150\.system_generated\steps\88\
	                   1	C:\Users\DannyGeminiAnti\.gemini\antigravity\brain\a1430475-85df-48ef-9c24-56a26de27150\.system_generated\steps\90\
	                   1	C:\Users\DannyGeminiAnti\.gemini\antigravity\brain\a1430475-85df-48ef-9c24-56a26de27150\.system_generated\steps\92\
	                   1	C:\Users\DannyGeminiAnti\.gemini\antigravity\brain\a1430475-85df-48ef-9c24-56a26de27150\.system_generated\steps\94\
	                   1	C:\Users\DannyGeminiAnti\.gemini\antigravity\brain\a1430475-85df-48ef-9c24-56a26de27150\.system_generated\steps\97\
	                   1	C:\Users\DannyGeminiAnti\.gemini\antigravity\brain\a1430475-85df-48ef-9c24-56a26de27150\.system_generated\steps\99\
	                   0	C:\Users\DannyGeminiAnti\.gemini\antigravity\brain\a1430475-85df-48ef-9c24-56a26de27150\.user_uploaded\
	                   6	C:\Users\DannyGeminiAnti\.gemini\antigravity\brain\a9e1a503-bcef-4103-9c94-ab351d543298\
	                   0	C:\Users\DannyGeminiAnti\.gemini\antigravity\brain\a9e1a503-bcef-4103-9c94-ab351d543298\.system_generated\
	                   2	C:\Users\DannyGeminiAnti\.gemini\antigravity\brain\a9e1a503-bcef-4103-9c94-ab351d543298\.system_generated\logs\
	                   0	C:\Users\DannyGeminiAnti\.gemini\antigravity\brain\a9e1a503-bcef-4103-9c94-ab351d543298\.system_generated\logs\chunks\
	                  43	C:\Users\DannyGeminiAnti\.gemini\antigravity\brain\a9e1a503-bcef-4103-9c94-ab351d543298\.system_generated\logs\chunks\transcript\
	                  55	C:\Users\DannyGeminiAnti\.gemini\antigravity\brain\a9e1a503-bcef-4103-9c94-ab351d543298\.system_generated\logs\chunks\transcript_full\
	                 142	C:\Users\DannyGeminiAnti\.gemini\antigravity\brain\a9e1a503-bcef-4103-9c94-ab351d543298\.system_generated\messages\
	                   0	C:\Users\DannyGeminiAnti\.gemini\antigravity\brain\a9e1a503-bcef-4103-9c94-ab351d543298\.system_generated\messages\undelivered\
	                   0	C:\Users\DannyGeminiAnti\.gemini\antigravity\brain\a9e1a503-bcef-4103-9c94-ab351d543298\.system_generated\steps\
	                   1	C:\Users\DannyGeminiAnti\.gemini\antigravity\brain\a9e1a503-bcef-4103-9c94-ab351d543298\.system_generated\steps\100\
	                   1	C:\Users\DannyGeminiAnti\.gemini\antigravity\brain\a9e1a503-bcef-4103-9c94-ab351d543298\.system_generated\steps\1000\
	                   1	C:\Users\DannyGeminiAnti\.gemini\antigravity\brain\a9e1a503-bcef-4103-9c94-ab351d543298\.system_generated\steps\1002\
	                   1	C:\Users\DannyGeminiAnti\.gemini\antigravity\brain\a9e1a503-bcef-4103-9c94-ab351d543298\.system_generated\steps\1004\
	                   1	C:\Users\DannyGeminiAnti\.gemini\antigravity\brain\a9e1a503-bcef-4103-9c94-ab351d543298\.system_generated\steps\1006\
	                   1	C:\Users\DannyGeminiAnti\.gemini\antigravity\brain\a9e1a503-bcef-4103-9c94-ab351d543298\.system_generated\steps\1008\
	                   1	C:\Users\DannyGeminiAnti\.gemini\antigravity\brain\a9e1a503-bcef-4103-9c94-ab351d543298\.system_generated\steps\1010\
	                   1	C:\Users\DannyGeminiAnti\.gemini\antigravity\brain\a9e1a503-bcef-4103-9c94-ab351d543298\.system_generated\steps\1012\
	                   1	C:\Users\DannyGeminiAnti\.gemini\antigravity\brain\a9e1a503-bcef-4103-9c94-ab351d543298\.system_generated\steps\1014\
	                   1	C:\Users\DannyGeminiAnti\.gemini\antigravity\brain\a9e1a503-bcef-4103-9c94-ab351d543298\.system_generated\steps\1016\
	                   1	C:\Users\DannyGeminiAnti\.gemini\antigravity\brain\a9e1a503-bcef-4103-9c94-ab351d543298\.system_generated\steps\1018\
	                   1	C:\Users\DannyGeminiAnti\.gemini\antigravity\brain\a9e1a503-bcef-4103-9c94-ab351d543298\.system_generated\steps\102\
	                   1	C:\Users\DannyGeminiAnti\.gemini\antigravity\brain\a9e1a503-bcef-4103-9c94-ab351d543298\.system_generated\steps\1020\
	                   1	C:\Users\DannyGeminiAnti\.gemini\antigravity\brain\a9e1a503-bcef-4103-9c94-ab351d543298\.system_generated\steps\1022\
	                   1	C:\Users\DannyGeminiAnti\.gemini\antigravity\brain\a9e1a503-bcef-4103-9c94-ab351d543298\.system_generated\steps\1024\
	                   1	C:\Users\DannyGeminiAnti\.gemini\antigravity\brain\a9e1a503-bcef-4103-9c94-ab351d543298\.system_generated\steps\1026\
	                   1	C:\Users\DannyGeminiAnti\.gemini\antigravity\brain\a9e1a503-bcef-4103-9c94-ab351d543298\.system_generated\steps\1028\
	                   1	C:\Users\DannyGeminiAnti\.gemini\antigravity\brain\a9e1a503-bcef-4103-9c94-ab351d543298\.system_generated\steps\1030\
	                   1	C:\Users\DannyGeminiAnti\.gemini\antigravity\brain\a9e1a503-bcef-4103-9c94-ab351d543298\.system_generated\steps\1035\
	                   1	C:\Users\DannyGeminiAnti\.gemini\antigravity\brain\a9e1a503-bcef-4103-9c94-ab351d543298\.system_generated\steps\1037\
	                   1	C:\Users\DannyGeminiAnti\.gemini\antigravity\brain\a9e1a503-bcef-4103-9c94-ab351d543298\.system_generated\steps\1039\
	                   1	C:\Users\DannyGeminiAnti\.gemini\antigravity\brain\a9e1a503-bcef-4103-9c94-ab351d543298\.system_generated\steps\104\
	                   1	C:\Users\DannyGeminiAnti\.gemini\antigravity\brain\a9e1a503-bcef-4103-9c94-ab351d543298\.system_generated\steps\1041\
	                   1	C:\Users\DannyGeminiAnti\.gemini\antigravity\brain\a9e1a503-bcef-4103-9c94-ab351d543298\.system_generated\steps\1043\
	                   1	C:\Users\DannyGeminiAnti\.gemini\antigravity\brain\a9e1a503-bcef-4103-9c94-ab351d543298\.system_generated\steps\1045\
	                   1	C:\Users\DannyGeminiAnti\.gemini\antigravity\brain\a9e1a503-bcef-4103-9c94-ab351d543298\.system_generated\steps\1047\
	                   1	C:\Users\DannyGeminiAnti\.gemini\antigravity\brain\a9e1a503-bcef-4103-9c94-ab351d543298\.system_generated\steps\1049\
	                   1	C:\Users\DannyGeminiAnti\.gemini\antigravity\brain\a9e1a503-bcef-4103-9c94-ab351d543298\.system_generated\steps\1051\
	                   1	C:\Users\DannyGeminiAnti\.gemini\antigravity\brain\a9e1a503-bcef-4103-9c94-ab351d543298\.system_generated\steps\1053\
	                   1	C:\Users\DannyGeminiAnti\.gemini\antigravity\brain\a9e1a503-bcef-4103-9c94-ab351d543298\.system_generated\steps\1055\
	                   1	C:\Users\DannyGeminiAnti\.gemini\antigravity\brain\a9e1a503-bcef-4103-9c94-ab351d543298\.system_generated\steps\1057\
	                   1	C:\Users\DannyGeminiAnti\.gemini\antigravity\brain\a9e1a503-bcef-4103-9c94-ab351d543298\.system_generated\steps\1059\
	                   1	C:\Users\DannyGeminiAnti\.gemini\antigravity\brain\a9e1a503-bcef-4103-9c94-ab351d543298\.system_generated\steps\1061\
	                   1	C:\Users\DannyGeminiAnti\.gemini\antigravity\brain\a9e1a503-bcef-4103-9c94-ab351d543298\.system_generated\steps\1063\
	                   1	C:\Users\DannyGeminiAnti\.gemini\antigravity\brain\a9e1a503-bcef-4103-9c94-ab351d543298\.system_generated\steps\1065\
	                   1	C:\Users\DannyGeminiAnti\.gemini\antigravity\brain\a9e1a503-bcef-4103-9c94-ab351d543298\.system_generated\steps\1067\
	                   1	C:\Users\DannyGeminiAnti\.gemini\antigravity\brain\a9e1a503-bcef-4103-9c94-ab351d543298\.system_generated\steps\1069\
	                   1	C:\Users\DannyGeminiAnti\.gemini\antigravity\brain\a9e1a503-bcef-4103-9c94-ab351d543298\.system_generated\steps\1071\
	                   1	C:\Users\DannyGeminiAnti\.gemini\antigravity\brain\a9e1a503-bcef-4103-9c94-ab351d543298\.system_generated\steps\1073\
	                   1	C:\Users\DannyGeminiAnti\.gemini\antigravity\brain\a9e1a503-bcef-4103-9c94-ab351d543298\.system_generated\steps\1075\
	                   1	C:\Users\DannyGeminiAnti\.gemini\antigravity\brain\a9e1a503-bcef-4103-9c94-ab351d543298\.system_generated\steps\1077\
	                   1	C:\Users\DannyGeminiAnti\.gemini\antigravity\brain\a9e1a503-bcef-4103-9c94-ab351d543298\.system_generated\steps\1080\
	                   1	C:\Users\DannyGeminiAnti\.gemini\antigravity\brain\a9e1a503-bcef-4103-9c94-ab351d543298\.system_generated\steps\1082\
	                   1	C:\Users\DannyGeminiAnti\.gemini\antigravity\brain\a9e1a503-bcef-4103-9c94-ab351d543298\.system_generated\steps\1084\
	                   1	C:\Users\DannyGeminiAnti\.gemini\antigravity\brain\a9e1a503-bcef-4103-9c94-ab351d543298\.system_generated\steps\1086\
	                   1	C:\Users\DannyGeminiAnti\.gemini\antigravity\brain\a9e1a503-bcef-4103-9c94-ab351d543298\.system_generated\steps\1088\
	                   1	C:\Users\DannyGeminiAnti\.gemini\antigravity\brain\a9e1a503-bcef-4103-9c94-ab351d543298\.system_generated\steps\1093\
	                   1	C:\Users\DannyGeminiAnti\.gemini\antigravity\brain\a9e1a503-bcef-4103-9c94-ab351d543298\.system_generated\steps\1095\
	                   1	C:\Users\DannyGeminiAnti\.gemini\antigravity\brain\a9e1a503-bcef-4103-9c94-ab351d543298\.system_generated\steps\1098\
	                   1	C:\Users\DannyGeminiAnti\.gemini\antigravity\brain\a9e1a503-bcef-4103-9c94-ab351d543298\.system_generated\steps\110\
	                   1	C:\Users\DannyGeminiAnti\.gemini\antigravity\brain\a9e1a503-bcef-4103-9c94-ab351d543298\.system_generated\steps\1100\
	                   1	C:\Users\DannyGeminiAnti\.gemini\antigravity\brain\a9e1a503-bcef-4103-9c94-ab351d543298\.system_generated\steps\1102\
	                   1	C:\Users\DannyGeminiAnti\.gemini\antigravity\brain\a9e1a503-bcef-4103-9c94-ab351d543298\.system_generated\steps\1104\
	                   1	C:\Users\DannyGeminiAnti\.gemini\antigravity\brain\a9e1a503-bcef-4103-9c94-ab351d543298\.system_generated\steps\1106\
	                   1	C:\Users\DannyGeminiAnti\.gemini\antigravity\brain\a9e1a503-bcef-4103-9c94-ab351d543298\.system_generated\steps\1110\
	                   1	C:\Users\DannyGeminiAnti\.gemini\antigravity\brain\a9e1a503-bcef-4103-9c94-ab351d543298\.system_generated\steps\1112\
	                   1	C:\Users\DannyGeminiAnti\.gemini\antigravity\brain\a9e1a503-bcef-4103-9c94-ab351d543298\.system_generated\steps\1114\
	                   1	C:\Users\DannyGeminiAnti\.gemini\antigravity\brain\a9e1a503-bcef-4103-9c94-ab351d543298\.system_generated\steps\1116\
	                   1	C:\Users\DannyGeminiAnti\.gemini\antigravity\brain\a9e1a503-bcef-4103-9c94-ab351d543298\.system_generated\steps\1118\
	                   1	C:\Users\DannyGeminiAnti\.gemini\antigravity\brain\a9e1a503-bcef-4103-9c94-ab351d543298\.system_generated\steps\112\
	                   1	C:\Users\DannyGeminiAnti\.gemini\antigravity\brain\a9e1a503-bcef-4103-9c94-ab351d543298\.system_generated\steps\1120\
	                   1	C:\Users\DannyGeminiAnti\.gemini\antigravity\brain\a9e1a503-bcef-4103-9c94-ab351d543298\.system_generated\steps\1122\
	                   1	C:\Users\DannyGeminiAnti\.gemini\antigravity\brain\a9e1a503-bcef-4103-9c94-ab351d543298\.system_generated\steps\1124\
	                   1	C:\Users\DannyGeminiAnti\.gemini\antigravity\brain\a9e1a503-bcef-4103-9c94-ab351d543298\.system_generated\steps\1126\
	                   1	C:\Users\DannyGeminiAnti\.gemini\antigravity\brain\a9e1a503-bcef-4103-9c94-ab351d543298\.system_generated\steps\1128\
	                   1	C:\Users\DannyGeminiAnti\.gemini\antigravity\brain\a9e1a503-bcef-4103-9c94-ab351d543298\.system_generated\steps\1130\
	                   1	C:\Users\DannyGeminiAnti\.gemini\antigravity\brain\a9e1a503-bcef-4103-9c94-ab351d543298\.system_generated\steps\1132\
	                   1	C:\Users\DannyGeminiAnti\.gemini\antigravity\brain\a9e1a503-bcef-4103-9c94-ab351d543298\.system_generated\steps\1134\
	                   1	C:\Users\DannyGeminiAnti\.gemini\antigravity\brain\a9e1a503-bcef-4103-9c94-ab351d543298\.system_generated\steps\1136\
	                   1	C:\Users\DannyGeminiAnti\.gemini\antigravity\brain\a9e1a503-bcef-4103-9c94-ab351d543298\.system_generated\steps\1139\
	                   1	C:\Users\DannyGeminiAnti\.gemini\antigravity\brain\a9e1a503-bcef-4103-9c94-ab351d543298\.system_generated\steps\114\
	                   1	C:\Users\DannyGeminiAnti\.gemini\antigravity\brain\a9e1a503-bcef-4103-9c94-ab351d543298\.system_generated\steps\1141\
	                   1	C:\Users\DannyGeminiAnti\.gemini\antigravity\brain\a9e1a503-bcef-4103-9c94-ab351d543298\.system_generated\steps\1143\
	                   1	C:\Users\DannyGeminiAnti\.gemini\antigravity\brain\a9e1a503-bcef-4103-9c94-ab351d543298\.system_generated\steps\1145\
	                   1	C:\Users\DannyGeminiAnti\.gemini\antigravity\brain\a9e1a503-bcef-4103-9c94-ab351d543298\.system_generated\steps\1147\
	                   1	C:\Users\DannyGeminiAnti\.gemini\antigravity\brain\a9e1a503-bcef-4103-9c94-ab351d543298\.system_generated\steps\1149\
	                   1	C:\Users\DannyGeminiAnti\.gemini\antigravity\brain\a9e1a503-bcef-4103-9c94-ab351d543298\.system_generated\steps\1154\
	                   1	C:\Users\DannyGeminiAnti\.gemini\antigravity\brain\a9e1a503-bcef-4103-9c94-ab351d543298\.system_generated\steps\1156\
	                   1	C:\Users\DannyGeminiAnti\.gemini\antigravity\brain\a9e1a503-bcef-4103-9c94-ab351d543298\.system_generated\steps\1158\
	                   1	C:\Users\DannyGeminiAnti\.gemini\antigravity\brain\a9e1a503-bcef-4103-9c94-ab351d543298\.system_generated\steps\116\
	                   1	C:\Users\DannyGeminiAnti\.gemini\antigravity\brain\a9e1a503-bcef-4103-9c94-ab351d543298\.system_generated\steps\1160\
	                   1	C:\Users\DannyGeminiAnti\.gemini\antigravity\brain\a9e1a503-bcef-4103-9c94-ab351d543298\.system_generated\steps\1162\
	                   1	C:\Users\DannyGeminiAnti\.gemini\antigravity\brain\a9e1a503-bcef-4103-9c94-ab351d543298\.system_generated\steps\1164\
	                   1	C:\Users\DannyGeminiAnti\.gemini\antigravity\brain\a9e1a503-bcef-4103-9c94-ab351d543298\.system_generated\steps\1166\
	                   1	C:\Users\DannyGeminiAnti\.gemini\antigravity\brain\a9e1a503-bcef-4103-9c94-ab351d543298\.system_generated\steps\1168\
	                   1	C:\Users\DannyGeminiAnti\.gemini\antigravity\brain\a9e1a503-bcef-4103-9c94-ab351d543298\.system_generated\steps\1170\
	                   1	C:\Users\DannyGeminiAnti\.gemini\antigravity\brain\a9e1a503-bcef-4103-9c94-ab351d543298\.system_generated\steps\1172\
	                   1	C:\Users\DannyGeminiAnti\.gemini\antigravity\brain\a9e1a503-bcef-4103-9c94-ab351d543298\.system_generated\steps\1174\
	                   1	C:\Users\DannyGeminiAnti\.gemini\antigravity\brain\a9e1a503-bcef-4103-9c94-ab351d543298\.system_generated\steps\1176\
	                   1	C:\Users\DannyGeminiAnti\.gemini\antigravity\brain\a9e1a503-bcef-4103-9c94-ab351d543298\.system_generated\steps\1178\
	                   1	C:\Users\DannyGeminiAnti\.gemini\antigravity\brain\a9e1a503-bcef-4103-9c94-ab351d543298\.system_generated\steps\1180\
	                   1	C:\Users\DannyGeminiAnti\.gemini\antigravity\brain\a9e1a503-bcef-4103-9c94-ab351d543298\.system_generated\steps\1182\
	                   1	C:\Users\DannyGeminiAnti\.gemini\antigravity\brain\a9e1a503-bcef-4103-9c94-ab351d543298\.system_generated\steps\1184\
	                   1	C:\Users\DannyGeminiAnti\.gemini\antigravity\brain\a9e1a503-bcef-4103-9c94-ab351d543298\.system_generated\steps\1186\
	                   1	C:\Users\DannyGeminiAnti\.gemini\antigravity\brain\a9e1a503-bcef-4103-9c94-ab351d543298\.system_generated\steps\1188\
	                   1	C:\Users\DannyGeminiAnti\.gemini\antigravity\brain\a9e1a503-bcef-4103-9c94-ab351d543298\.system_generated\steps\1190\
	                   1	C:\Users\DannyGeminiAnti\.gemini\antigravity\brain\a9e1a503-bcef-4103-9c94-ab351d543298\.system_generated\steps\1192\
	                   1	C:\Users\DannyGeminiAnti\.gemini\antigravity\brain\a9e1a503-bcef-4103-9c94-ab351d543298\.system_generated\steps\1194\
	                   1	C:\Users\DannyGeminiAnti\.gemini\antigravity\brain\a9e1a503-bcef-4103-9c94-ab351d543298\.system_generated\steps\1196\
	                   1	C:\Users\DannyGeminiAnti\.gemini\antigravity\brain\a9e1a503-bcef-4103-9c94-ab351d543298\.system_generated\steps\1198\
	                   1	C:\Users\DannyGeminiAnti\.gemini\antigravity\brain\a9e1a503-bcef-4103-9c94-ab351d543298\.system_generated\steps\120\
	                   1	C:\Users\DannyGeminiAnti\.gemini\antigravity\brain\a9e1a503-bcef-4103-9c94-ab351d543298\.system_generated\steps\1200\
	                   1	C:\Users\DannyGeminiAnti\.gemini\antigravity\brain\a9e1a503-bcef-4103-9c94-ab351d543298\.system_generated\steps\1202\
	                   1	C:\Users\DannyGeminiAnti\.gemini\antigravity\brain\a9e1a503-bcef-4103-9c94-ab351d543298\.system_generated\steps\1204\
	                   1	C:\Users\DannyGeminiAnti\.gemini\antigravity\brain\a9e1a503-bcef-4103-9c94-ab351d543298\.system_generated\steps\1206\
	                   1	C:\Users\DannyGeminiAnti\.gemini\antigravity\brain\a9e1a503-bcef-4103-9c94-ab351d543298\.system_generated\steps\1208\
	                   1	C:\Users\DannyGeminiAnti\.gemini\antigravity\brain\a9e1a503-bcef-4103-9c94-ab351d543298\.system_generated\steps\1210\
	                   1	C:\Users\DannyGeminiAnti\.gemini\antigravity\brain\a9e1a503-bcef-4103-9c94-ab351d543298\.system_generated\steps\1212\
	                   1	C:\Users\DannyGeminiAnti\.gemini\antigravity\brain\a9e1a503-bcef-4103-9c94-ab351d543298\.system_generated\steps\1214\
	                   1	C:\Users\DannyGeminiAnti\.gemini\antigravity\brain\a9e1a503-bcef-4103-9c94-ab351d543298\.system_generated\steps\1216\
	                   1	C:\Users\DannyGeminiAnti\.gemini\antigravity\brain\a9e1a503-bcef-4103-9c94-ab351d543298\.system_generated\steps\122\
	                   1	C:\Users\DannyGeminiAnti\.gemini\antigravity\brain\a9e1a503-bcef-4103-9c94-ab351d543298\.system_generated\steps\1221\
	                   1	C:\Users\DannyGeminiAnti\.gemini\antigravity\brain\a9e1a503-bcef-4103-9c94-ab351d543298\.system_generated\steps\1224\
	                   1	C:\Users\DannyGeminiAnti\.gemini\antigravity\brain\a9e1a503-bcef-4103-9c94-ab351d543298\.system_generated\steps\1226\
	                   1	C:\Users\DannyGeminiAnti\.gemini\antigravity\brain\a9e1a503-bcef-4103-9c94-ab351d543298\.system_generated\steps\1228\
	                   1	C:\Users\DannyGeminiAnti\.gemini\antigravity\brain\a9e1a503-bcef-4103-9c94-ab351d543298\.system_generated\steps\1230\
	                   1	C:\Users\DannyGeminiAnti\.gemini\antigravity\brain\a9e1a503-bcef-4103-9c94-ab351d543298\.system_generated\steps\1232\
	                   1	C:\Users\DannyGeminiAnti\.gemini\antigravity\brain\a9e1a503-bcef-4103-9c94-ab351d543298\.system_generated\steps\1234\
	                   1	C:\Users\DannyGeminiAnti\.gemini\antigravity\brain\a9e1a503-bcef-4103-9c94-ab351d543298\.system_generated\steps\1236\
	                   1	C:\Users\DannyGeminiAnti\.gemini\antigravity\brain\a9e1a503-bcef-4103-9c94-ab351d543298\.system_generated\steps\1238\
	                   1	C:\Users\DannyGeminiAnti\.gemini\antigravity\brain\a9e1a503-bcef-4103-9c94-ab351d543298\.system_generated\steps\124\
	                   1	C:\Users\DannyGeminiAnti\.gemini\antigravity\brain\a9e1a503-bcef-4103-9c94-ab351d543298\.system_generated\steps\1240\
	                   1	C:\Users\DannyGeminiAnti\.gemini\antigravity\brain\a9e1a503-bcef-4103-9c94-ab351d543298\.system_generated\steps\1242\
	                   1	C:\Users\DannyGeminiAnti\.gemini\antigravity\brain\a9e1a503-bcef-4103-9c94-ab351d543298\.system_generated\steps\1244\
	                   1	C:\Users\DannyGeminiAnti\.gemini\antigravity\brain\a9e1a503-bcef-4103-9c94-ab351d543298\.system_generated\steps\1246\
	                   1	C:\Users\DannyGeminiAnti\.gemini\antigravity\brain\a9e1a503-bcef-4103-9c94-ab351d543298\.system_generated\steps\1248\
	                   1	C:\Users\DannyGeminiAnti\.gemini\antigravity\brain\a9e1a503-bcef-4103-9c94-ab351d543298\.system_generated\steps\1250\
	                   1	C:\Users\DannyGeminiAnti\.gemini\antigravity\brain\a9e1a503-bcef-4103-9c94-ab351d543298\.system_generated\steps\1252\
	                   1	C:\Users\DannyGeminiAnti\.gemini\antigravity\brain\a9e1a503-bcef-4103-9c94-ab351d543298\.system_generated\steps\1254\
	                   1	C:\Users\DannyGeminiAnti\.gemini\antigravity\brain\a9e1a503-bcef-4103-9c94-ab351d543298\.system_generated\steps\1256\
	                   1	C:\Users\DannyGeminiAnti\.gemini\antigravity\brain\a9e1a503-bcef-4103-9c94-ab351d543298\.system_generated\steps\1258\
	                   1	C:\Users\DannyGeminiAnti\.gemini\antigravity\brain\a9e1a503-bcef-4103-9c94-ab351d543298\.system_generated\steps\126\
	                   1	C:\Users\DannyGeminiAnti\.gemini\antigravity\brain\a9e1a503-bcef-4103-9c94-ab351d543298\.system_generated\steps\1260\
	                   1	C:\Users\DannyGeminiAnti\.gemini\antigravity\brain\a9e1a503-bcef-4103-9c94-ab351d543298\.system_generated\steps\1263\
	                   1	C:\Users\DannyGeminiAnti\.gemini\antigravity\brain\a9e1a503-bcef-4103-9c94-ab351d543298\.system_generated\steps\1265\
	                   1	C:\Users\DannyGeminiAnti\.gemini\antigravity\brain\a9e1a503-bcef-4103-9c94-ab351d543298\.system_generated\steps\1267\
	                   1	C:\Users\DannyGeminiAnti\.gemini\antigravity\brain\a9e1a503-bcef-4103-9c94-ab351d543298\.system_generated\steps\1269\
	                   1	C:\Users\DannyGeminiAnti\.gemini\antigravity\brain\a9e1a503-bcef-4103-9c94-ab351d543298\.system_generated\steps\1271\
	                   1	C:\Users\DannyGeminiAnti\.gemini\antigravity\brain\a9e1a503-bcef-4103-9c94-ab351d543298\.system_generated\steps\1273\
	                   1	C:\Users\DannyGeminiAnti\.gemini\antigravity\brain\a9e1a503-bcef-4103-9c94-ab351d543298\.system_generated\steps\1275\
	                   1	C:\Users\DannyGeminiAnti\.gemini\antigravity\brain\a9e1a503-bcef-4103-9c94-ab351d543298\.system_generated\steps\1277\
	                   1	C:\Users\DannyGeminiAnti\.gemini\antigravity\brain\a9e1a503-bcef-4103-9c94-ab351d543298\.system_generated\steps\1279\
	                   1	C:\Users\DannyGeminiAnti\.gemini\antigravity\brain\a9e1a503-bcef-4103-9c94-ab351d543298\.system_generated\steps\1281\
	                   1	C:\Users\DannyGeminiAnti\.gemini\antigravity\brain\a9e1a503-bcef-4103-9c94-ab351d543298\.system_generated\steps\1283\
	                   1	C:\Users\DannyGeminiAnti\.gemini\antigravity\brain\a9e1a503-bcef-4103-9c94-ab351d543298\.system_generated\steps\1285\
	                   1	C:\Users\DannyGeminiAnti\.gemini\antigravity\brain\a9e1a503-bcef-4103-9c94-ab351d543298\.system_generated\steps\1287\
	                   1	C:\Users\DannyGeminiAnti\.gemini\antigravity\brain\a9e1a503-bcef-4103-9c94-ab351d543298\.system_generated\steps\1292\
	                   1	C:\Users\DannyGeminiAnti\.gemini\antigravity\brain\a9e1a503-bcef-4103-9c94-ab351d543298\.system_generated\steps\1294\
	                   1	C:\Users\DannyGeminiAnti\.gemini\antigravity\brain\a9e1a503-bcef-4103-9c94-ab351d543298\.system_generated\steps\1296\
	                   1	C:\Users\DannyGeminiAnti\.gemini\antigravity\brain\a9e1a503-bcef-4103-9c94-ab351d543298\.system_generated\steps\1298\
	                   1	C:\Users\DannyGeminiAnti\.gemini\antigravity\brain\a9e1a503-bcef-4103-9c94-ab351d543298\.system_generated\steps\1300\
	                   1	C:\Users\DannyGeminiAnti\.gemini\antigravity\brain\a9e1a503-bcef-4103-9c94-ab351d543298\.system_generated\steps\1302\
	                   1	C:\Users\DannyGeminiAnti\.gemini\antigravity\brain\a9e1a503-bcef-4103-9c94-ab351d543298\.system_generated\steps\1304\
	                   1	C:\Users\DannyGeminiAnti\.gemini\antigravity\brain\a9e1a503-bcef-4103-9c94-ab351d543298\.system_generated\steps\1306\
	                   1	C:\Users\DannyGeminiAnti\.gemini\antigravity\brain\a9e1a503-bcef-4103-9c94-ab351d543298\.system_generated\steps\1308\
	                   1	C:\Users\DannyGeminiAnti\.gemini\antigravity\brain\a9e1a503-bcef-4103-9c94-ab351d543298\.system_generated\steps\1310\
	                   1	C:\Users\DannyGeminiAnti\.gemini\antigravity\brain\a9e1a503-bcef-4103-9c94-ab351d543298\.system_generated\steps\1312\
	                   1	C:\Users\DannyGeminiAnti\.gemini\antigravity\brain\a9e1a503-bcef-4103-9c94-ab351d543298\.system_generated\steps\1314\
	                   1	C:\Users\DannyGeminiAnti\.gemini\antigravity\brain\a9e1a503-bcef-4103-9c94-ab351d543298\.system_generated\steps\1316\
	                   1	C:\Users\DannyGeminiAnti\.gemini\antigravity\brain\a9e1a503-bcef-4103-9c94-ab351d543298\.system_generated\steps\1318\
	                   1	C:\Users\DannyGeminiAnti\.gemini\antigravity\brain\a9e1a503-bcef-4103-9c94-ab351d543298\.system_generated\steps\132\
	                   1	C:\Users\DannyGeminiAnti\.gemini\antigravity\brain\a9e1a503-bcef-4103-9c94-ab351d543298\.system_generated\steps\1323\
	                   1	C:\Users\DannyGeminiAnti\.gemini\antigravity\brain\a9e1a503-bcef-4103-9c94-ab351d543298\.system_generated\steps\1325\
	                   1	C:\Users\DannyGeminiAnti\.gemini\antigravity\brain\a9e1a503-bcef-4103-9c94-ab351d543298\.system_generated\steps\1327\
	                   1	C:\Users\DannyGeminiAnti\.gemini\antigravity\brain\a9e1a503-bcef-4103-9c94-ab351d543298\.system_generated\steps\1331\
	                   1	C:\Users\DannyGeminiAnti\.gemini\antigravity\brain\a9e1a503-bcef-4103-9c94-ab351d543298\.system_generated\steps\1333\
	                   1	C:\Users\DannyGeminiAnti\.gemini\antigravity\brain\a9e1a503-bcef-4103-9c94-ab351d543298\.system_generated\steps\1335\
	                   1	C:\Users\DannyGeminiAnti\.gemini\antigravity\brain\a9e1a503-bcef-4103-9c94-ab351d543298\.system_generated\steps\1338\
	                   1	C:\Users\DannyGeminiAnti\.gemini\antigravity\brain\a9e1a503-bcef-4103-9c94-ab351d543298\.system_generated\steps\134\
	                   1	C:\Users\DannyGeminiAnti\.gemini\antigravity\brain\a9e1a503-bcef-4103-9c94-ab351d543298\.system_generated\steps\1340\
	                   1	C:\Users\DannyGeminiAnti\.gemini\antigravity\brain\a9e1a503-bcef-4103-9c94-ab351d543298\.system_generated\steps\1342\
	                   1	C:\Users\DannyGeminiAnti\.gemini\antigravity\brain\a9e1a503-bcef-4103-9c94-ab351d543298\.system_generated\steps\1344\
	                   1	C:\Users\DannyGeminiAnti\.gemini\antigravity\brain\a9e1a503-bcef-4103-9c94-ab351d543298\.system_generated\steps\1346\
	                   1	C:\Users\DannyGeminiAnti\.gemini\antigravity\brain\a9e1a503-bcef-4103-9c94-ab351d543298\.system_generated\steps\1348\
	                   1	C:\Users\DannyGeminiAnti\.gemini\antigravity\brain\a9e1a503-bcef-4103-9c94-ab351d543298\.system_generated\steps\1350\
	                   1	C:\Users\DannyGeminiAnti\.gemini\antigravity\brain\a9e1a503-bcef-4103-9c94-ab351d543298\.system_generated\steps\1352\
	                   1	C:\Users\DannyGeminiAnti\.gemini\antigravity\brain\a9e1a503-bcef-4103-9c94-ab351d543298\.system_generated\steps\1354\
	                   1	C:\Users\DannyGeminiAnti\.gemini\antigravity\brain\a9e1a503-bcef-4103-9c94-ab351d543298\.system_generated\steps\1356\
	                   1	C:\Users\DannyGeminiAnti\.gemini\antigravity\brain\a9e1a503-bcef-4103-9c94-ab351d543298\.system_generated\steps\1358\
	                   1	C:\Users\DannyGeminiAnti\.gemini\antigravity\brain\a9e1a503-bcef-4103-9c94-ab351d543298\.system_generated\steps\136\
	                   1	C:\Users\DannyGeminiAnti\.gemini\antigravity\brain\a9e1a503-bcef-4103-9c94-ab351d543298\.system_generated\steps\1360\
	                   1	C:\Users\DannyGeminiAnti\.gemini\antigravity\brain\a9e1a503-bcef-4103-9c94-ab351d543298\.system_generated\steps\1365\
	                   1	C:\Users\DannyGeminiAnti\.gemini\antigravity\brain\a9e1a503-bcef-4103-9c94-ab351d543298\.system_generated\steps\1367\
	                   1	C:\Users\DannyGeminiAnti\.gemini\antigravity\brain\a9e1a503-bcef-4103-9c94-ab351d543298\.system_generated\steps\1369\
	                   1	C:\Users\DannyGeminiAnti\.gemini\antigravity\brain\a9e1a503-bcef-4103-9c94-ab351d543298\.system_generated\steps\1373\
	                   1	C:\Users\DannyGeminiAnti\.gemini\antigravity\brain\a9e1a503-bcef-4103-9c94-ab351d543298\.system_generated\steps\1375\
	                   1	C:\Users\DannyGeminiAnti\.gemini\antigravity\brain\a9e1a503-bcef-4103-9c94-ab351d543298\.system_generated\steps\1377\
	                   1	C:\Users\DannyGeminiAnti\.gemini\antigravity\brain\a9e1a503-bcef-4103-9c94-ab351d543298\.system_generated\steps\1379\
	                   1	C:\Users\DannyGeminiAnti\.gemini\antigravity\brain\a9e1a503-bcef-4103-9c94-ab351d543298\.system_generated\steps\138\
	                   1	C:\Users\DannyGeminiAnti\.gemini\antigravity\brain\a9e1a503-bcef-4103-9c94-ab351d543298\.system_generated\steps\1381\
	                   1	C:\Users\DannyGeminiAnti\.gemini\antigravity\brain\a9e1a503-bcef-4103-9c94-ab351d543298\.system_generated\steps\1383\
	                   1	C:\Users\DannyGeminiAnti\.gemini\antigravity\brain\a9e1a503-bcef-4103-9c94-ab351d543298\.system_generated\steps\1385\
	                   1	C:\Users\DannyGeminiAnti\.gemini\antigravity\brain\a9e1a503-bcef-4103-9c94-ab351d543298\.system_generated\steps\1387\
	                   1	C:\Users\DannyGeminiAnti\.gemini\antigravity\brain\a9e1a503-bcef-4103-9c94-ab351d543298\.system_generated\steps\1389\
	                   1	C:\Users\DannyGeminiAnti\.gemini\antigravity\brain\a9e1a503-bcef-4103-9c94-ab351d543298\.system_generated\steps\1391\
	                   1	C:\Users\DannyGeminiAnti\.gemini\antigravity\brain\a9e1a503-bcef-4103-9c94-ab351d543298\.system_generated\steps\1393\
	                   1	C:\Users\DannyGeminiAnti\.gemini\antigravity\brain\a9e1a503-bcef-4103-9c94-ab351d543298\.system_generated\steps\14\
	                   1	C:\Users\DannyGeminiAnti\.gemini\antigravity\brain\a9e1a503-bcef-4103-9c94-ab351d543298\.system_generated\steps\140\
	                   1	C:\Users\DannyGeminiAnti\.gemini\antigravity\brain\a9e1a503-bcef-4103-9c94-ab351d543298\.system_generated\steps\1419\
	                   1	C:\Users\DannyGeminiAnti\.gemini\antigravity\brain\a9e1a503-bcef-4103-9c94-ab351d543298\.system_generated\steps\1421\
	                   1	C:\Users\DannyGeminiAnti\.gemini\antigravity\brain\a9e1a503-bcef-4103-9c94-ab351d543298\.system_generated\steps\1425\
	                   1	C:\Users\DannyGeminiAnti\.gemini\antigravity\brain\a9e1a503-bcef-4103-9c94-ab351d543298\.system_generated\steps\1427\
	                   1	C:\Users\DannyGeminiAnti\.gemini\antigravity\brain\a9e1a503-bcef-4103-9c94-ab351d543298\.system_generated\steps\1429\
	                   1	C:\Users\DannyGeminiAnti\.gemini\antigravity\brain\a9e1a503-bcef-4103-9c94-ab351d543298\.system_generated\steps\1431\
	                   1	C:\Users\DannyGeminiAnti\.gemini\antigravity\brain\a9e1a503-bcef-4103-9c94-ab351d543298\.system_generated\steps\1433\
	                   1	C:\Users\DannyGeminiAnti\.gemini\antigravity\brain\a9e1a503-bcef-4103-9c94-ab351d543298\.system_generated\steps\1435\
	                   1	C:\Users\DannyGeminiAnti\.gemini\antigravity\brain\a9e1a503-bcef-4103-9c94-ab351d543298\.system_generated\steps\1437\
	                   1	C:\Users\DannyGeminiAnti\.gemini\antigravity\brain\a9e1a503-bcef-4103-9c94-ab351d543298\.system_generated\steps\1439\
	                   1	C:\Users\DannyGeminiAnti\.gemini\antigravity\brain\a9e1a503-bcef-4103-9c94-ab351d543298\.system_generated\steps\1441\
	                   1	C:\Users\DannyGeminiAnti\.gemini\antigravity\brain\a9e1a503-bcef-4103-9c94-ab351d543298\.system_generated\steps\1443\
	                   1	C:\Users\DannyGeminiAnti\.gemini\antigravity\brain\a9e1a503-bcef-4103-9c94-ab351d543298\.system_generated\steps\1445\
	                   1	C:\Users\DannyGeminiAnti\.gemini\antigravity\brain\a9e1a503-bcef-4103-9c94-ab351d543298\.system_generated\steps\1447\
	                   1	C:\Users\DannyGeminiAnti\.gemini\antigravity\brain\a9e1a503-bcef-4103-9c94-ab351d543298\.system_generated\steps\1449\
	                   1	C:\Users\DannyGeminiAnti\.gemini\antigravity\brain\a9e1a503-bcef-4103-9c94-ab351d543298\.system_generated\steps\1451\
	                   1	C:\Users\DannyGeminiAnti\.gemini\antigravity\brain\a9e1a503-bcef-4103-9c94-ab351d543298\.system_generated\steps\1454\
	                   1	C:\Users\DannyGeminiAnti\.gemini\antigravity\brain\a9e1a503-bcef-4103-9c94-ab351d543298\.system_generated\steps\1456\
	                   1	C:\Users\DannyGeminiAnti\.gemini\antigravity\brain\a9e1a503-bcef-4103-9c94-ab351d543298\.system_generated\steps\1458\
	                   1	C:\Users\DannyGeminiAnti\.gemini\antigravity\brain\a9e1a503-bcef-4103-9c94-ab351d543298\.system_generated\steps\146\
	                   1	C:\Users\DannyGeminiAnti\.gemini\antigravity\brain\a9e1a503-bcef-4103-9c94-ab351d543298\.system_generated\steps\1460\
	                   1	C:\Users\DannyGeminiAnti\.gemini\antigravity\brain\a9e1a503-bcef-4103-9c94-ab351d543298\.system_generated\steps\1462\
	                   1	C:\Users\DannyGeminiAnti\.gemini\antigravity\brain\a9e1a503-bcef-4103-9c94-ab351d543298\.system_generated\steps\1464\
	                   1	C:\Users\DannyGeminiAnti\.gemini\antigravity\brain\a9e1a503-bcef-4103-9c94-ab351d543298\.system_generated\steps\1466\
	                   1	C:\Users\DannyGeminiAnti\.gemini\antigravity\brain\a9e1a503-bcef-4103-9c94-ab351d543298\.system_generated\steps\1468\
	                   1	C:\Users\DannyGeminiAnti\.gemini\antigravity\brain\a9e1a503-bcef-4103-9c94-ab351d543298\.system_generated\steps\1470\
	                   1	C:\Users\DannyGeminiAnti\.gemini\antigravity\brain\a9e1a503-bcef-4103-9c94-ab351d543298\.system_generated\steps\1472\
	                   1	C:\Users\DannyGeminiAnti\.gemini\antigravity\brain\a9e1a503-bcef-4103-9c94-ab351d543298\.system_generated\steps\1474\
	                   1	C:\Users\DannyGeminiAnti\.gemini\antigravity\brain\a9e1a503-bcef-4103-9c94-ab351d543298\.system_generated\steps\1476\
	                   1	C:\Users\DannyGeminiAnti\.gemini\antigravity\brain\a9e1a503-bcef-4103-9c94-ab351d543298\.system_generated\steps\1478\
	                   1	C:\Users\DannyGeminiAnti\.gemini\antigravity\brain\a9e1a503-bcef-4103-9c94-ab351d543298\.system_generated\steps\148\
	                   1	C:\Users\DannyGeminiAnti\.gemini\antigravity\brain\a9e1a503-bcef-4103-9c94-ab351d543298\.system_generated\steps\1480\
	                   1	C:\Users\DannyGeminiAnti\.gemini\antigravity\brain\a9e1a503-bcef-4103-9c94-ab351d543298\.system_generated\steps\1482\
	                   1	C:\Users\DannyGeminiAnti\.gemini\antigravity\brain\a9e1a503-bcef-4103-9c94-ab351d543298\.system_generated\steps\1484\
	                   1	C:\Users\DannyGeminiAnti\.gemini\antigravity\brain\a9e1a503-bcef-4103-9c94-ab351d543298\.system_generated\steps\1486\
	                   1	C:\Users\DannyGeminiAnti\.gemini\antigravity\brain\a9e1a503-bcef-4103-9c94-ab351d543298\.system_generated\steps\1488\
	                   1	C:\Users\DannyGeminiAnti\.gemini\antigravity\brain\a9e1a503-bcef-4103-9c94-ab351d543298\.system_generated\steps\1490\
	                   1	C:\Users\DannyGeminiAnti\.gemini\antigravity\brain\a9e1a503-bcef-4103-9c94-ab351d543298\.system_generated\steps\1492\
	                   1	C:\Users\DannyGeminiAnti\.gemini\antigravity\brain\a9e1a503-bcef-4103-9c94-ab351d543298\.system_generated\steps\1494\
	                   1	C:\Users\DannyGeminiAnti\.gemini\antigravity\brain\a9e1a503-bcef-4103-9c94-ab351d543298\.system_generated\steps\1496\
	                   1	C:\Users\DannyGeminiAnti\.gemini\antigravity\brain\a9e1a503-bcef-4103-9c94-ab351d543298\.system_generated\steps\1498\
	                   1	C:\Users\DannyGeminiAnti\.gemini\antigravity\brain\a9e1a503-bcef-4103-9c94-ab351d543298\.system_generated\steps\15\
	                   1	C:\Users\DannyGeminiAnti\.gemini\antigravity\brain\a9e1a503-bcef-4103-9c94-ab351d543298\.system_generated\steps\150\
	                   1	C:\Users\DannyGeminiAnti\.gemini\antigravity\brain\a9e1a503-bcef-4103-9c94-ab351d543298\.system_generated\steps\1500\
	                   1	C:\Users\DannyGeminiAnti\.gemini\antigravity\brain\a9e1a503-bcef-4103-9c94-ab351d543298\.system_generated\steps\1502\
	                   1	C:\Users\DannyGeminiAnti\.gemini\antigravity\brain\a9e1a503-bcef-4103-9c94-ab351d543298\.system_generated\steps\1504\
	                   1	C:\Users\DannyGeminiAnti\.gemini\antigravity\brain\a9e1a503-bcef-4103-9c94-ab351d543298\.system_generated\steps\1506\
	                   1	C:\Users\DannyGeminiAnti\.gemini\antigravity\brain\a9e1a503-bcef-4103-9c94-ab351d543298\.system_generated\steps\1509\
	                   1	C:\Users\DannyGeminiAnti\.gemini\antigravity\brain\a9e1a503-bcef-4103-9c94-ab351d543298\.system_generated\steps\1511\
	                   1	C:\Users\DannyGeminiAnti\.gemini\antigravity\brain\a9e1a503-bcef-4103-9c94-ab351d543298\.system_generated\steps\1513\
	                   1	C:\Users\DannyGeminiAnti\.gemini\antigravity\brain\a9e1a503-bcef-4103-9c94-ab351d543298\.system_generated\steps\1519\
	                   1	C:\Users\DannyGeminiAnti\.gemini\antigravity\brain\a9e1a503-bcef-4103-9c94-ab351d543298\.system_generated\steps\152\
	                   1	C:\Users\DannyGeminiAnti\.gemini\antigravity\brain\a9e1a503-bcef-4103-9c94-ab351d543298\.system_generated\steps\1523\
	                   1	C:\Users\DannyGeminiAnti\.gemini\antigravity\brain\a9e1a503-bcef-4103-9c94-ab351d543298\.system_generated\steps\1525\
	                   1	C:\Users\DannyGeminiAnti\.gemini\antigravity\brain\a9e1a503-bcef-4103-9c94-ab351d543298\.system_generated\steps\1527\
	                   1	C:\Users\DannyGeminiAnti\.gemini\antigravity\brain\a9e1a503-bcef-4103-9c94-ab351d543298\.system_generated\steps\1529\
	                   1	C:\Users\DannyGeminiAnti\.gemini\antigravity\brain\a9e1a503-bcef-4103-9c94-ab351d543298\.system_generated\steps\1531\
	                   1	C:\Users\DannyGeminiAnti\.gemini\antigravity\brain\a9e1a503-bcef-4103-9c94-ab351d543298\.system_generated\steps\1533\
	                   1	C:\Users\DannyGeminiAnti\.gemini\antigravity\brain\a9e1a503-bcef-4103-9c94-ab351d543298\.system_generated\steps\1535\
	                   1	C:\Users\DannyGeminiAnti\.gemini\antigravity\brain\a9e1a503-bcef-4103-9c94-ab351d543298\.system_generated\steps\1537\
	                   1	C:\Users\DannyGeminiAnti\.gemini\antigravity\brain\a9e1a503-bcef-4103-9c94-ab351d543298\.system_generated\steps\1539\
	                   1	C:\Users\DannyGeminiAnti\.gemini\antigravity\brain\a9e1a503-bcef-4103-9c94-ab351d543298\.system_generated\steps\1541\
	                   1	C:\Users\DannyGeminiAnti\.gemini\antigravity\brain\a9e1a503-bcef-4103-9c94-ab351d543298\.system_generated\steps\1543\
	                   1	C:\Users\DannyGeminiAnti\.gemini\antigravity\brain\a9e1a503-bcef-4103-9c94-ab351d543298\.system_generated\steps\1545\
	                   1	C:\Users\DannyGeminiAnti\.gemini\antigravity\brain\a9e1a503-bcef-4103-9c94-ab351d543298\.system_generated\steps\1547\
	                   1	C:\Users\DannyGeminiAnti\.gemini\antigravity\brain\a9e1a503-bcef-4103-9c94-ab351d543298\.system_generated\steps\1549\
	                   1	C:\Users\DannyGeminiAnti\.gemini\antigravity\brain\a9e1a503-bcef-4103-9c94-ab351d543298\.system_generated\steps\1551\
	                   1	C:\Users\DannyGeminiAnti\.gemini\antigravity\brain\a9e1a503-bcef-4103-9c94-ab351d543298\.system_generated\steps\1553\
	                   1	C:\Users\DannyGeminiAnti\.gemini\antigravity\brain\a9e1a503-bcef-4103-9c94-ab351d543298\.system_generated\steps\1555\
	                   1	C:\Users\DannyGeminiAnti\.gemini\antigravity\brain\a9e1a503-bcef-4103-9c94-ab351d543298\.system_generated\steps\1557\
	                   1	C:\Users\DannyGeminiAnti\.gemini\antigravity\brain\a9e1a503-bcef-4103-9c94-ab351d543298\.system_generated\steps\1559\
	                   1	C:\Users\DannyGeminiAnti\.gemini\antigravity\brain\a9e1a503-bcef-4103-9c94-ab351d543298\.system_generated\steps\1561\
	                   1	C:\Users\DannyGeminiAnti\.gemini\antigravity\brain\a9e1a503-bcef-4103-9c94-ab351d543298\.system_generated\steps\1564\
	                   1	C:\Users\DannyGeminiAnti\.gemini\antigravity\brain\a9e1a503-bcef-4103-9c94-ab351d543298\.system_generated\steps\1566\
	                   1	C:\Users\DannyGeminiAnti\.gemini\antigravity\brain\a9e1a503-bcef-4103-9c94-ab351d543298\.system_generated\steps\1568\
	                   1	C:\Users\DannyGeminiAnti\.gemini\antigravity\brain\a9e1a503-bcef-4103-9c94-ab351d543298\.system_generated\steps\1571\
	                   1	C:\Users\DannyGeminiAnti\.gemini\antigravity\brain\a9e1a503-bcef-4103-9c94-ab351d543298\.system_generated\steps\1573\
	                   1	C:\Users\DannyGeminiAnti\.gemini\antigravity\brain\a9e1a503-bcef-4103-9c94-ab351d543298\.system_generated\steps\1575\
	                   1	C:\Users\DannyGeminiAnti\.gemini\antigravity\brain\a9e1a503-bcef-4103-9c94-ab351d543298\.system_generated\steps\1579\
	                   1	C:\Users\DannyGeminiAnti\.gemini\antigravity\brain\a9e1a503-bcef-4103-9c94-ab351d543298\.system_generated\steps\158\
	                   1	C:\Users\DannyGeminiAnti\.gemini\antigravity\brain\a9e1a503-bcef-4103-9c94-ab351d543298\.system_generated\steps\1581\
	                   1	C:\Users\DannyGeminiAnti\.gemini\antigravity\brain\a9e1a503-bcef-4103-9c94-ab351d543298\.system_generated\steps\1583\
	                   1	C:\Users\DannyGeminiAnti\.gemini\antigravity\brain\a9e1a503-bcef-4103-9c94-ab351d543298\.system_generated\steps\1588\
	                   1	C:\Users\DannyGeminiAnti\.gemini\antigravity\brain\a9e1a503-bcef-4103-9c94-ab351d543298\.system_generated\steps\1590\
	                   1	C:\Users\DannyGeminiAnti\.gemini\antigravity\brain\a9e1a503-bcef-4103-9c94-ab351d543298\.system_generated\steps\1592\
	                   1	C:\Users\DannyGeminiAnti\.gemini\antigravity\brain\a9e1a503-bcef-4103-9c94-ab351d543298\.system_generated\steps\1594\
	                   1	C:\Users\DannyGeminiAnti\.gemini\antigravity\brain\a9e1a503-bcef-4103-9c94-ab351d543298\.system_generated\steps\1596\
	                   1	C:\Users\DannyGeminiAnti\.gemini\antigravity\brain\a9e1a503-bcef-4103-9c94-ab351d543298\.system_generated\steps\1598\
	                   1	C:\Users\DannyGeminiAnti\.gemini\antigravity\brain\a9e1a503-bcef-4103-9c94-ab351d543298\.system_generated\steps\160\
	                   1	C:\Users\DannyGeminiAnti\.gemini\antigravity\brain\a9e1a503-bcef-4103-9c94-ab351d543298\.system_generated\steps\1600\
	                   1	C:\Users\DannyGeminiAnti\.gemini\antigravity\brain\a9e1a503-bcef-4103-9c94-ab351d543298\.system_generated\steps\1602\
	                   1	C:\Users\DannyGeminiAnti\.gemini\antigravity\brain\a9e1a503-bcef-4103-9c94-ab351d543298\.system_generated\steps\1604\
	                   1	C:\Users\DannyGeminiAnti\.gemini\antigravity\brain\a9e1a503-bcef-4103-9c94-ab351d543298\.system_generated\steps\1606\
	                   1	C:\Users\DannyGeminiAnti\.gemini\antigravity\brain\a9e1a503-bcef-4103-9c94-ab351d543298\.system_generated\steps\1610\
	                   1	C:\Users\DannyGeminiAnti\.gemini\antigravity\brain\a9e1a503-bcef-4103-9c94-ab351d543298\.system_generated\steps\1614\
	                   1	C:\Users\DannyGeminiAnti\.gemini\antigravity\brain\a9e1a503-bcef-4103-9c94-ab351d543298\.system_generated\steps\1616\
	                   1	C:\Users\DannyGeminiAnti\.gemini\antigravity\brain\a9e1a503-bcef-4103-9c94-ab351d543298\.system_generated\steps\1618\
	                   1	C:\Users\DannyGeminiAnti\.gemini\antigravity\brain\a9e1a503-bcef-4103-9c94-ab351d543298\.system_generated\steps\162\
	                   1	C:\Users\DannyGeminiAnti\.gemini\antigravity\brain\a9e1a503-bcef-4103-9c94-ab351d543298\.system_generated\steps\1620\
	                   1	C:\Users\DannyGeminiAnti\.gemini\antigravity\brain\a9e1a503-bcef-4103-9c94-ab351d543298\.system_generated\steps\1622\
	                   1	C:\Users\DannyGeminiAnti\.gemini\antigravity\brain\a9e1a503-bcef-4103-9c94-ab351d543298\.system_generated\steps\1624\
	                   1	C:\Users\DannyGeminiAnti\.gemini\antigravity\brain\a9e1a503-bcef-4103-9c94-ab351d543298\.system_generated\steps\1626\
	                   1	C:\Users\DannyGeminiAnti\.gemini\antigravity\brain\a9e1a503-bcef-4103-9c94-ab351d543298\.system_generated\steps\1628\
	                   1	C:\Users\DannyGeminiAnti\.gemini\antigravity\brain\a9e1a503-bcef-4103-9c94-ab351d543298\.system_generated\steps\1630\
	                   1	C:\Users\DannyGeminiAnti\.gemini\antigravity\brain\a9e1a503-bcef-4103-9c94-ab351d543298\.system_generated\steps\1632\
	                   1	C:\Users\DannyGeminiAnti\.gemini\antigravity\brain\a9e1a503-bcef-4103-9c94-ab351d543298\.system_generated\steps\1634\
	                   1	C:\Users\DannyGeminiAnti\.gemini\antigravity\brain\a9e1a503-bcef-4103-9c94-ab351d543298\.system_generated\steps\1636\
	                   1	C:\Users\DannyGeminiAnti\.gemini\antigravity\brain\a9e1a503-bcef-4103-9c94-ab351d543298\.system_generated\steps\1638\
	                   1	C:\Users\DannyGeminiAnti\.gemini\antigravity\brain\a9e1a503-bcef-4103-9c94-ab351d543298\.system_generated\steps\1640\
	                   1	C:\Users\DannyGeminiAnti\.gemini\antigravity\brain\a9e1a503-bcef-4103-9c94-ab351d543298\.system_generated\steps\1642\
	                   1	C:\Users\DannyGeminiAnti\.gemini\antigravity\brain\a9e1a503-bcef-4103-9c94-ab351d543298\.system_generated\steps\1644\
	                   1	C:\Users\DannyGeminiAnti\.gemini\antigravity\brain\a9e1a503-bcef-4103-9c94-ab351d543298\.system_generated\steps\1646\
	                   1	C:\Users\DannyGeminiAnti\.gemini\antigravity\brain\a9e1a503-bcef-4103-9c94-ab351d543298\.system_generated\steps\1648\
	                   1	C:\Users\DannyGeminiAnti\.gemini\antigravity\brain\a9e1a503-bcef-4103-9c94-ab351d543298\.system_generated\steps\1650\
	                   1	C:\Users\DannyGeminiAnti\.gemini\antigravity\brain\a9e1a503-bcef-4103-9c94-ab351d543298\.system_generated\steps\1652\
	                   1	C:\Users\DannyGeminiAnti\.gemini\antigravity\brain\a9e1a503-bcef-4103-9c94-ab351d543298\.system_generated\steps\1654\
	                   1	C:\Users\DannyGeminiAnti\.gemini\antigravity\brain\a9e1a503-bcef-4103-9c94-ab351d543298\.system_generated\steps\1656\
	                   1	C:\Users\DannyGeminiAnti\.gemini\antigravity\brain\a9e1a503-bcef-4103-9c94-ab351d543298\.system_generated\steps\1658\
	                   1	C:\Users\DannyGeminiAnti\.gemini\antigravity\brain\a9e1a503-bcef-4103-9c94-ab351d543298\.system_generated\steps\166\
	                   1	C:\Users\DannyGeminiAnti\.gemini\antigravity\brain\a9e1a503-bcef-4103-9c94-ab351d543298\.system_generated\steps\1660\
	                   1	C:\Users\DannyGeminiAnti\.gemini\antigravity\brain\a9e1a503-bcef-4103-9c94-ab351d543298\.system_generated\steps\1663\
	                   1	C:\Users\DannyGeminiAnti\.gemini\antigravity\brain\a9e1a503-bcef-4103-9c94-ab351d543298\.system_generated\steps\1666\
	                   1	C:\Users\DannyGeminiAnti\.gemini\antigravity\brain\a9e1a503-bcef-4103-9c94-ab351d543298\.system_generated\steps\1671\
	                   1	C:\Users\DannyGeminiAnti\.gemini\antigravity\brain\a9e1a503-bcef-4103-9c94-ab351d543298\.system_generated\steps\1673\
	                   1	C:\Users\DannyGeminiAnti\.gemini\antigravity\brain\a9e1a503-bcef-4103-9c94-ab351d543298\.system_generated\steps\1675\
	                   1	C:\Users\DannyGeminiAnti\.gemini\antigravity\brain\a9e1a503-bcef-4103-9c94-ab351d543298\.system_generated\steps\1677\
	                   1	C:\Users\DannyGeminiAnti\.gemini\antigravity\brain\a9e1a503-bcef-4103-9c94-ab351d543298\.system_generated\steps\1679\
	                   1	C:\Users\DannyGeminiAnti\.gemini\antigravity\brain\a9e1a503-bcef-4103-9c94-ab351d543298\.system_generated\steps\168\
	                   1	C:\Users\DannyGeminiAnti\.gemini\antigravity\brain\a9e1a503-bcef-4103-9c94-ab351d543298\.system_generated\steps\1681\
	                   1	C:\Users\DannyGeminiAnti\.gemini\antigravity\brain\a9e1a503-bcef-4103-9c94-ab351d543298\.system_generated\steps\1683\
	                   1	C:\Users\DannyGeminiAnti\.gemini\antigravity\brain\a9e1a503-bcef-4103-9c94-ab351d543298\.system_generated\steps\1685\
	                   1	C:\Users\DannyGeminiAnti\.gemini\antigravity\brain\a9e1a503-bcef-4103-9c94-ab351d543298\.system_generated\steps\1687\
	                   1	C:\Users\DannyGeminiAnti\.gemini\antigravity\brain\a9e1a503-bcef-4103-9c94-ab351d543298\.system_generated\steps\1689\
	                   1	C:\Users\DannyGeminiAnti\.gemini\antigravity\brain\a9e1a503-bcef-4103-9c94-ab351d543298\.system_generated\steps\1691\
	                   1	C:\Users\DannyGeminiAnti\.gemini\antigravity\brain\a9e1a503-bcef-4103-9c94-ab351d543298\.system_generated\steps\1693\
	                   1	C:\Users\DannyGeminiAnti\.gemini\antigravity\brain\a9e1a503-bcef-4103-9c94-ab351d543298\.system_generated\steps\1695\
	                   1	C:\Users\DannyGeminiAnti\.gemini\antigravity\brain\a9e1a503-bcef-4103-9c94-ab351d543298\.system_generated\steps\1697\
	                   1	C:\Users\DannyGeminiAnti\.gemini\antigravity\brain\a9e1a503-bcef-4103-9c94-ab351d543298\.system_generated\steps\1699\
	                   1	C:\Users\DannyGeminiAnti\.gemini\antigravity\brain\a9e1a503-bcef-4103-9c94-ab351d543298\.system_generated\steps\1701\
	                   1	C:\Users\DannyGeminiAnti\.gemini\antigravity\brain\a9e1a503-bcef-4103-9c94-ab351d543298\.system_generated\steps\1703\
	                   1	C:\Users\DannyGeminiAnti\.gemini\antigravity\brain\a9e1a503-bcef-4103-9c94-ab351d543298\.system_generated\steps\1705\
	                   1	C:\Users\DannyGeminiAnti\.gemini\antigravity\brain\a9e1a503-bcef-4103-9c94-ab351d543298\.system_generated\steps\1707\
	                   1	C:\Users\DannyGeminiAnti\.gemini\antigravity\brain\a9e1a503-bcef-4103-9c94-ab351d543298\.system_generated\steps\1709\
	                   1	C:\Users\DannyGeminiAnti\.gemini\antigravity\brain\a9e1a503-bcef-4103-9c94-ab351d543298\.system_generated\steps\1711\
	                   1	C:\Users\DannyGeminiAnti\.gemini\antigravity\brain\a9e1a503-bcef-4103-9c94-ab351d543298\.system_generated\steps\1713\
	                   1	C:\Users\DannyGeminiAnti\.gemini\antigravity\brain\a9e1a503-bcef-4103-9c94-ab351d543298\.system_generated\steps\1715\
	                   1	C:\Users\DannyGeminiAnti\.gemini\antigravity\brain\a9e1a503-bcef-4103-9c94-ab351d543298\.system_generated\steps\1718\
	                   1	C:\Users\DannyGeminiAnti\.gemini\antigravity\brain\a9e1a503-bcef-4103-9c94-ab351d543298\.system_generated\steps\172\
	                   1	C:\Users\DannyGeminiAnti\.gemini\antigravity\brain\a9e1a503-bcef-4103-9c94-ab351d543298\.system_generated\steps\1720\
	                   1	C:\Users\DannyGeminiAnti\.gemini\antigravity\brain\a9e1a503-bcef-4103-9c94-ab351d543298\.system_generated\steps\1722\
	                   1	C:\Users\DannyGeminiAnti\.gemini\antigravity\brain\a9e1a503-bcef-4103-9c94-ab351d543298\.system_generated\steps\1724\
	                   1	C:\Users\DannyGeminiAnti\.gemini\antigravity\brain\a9e1a503-bcef-4103-9c94-ab351d543298\.system_generated\steps\1727\
	                   1	C:\Users\DannyGeminiAnti\.gemini\antigravity\brain\a9e1a503-bcef-4103-9c94-ab351d543298\.system_generated\steps\1731\
	                   1	C:\Users\DannyGeminiAnti\.gemini\antigravity\brain\a9e1a503-bcef-4103-9c94-ab351d543298\.system_generated\steps\1733\
	                   1	C:\Users\DannyGeminiAnti\.gemini\antigravity\brain\a9e1a503-bcef-4103-9c94-ab351d543298\.system_generated\steps\1735\
	                   1	C:\Users\DannyGeminiAnti\.gemini\antigravity\brain\a9e1a503-bcef-4103-9c94-ab351d543298\.system_generated\steps\1737\
	                   1	C:\Users\DannyGeminiAnti\.gemini\antigravity\brain\a9e1a503-bcef-4103-9c94-ab351d543298\.system_generated\steps\1739\
	                   1	C:\Users\DannyGeminiAnti\.gemini\antigravity\brain\a9e1a503-bcef-4103-9c94-ab351d543298\.system_generated\steps\1741\
	                   1	C:\Users\DannyGeminiAnti\.gemini\antigravity\brain\a9e1a503-bcef-4103-9c94-ab351d543298\.system_generated\steps\1743\
	                   1	C:\Users\DannyGeminiAnti\.gemini\antigravity\brain\a9e1a503-bcef-4103-9c94-ab351d543298\.system_generated\steps\1745\
	                   1	C:\Users\DannyGeminiAnti\.gemini\antigravity\brain\a9e1a503-bcef-4103-9c94-ab351d543298\.system_generated\steps\1747\
	                   1	C:\Users\DannyGeminiAnti\.gemini\antigravity\brain\a9e1a503-bcef-4103-9c94-ab351d543298\.system_generated\steps\1749\
	                   1	C:\Users\DannyGeminiAnti\.gemini\antigravity\brain\a9e1a503-bcef-4103-9c94-ab351d543298\.system_generated\steps\1751\
	                   1	C:\Users\DannyGeminiAnti\.gemini\antigravity\brain\a9e1a503-bcef-4103-9c94-ab351d543298\.system_generated\steps\1753\
	                   1	C:\Users\DannyGeminiAnti\.gemini\antigravity\brain\a9e1a503-bcef-4103-9c94-ab351d543298\.system_generated\steps\1755\
	                   1	C:\Users\DannyGeminiAnti\.gemini\antigravity\brain\a9e1a503-bcef-4103-9c94-ab351d543298\.system_generated\steps\1757\
	                   1	C:\Users\DannyGeminiAnti\.gemini\antigravity\brain\a9e1a503-bcef-4103-9c94-ab351d543298\.system_generated\steps\1759\
	                   1	C:\Users\DannyGeminiAnti\.gemini\antigravity\brain\a9e1a503-bcef-4103-9c94-ab351d543298\.system_generated\steps\1761\
	                   1	C:\Users\DannyGeminiAnti\.gemini\antigravity\brain\a9e1a503-bcef-4103-9c94-ab351d543298\.system_generated\steps\1763\
	                   1	C:\Users\DannyGeminiAnti\.gemini\antigravity\brain\a9e1a503-bcef-4103-9c94-ab351d543298\.system_generated\steps\1766\
	                   1	C:\Users\DannyGeminiAnti\.gemini\antigravity\brain\a9e1a503-bcef-4103-9c94-ab351d543298\.system_generated\steps\1768\
	                   1	C:\Users\DannyGeminiAnti\.gemini\antigravity\brain\a9e1a503-bcef-4103-9c94-ab351d543298\.system_generated\steps\177\
	                   1	C:\Users\DannyGeminiAnti\.gemini\antigravity\brain\a9e1a503-bcef-4103-9c94-ab351d543298\.system_generated\steps\1770\
	                   1	C:\Users\DannyGeminiAnti\.gemini\antigravity\brain\a9e1a503-bcef-4103-9c94-ab351d543298\.system_generated\steps\1772\
	                   1	C:\Users\DannyGeminiAnti\.gemini\antigravity\brain\a9e1a503-bcef-4103-9c94-ab351d543298\.system_generated\steps\1774\
	                   1	C:\Users\DannyGeminiAnti\.gemini\antigravity\brain\a9e1a503-bcef-4103-9c94-ab351d543298\.system_generated\steps\1776\
	                   1	C:\Users\DannyGeminiAnti\.gemini\antigravity\brain\a9e1a503-bcef-4103-9c94-ab351d543298\.system_generated\steps\179\
	                   1	C:\Users\DannyGeminiAnti\.gemini\antigravity\brain\a9e1a503-bcef-4103-9c94-ab351d543298\.system_generated\steps\1798\
	                   1	C:\Users\DannyGeminiAnti\.gemini\antigravity\brain\a9e1a503-bcef-4103-9c94-ab351d543298\.system_generated\steps\1802\
	                   1	C:\Users\DannyGeminiAnti\.gemini\antigravity\brain\a9e1a503-bcef-4103-9c94-ab351d543298\.system_generated\steps\1804\
	                   1	C:\Users\DannyGeminiAnti\.gemini\antigravity\brain\a9e1a503-bcef-4103-9c94-ab351d543298\.system_generated\steps\1806\
	                   1	C:\Users\DannyGeminiAnti\.gemini\antigravity\brain\a9e1a503-bcef-4103-9c94-ab351d543298\.system_generated\steps\1808\
	                   1	C:\Users\DannyGeminiAnti\.gemini\antigravity\brain\a9e1a503-bcef-4103-9c94-ab351d543298\.system_generated\steps\181\
	                   1	C:\Users\DannyGeminiAnti\.gemini\antigravity\brain\a9e1a503-bcef-4103-9c94-ab351d543298\.system_generated\steps\1810\
	                   1	C:\Users\DannyGeminiAnti\.gemini\antigravity\brain\a9e1a503-bcef-4103-9c94-ab351d543298\.system_generated\steps\1812\
	                   1	C:\Users\DannyGeminiAnti\.gemini\antigravity\brain\a9e1a503-bcef-4103-9c94-ab351d543298\.system_generated\steps\1814\
	                   1	C:\Users\DannyGeminiAnti\.gemini\antigravity\brain\a9e1a503-bcef-4103-9c94-ab351d543298\.system_generated\steps\1816\
	                   1	C:\Users\DannyGeminiAnti\.gemini\antigravity\brain\a9e1a503-bcef-4103-9c94-ab351d543298\.system_generated\steps\1818\
	                   1	C:\Users\DannyGeminiAnti\.gemini\antigravity\brain\a9e1a503-bcef-4103-9c94-ab351d543298\.system_generated\steps\1820\
	                   1	C:\Users\DannyGeminiAnti\.gemini\antigravity\brain\a9e1a503-bcef-4103-9c94-ab351d543298\.system_generated\steps\1822\
	                   1	C:\Users\DannyGeminiAnti\.gemini\antigravity\brain\a9e1a503-bcef-4103-9c94-ab351d543298\.system_generated\steps\1824\
	                   1	C:\Users\DannyGeminiAnti\.gemini\antigravity\brain\a9e1a503-bcef-4103-9c94-ab351d543298\.system_generated\steps\1826\
	                   1	C:\Users\DannyGeminiAnti\.gemini\antigravity\brain\a9e1a503-bcef-4103-9c94-ab351d543298\.system_generated\steps\1828\
	                   1	C:\Users\DannyGeminiAnti\.gemini\antigravity\brain\a9e1a503-bcef-4103-9c94-ab351d543298\.system_generated\steps\183\
	                   1	C:\Users\DannyGeminiAnti\.gemini\antigravity\brain\a9e1a503-bcef-4103-9c94-ab351d543298\.system_generated\steps\1830\
	                   1	C:\Users\DannyGeminiAnti\.gemini\antigravity\brain\a9e1a503-bcef-4103-9c94-ab351d543298\.system_generated\steps\1832\
	                   1	C:\Users\DannyGeminiAnti\.gemini\antigravity\brain\a9e1a503-bcef-4103-9c94-ab351d543298\.system_generated\steps\1834\
	                   1	C:\Users\DannyGeminiAnti\.gemini\antigravity\brain\a9e1a503-bcef-4103-9c94-ab351d543298\.system_generated\steps\1836\
	                   1	C:\Users\DannyGeminiAnti\.gemini\antigravity\brain\a9e1a503-bcef-4103-9c94-ab351d543298\.system_generated\steps\1838\
	                   1	C:\Users\DannyGeminiAnti\.gemini\antigravity\brain\a9e1a503-bcef-4103-9c94-ab351d543298\.system_generated\steps\1840\
	                   1	C:\Users\DannyGeminiAnti\.gemini\antigravity\brain\a9e1a503-bcef-4103-9c94-ab351d543298\.system_generated\steps\1842\
	                   1	C:\Users\DannyGeminiAnti\.gemini\antigravity\brain\a9e1a503-bcef-4103-9c94-ab351d543298\.system_generated\steps\1844\
	                   1	C:\Users\DannyGeminiAnti\.gemini\antigravity\brain\a9e1a503-bcef-4103-9c94-ab351d543298\.system_generated\steps\1846\
	                   1	C:\Users\DannyGeminiAnti\.gemini\antigravity\brain\a9e1a503-bcef-4103-9c94-ab351d543298\.system_generated\steps\1848\
	                   1	C:\Users\DannyGeminiAnti\.gemini\antigravity\brain\a9e1a503-bcef-4103-9c94-ab351d543298\.system_generated\steps\1850\
	                   1	C:\Users\DannyGeminiAnti\.gemini\antigravity\brain\a9e1a503-bcef-4103-9c94-ab351d543298\.system_generated\steps\1852\
	                   1	C:\Users\DannyGeminiAnti\.gemini\antigravity\brain\a9e1a503-bcef-4103-9c94-ab351d543298\.system_generated\steps\1854\
	                   1	C:\Users\DannyGeminiAnti\.gemini\antigravity\brain\a9e1a503-bcef-4103-9c94-ab351d543298\.system_generated\steps\1856\
	                   1	C:\Users\DannyGeminiAnti\.gemini\antigravity\brain\a9e1a503-bcef-4103-9c94-ab351d543298\.system_generated\steps\1858\
	                   1	C:\Users\DannyGeminiAnti\.gemini\antigravity\brain\a9e1a503-bcef-4103-9c94-ab351d543298\.system_generated\steps\1860\
	                   1	C:\Users\DannyGeminiAnti\.gemini\antigravity\brain\a9e1a503-bcef-4103-9c94-ab351d543298\.system_generated\steps\1862\
	                   1	C:\Users\DannyGeminiAnti\.gemini\antigravity\brain\a9e1a503-bcef-4103-9c94-ab351d543298\.system_generated\steps\1864\
	                   1	C:\Users\DannyGeminiAnti\.gemini\antigravity\brain\a9e1a503-bcef-4103-9c94-ab351d543298\.system_generated\steps\1866\
	                   1	C:\Users\DannyGeminiAnti\.gemini\antigravity\brain\a9e1a503-bcef-4103-9c94-ab351d543298\.system_generated\steps\1868\
	                   1	C:\Users\DannyGeminiAnti\.gemini\antigravity\brain\a9e1a503-bcef-4103-9c94-ab351d543298\.system_generated\steps\1870\
	                   1	C:\Users\DannyGeminiAnti\.gemini\antigravity\brain\a9e1a503-bcef-4103-9c94-ab351d543298\.system_generated\steps\1872\
	                   1	C:\Users\DannyGeminiAnti\.gemini\antigravity\brain\a9e1a503-bcef-4103-9c94-ab351d543298\.system_generated\steps\1874\
	                   1	C:\Users\DannyGeminiAnti\.gemini\antigravity\brain\a9e1a503-bcef-4103-9c94-ab351d543298\.system_generated\steps\1876\
	                   1	C:\Users\DannyGeminiAnti\.gemini\antigravity\brain\a9e1a503-bcef-4103-9c94-ab351d543298\.system_generated\steps\1878\
	                   1	C:\Users\DannyGeminiAnti\.gemini\antigravity\brain\a9e1a503-bcef-4103-9c94-ab351d543298\.system_generated\steps\1880\
	                   1	C:\Users\DannyGeminiAnti\.gemini\antigravity\brain\a9e1a503-bcef-4103-9c94-ab351d543298\.system_generated\steps\1882\
	                   1	C:\Users\DannyGeminiAnti\.gemini\antigravity\brain\a9e1a503-bcef-4103-9c94-ab351d543298\.system_generated\steps\1888\
	                   1	C:\Users\DannyGeminiAnti\.gemini\antigravity\brain\a9e1a503-bcef-4103-9c94-ab351d543298\.system_generated\steps\189\
	                   1	C:\Users\DannyGeminiAnti\.gemini\antigravity\brain\a9e1a503-bcef-4103-9c94-ab351d543298\.system_generated\steps\1890\
	                   1	C:\Users\DannyGeminiAnti\.gemini\antigravity\brain\a9e1a503-bcef-4103-9c94-ab351d543298\.system_generated\steps\1892\
	                   1	C:\Users\DannyGeminiAnti\.gemini\antigravity\brain\a9e1a503-bcef-4103-9c94-ab351d543298\.system_generated\steps\1894\
	                   1	C:\Users\DannyGeminiAnti\.gemini\antigravity\brain\a9e1a503-bcef-4103-9c94-ab351d543298\.system_generated\steps\1896\
	                   1	C:\Users\DannyGeminiAnti\.gemini\antigravity\brain\a9e1a503-bcef-4103-9c94-ab351d543298\.system_generated\steps\1898\
	                   1	C:\Users\DannyGeminiAnti\.gemini\antigravity\brain\a9e1a503-bcef-4103-9c94-ab351d543298\.system_generated\steps\1900\
	                   1	C:\Users\DannyGeminiAnti\.gemini\antigravity\brain\a9e1a503-bcef-4103-9c94-ab351d543298\.system_generated\steps\1902\
	                   1	C:\Users\DannyGeminiAnti\.gemini\antigravity\brain\a9e1a503-bcef-4103-9c94-ab351d543298\.system_generated\steps\1906\
	                   1	C:\Users\DannyGeminiAnti\.gemini\antigravity\brain\a9e1a503-bcef-4103-9c94-ab351d543298\.system_generated\steps\1908\
	                   1	C:\Users\DannyGeminiAnti\.gemini\antigravity\brain\a9e1a503-bcef-4103-9c94-ab351d543298\.system_generated\steps\191\
	                   1	C:\Users\DannyGeminiAnti\.gemini\antigravity\brain\a9e1a503-bcef-4103-9c94-ab351d543298\.system_generated\steps\1910\
	                   1	C:\Users\DannyGeminiAnti\.gemini\antigravity\brain\a9e1a503-bcef-4103-9c94-ab351d543298\.system_generated\steps\1912\
	                   1	C:\Users\DannyGeminiAnti\.gemini\antigravity\brain\a9e1a503-bcef-4103-9c94-ab351d543298\.system_generated\steps\1914\
	                   1	C:\Users\DannyGeminiAnti\.gemini\antigravity\brain\a9e1a503-bcef-4103-9c94-ab351d543298\.system_generated\steps\1916\
	                   1	C:\Users\DannyGeminiAnti\.gemini\antigravity\brain\a9e1a503-bcef-4103-9c94-ab351d543298\.system_generated\steps\1918\
	                   1	C:\Users\DannyGeminiAnti\.gemini\antigravity\brain\a9e1a503-bcef-4103-9c94-ab351d543298\.system_generated\steps\1922\
	                   1	C:\Users\DannyGeminiAnti\.gemini\antigravity\brain\a9e1a503-bcef-4103-9c94-ab351d543298\.system_generated\steps\1924\
	                   1	C:\Users\DannyGeminiAnti\.gemini\antigravity\brain\a9e1a503-bcef-4103-9c94-ab351d543298\.system_generated\steps\1926\
	                   1	C:\Users\DannyGeminiAnti\.gemini\antigravity\brain\a9e1a503-bcef-4103-9c94-ab351d543298\.system_generated\steps\1928\
	                   1	C:\Users\DannyGeminiAnti\.gemini\antigravity\brain\a9e1a503-bcef-4103-9c94-ab351d543298\.system_generated\steps\1930\
	                   1	C:\Users\DannyGeminiAnti\.gemini\antigravity\brain\a9e1a503-bcef-4103-9c94-ab351d543298\.system_generated\steps\1932\
	                   1	C:\Users\DannyGeminiAnti\.gemini\antigravity\brain\a9e1a503-bcef-4103-9c94-ab351d543298\.system_generated\steps\1934\
	                   1	C:\Users\DannyGeminiAnti\.gemini\antigravity\brain\a9e1a503-bcef-4103-9c94-ab351d543298\.system_generated\steps\1936\
	                   1	C:\Users\DannyGeminiAnti\.gemini\antigravity\brain\a9e1a503-bcef-4103-9c94-ab351d543298\.system_generated\steps\1938\
	                   1	C:\Users\DannyGeminiAnti\.gemini\antigravity\brain\a9e1a503-bcef-4103-9c94-ab351d543298\.system_generated\steps\1940\
	                   1	C:\Users\DannyGeminiAnti\.gemini\antigravity\brain\a9e1a503-bcef-4103-9c94-ab351d543298\.system_generated\steps\1942\
	                   1	C:\Users\DannyGeminiAnti\.gemini\antigravity\brain\a9e1a503-bcef-4103-9c94-ab351d543298\.system_generated\steps\1944\
	                   1	C:\Users\DannyGeminiAnti\.gemini\antigravity\brain\a9e1a503-bcef-4103-9c94-ab351d543298\.system_generated\steps\1946\
	                   1	C:\Users\DannyGeminiAnti\.gemini\antigravity\brain\a9e1a503-bcef-4103-9c94-ab351d543298\.system_generated\steps\1948\
	                   1	C:\Users\DannyGeminiAnti\.gemini\antigravity\brain\a9e1a503-bcef-4103-9c94-ab351d543298\.system_generated\steps\195\
	                   1	C:\Users\DannyGeminiAnti\.gemini\antigravity\brain\a9e1a503-bcef-4103-9c94-ab351d543298\.system_generated\steps\1950\
	                   1	C:\Users\DannyGeminiAnti\.gemini\antigravity\brain\a9e1a503-bcef-4103-9c94-ab351d543298\.system_generated\steps\1952\
	                   1	C:\Users\DannyGeminiAnti\.gemini\antigravity\brain\a9e1a503-bcef-4103-9c94-ab351d543298\.system_generated\steps\1954\
	                   1	C:\Users\DannyGeminiAnti\.gemini\antigravity\brain\a9e1a503-bcef-4103-9c94-ab351d543298\.system_generated\steps\1956\
	                   1	C:\Users\DannyGeminiAnti\.gemini\antigravity\brain\a9e1a503-bcef-4103-9c94-ab351d543298\.system_generated\steps\1958\
	                   1	C:\Users\DannyGeminiAnti\.gemini\antigravity\brain\a9e1a503-bcef-4103-9c94-ab351d543298\.system_generated\steps\1960\
	                   1	C:\Users\DannyGeminiAnti\.gemini\antigravity\brain\a9e1a503-bcef-4103-9c94-ab351d543298\.system_generated\steps\1962\
	                   1	C:\Users\DannyGeminiAnti\.gemini\antigravity\brain\a9e1a503-bcef-4103-9c94-ab351d543298\.system_generated\steps\1964\
	                   1	C:\Users\DannyGeminiAnti\.gemini\antigravity\brain\a9e1a503-bcef-4103-9c94-ab351d543298\.system_generated\steps\1966\
	                   1	C:\Users\DannyGeminiAnti\.gemini\antigravity\brain\a9e1a503-bcef-4103-9c94-ab351d543298\.system_generated\steps\1968\
	                   1	C:\Users\DannyGeminiAnti\.gemini\antigravity\brain\a9e1a503-bcef-4103-9c94-ab351d543298\.system_generated\steps\197\
	                   1	C:\Users\DannyGeminiAnti\.gemini\antigravity\brain\a9e1a503-bcef-4103-9c94-ab351d543298\.system_generated\steps\1970\
	                   1	C:\Users\DannyGeminiAnti\.gemini\antigravity\brain\a9e1a503-bcef-4103-9c94-ab351d543298\.system_generated\steps\1972\
	                   1	C:\Users\DannyGeminiAnti\.gemini\antigravity\brain\a9e1a503-bcef-4103-9c94-ab351d543298\.system_generated\steps\1974\
	                   1	C:\Users\DannyGeminiAnti\.gemini\antigravity\brain\a9e1a503-bcef-4103-9c94-ab351d543298\.system_generated\steps\1976\
	                   1	C:\Users\DannyGeminiAnti\.gemini\antigravity\brain\a9e1a503-bcef-4103-9c94-ab351d543298\.system_generated\steps\1978\
	                   1	C:\Users\DannyGeminiAnti\.gemini\antigravity\brain\a9e1a503-bcef-4103-9c94-ab351d543298\.system_generated\steps\1980\
	                   1	C:\Users\DannyGeminiAnti\.gemini\antigravity\brain\a9e1a503-bcef-4103-9c94-ab351d543298\.system_generated\steps\1982\
	                   1	C:\Users\DannyGeminiAnti\.gemini\antigravity\brain\a9e1a503-bcef-4103-9c94-ab351d543298\.system_generated\steps\1984\
	                   1	C:\Users\DannyGeminiAnti\.gemini\antigravity\brain\a9e1a503-bcef-4103-9c94-ab351d543298\.system_generated\steps\1987\
	                   1	C:\Users\DannyGeminiAnti\.gemini\antigravity\brain\a9e1a503-bcef-4103-9c94-ab351d543298\.system_generated\steps\1989\
	                   1	C:\Users\DannyGeminiAnti\.gemini\antigravity\brain\a9e1a503-bcef-4103-9c94-ab351d543298\.system_generated\steps\199\
	                   1	C:\Users\DannyGeminiAnti\.gemini\antigravity\brain\a9e1a503-bcef-4103-9c94-ab351d543298\.system_generated\steps\1993\
	                   1	C:\Users\DannyGeminiAnti\.gemini\antigravity\brain\a9e1a503-bcef-4103-9c94-ab351d543298\.system_generated\steps\1995\
	                   1	C:\Users\DannyGeminiAnti\.gemini\antigravity\brain\a9e1a503-bcef-4103-9c94-ab351d543298\.system_generated\steps\1997\
	                   1	C:\Users\DannyGeminiAnti\.gemini\antigravity\brain\a9e1a503-bcef-4103-9c94-ab351d543298\.system_generated\steps\1999\
	                   1	C:\Users\DannyGeminiAnti\.gemini\antigravity\brain\a9e1a503-bcef-4103-9c94-ab351d543298\.system_generated\steps\2\
	                   1	C:\Users\DannyGeminiAnti\.gemini\antigravity\brain\a9e1a503-bcef-4103-9c94-ab351d543298\.system_generated\steps\2001\
	                   1	C:\Users\DannyGeminiAnti\.gemini\antigravity\brain\a9e1a503-bcef-4103-9c94-ab351d543298\.system_generated\steps\2003\
	                   1	C:\Users\DannyGeminiAnti\.gemini\antigravity\brain\a9e1a503-bcef-4103-9c94-ab351d543298\.system_generated\steps\2005\
	                   1	C:\Users\DannyGeminiAnti\.gemini\antigravity\brain\a9e1a503-bcef-4103-9c94-ab351d543298\.system_generated\steps\2007\
	                   1	C:\Users\DannyGeminiAnti\.gemini\antigravity\brain\a9e1a503-bcef-4103-9c94-ab351d543298\.system_generated\steps\2009\
	                   1	C:\Users\DannyGeminiAnti\.gemini\antigravity\brain\a9e1a503-bcef-4103-9c94-ab351d543298\.system_generated\steps\201\
	                   1	C:\Users\DannyGeminiAnti\.gemini\antigravity\brain\a9e1a503-bcef-4103-9c94-ab351d543298\.system_generated\steps\2011\
	                   1	C:\Users\DannyGeminiAnti\.gemini\antigravity\brain\a9e1a503-bcef-4103-9c94-ab351d543298\.system_generated\steps\2013\
	                   1	C:\Users\DannyGeminiAnti\.gemini\antigravity\brain\a9e1a503-bcef-4103-9c94-ab351d543298\.system_generated\steps\2015\
	                   1	C:\Users\DannyGeminiAnti\.gemini\antigravity\brain\a9e1a503-bcef-4103-9c94-ab351d543298\.system_generated\steps\2017\
	                   1	C:\Users\DannyGeminiAnti\.gemini\antigravity\brain\a9e1a503-bcef-4103-9c94-ab351d543298\.system_generated\steps\2019\
	                   1	C:\Users\DannyGeminiAnti\.gemini\antigravity\brain\a9e1a503-bcef-4103-9c94-ab351d543298\.system_generated\steps\2023\
	                   1	C:\Users\DannyGeminiAnti\.gemini\antigravity\brain\a9e1a503-bcef-4103-9c94-ab351d543298\.system_generated\steps\2025\
	                   1	C:\Users\DannyGeminiAnti\.gemini\antigravity\brain\a9e1a503-bcef-4103-9c94-ab351d543298\.system_generated\steps\2027\
	                   1	C:\Users\DannyGeminiAnti\.gemini\antigravity\brain\a9e1a503-bcef-4103-9c94-ab351d543298\.system_generated\steps\2029\
	                   1	C:\Users\DannyGeminiAnti\.gemini\antigravity\brain\a9e1a503-bcef-4103-9c94-ab351d543298\.system_generated\steps\203\
	                   1	C:\Users\DannyGeminiAnti\.gemini\antigravity\brain\a9e1a503-bcef-4103-9c94-ab351d543298\.system_generated\steps\2033\
	                   1	C:\Users\DannyGeminiAnti\.gemini\antigravity\brain\a9e1a503-bcef-4103-9c94-ab351d543298\.system_generated\steps\2035\
	                   1	C:\Users\DannyGeminiAnti\.gemini\antigravity\brain\a9e1a503-bcef-4103-9c94-ab351d543298\.system_generated\steps\2039\
	                   1	C:\Users\DannyGeminiAnti\.gemini\antigravity\brain\a9e1a503-bcef-4103-9c94-ab351d543298\.system_generated\steps\2041\
	                   1	C:\Users\DannyGeminiAnti\.gemini\antigravity\brain\a9e1a503-bcef-4103-9c94-ab351d543298\.system_generated\steps\2043\
	                   1	C:\Users\DannyGeminiAnti\.gemini\antigravity\brain\a9e1a503-bcef-4103-9c94-ab351d543298\.system_generated\steps\2045\
	                   1	C:\Users\DannyGeminiAnti\.gemini\antigravity\brain\a9e1a503-bcef-4103-9c94-ab351d543298\.system_generated\steps\2047\
	                   1	C:\Users\DannyGeminiAnti\.gemini\antigravity\brain\a9e1a503-bcef-4103-9c94-ab351d543298\.system_generated\steps\2049\
	                   1	C:\Users\DannyGeminiAnti\.gemini\antigravity\brain\a9e1a503-bcef-4103-9c94-ab351d543298\.system_generated\steps\205\
	                   1	C:\Users\DannyGeminiAnti\.gemini\antigravity\brain\a9e1a503-bcef-4103-9c94-ab351d543298\.system_generated\steps\2051\
	                   1	C:\Users\DannyGeminiAnti\.gemini\antigravity\brain\a9e1a503-bcef-4103-9c94-ab351d543298\.system_generated\steps\2053\
	                   1	C:\Users\DannyGeminiAnti\.gemini\antigravity\brain\a9e1a503-bcef-4103-9c94-ab351d543298\.system_generated\steps\2057\
	                   1	C:\Users\DannyGeminiAnti\.gemini\antigravity\brain\a9e1a503-bcef-4103-9c94-ab351d543298\.system_generated\steps\2059\
	                   1	C:\Users\DannyGeminiAnti\.gemini\antigravity\brain\a9e1a503-bcef-4103-9c94-ab351d543298\.system_generated\steps\2061\
	                   1	C:\Users\DannyGeminiAnti\.gemini\antigravity\brain\a9e1a503-bcef-4103-9c94-ab351d543298\.system_generated\steps\2063\
	                   1	C:\Users\DannyGeminiAnti\.gemini\antigravity\brain\a9e1a503-bcef-4103-9c94-ab351d543298\.system_generated\steps\2065\
	                   1	C:\Users\DannyGeminiAnti\.gemini\antigravity\brain\a9e1a503-bcef-4103-9c94-ab351d543298\.system_generated\steps\2069\
	                   1	C:\Users\DannyGeminiAnti\.gemini\antigravity\brain\a9e1a503-bcef-4103-9c94-ab351d543298\.system_generated\steps\207\
	                   1	C:\Users\DannyGeminiAnti\.gemini\antigravity\brain\a9e1a503-bcef-4103-9c94-ab351d543298\.system_generated\steps\2074\
	                   1	C:\Users\DannyGeminiAnti\.gemini\antigravity\brain\a9e1a503-bcef-4103-9c94-ab351d543298\.system_generated\steps\2076\
	                   1	C:\Users\DannyGeminiAnti\.gemini\antigravity\brain\a9e1a503-bcef-4103-9c94-ab351d543298\.system_generated\steps\2078\
	                   1	C:\Users\DannyGeminiAnti\.gemini\antigravity\brain\a9e1a503-bcef-4103-9c94-ab351d543298\.system_generated\steps\2080\
	                   1	C:\Users\DannyGeminiAnti\.gemini\antigravity\brain\a9e1a503-bcef-4103-9c94-ab351d543298\.system_generated\steps\2082\
	                   1	C:\Users\DannyGeminiAnti\.gemini\antigravity\brain\a9e1a503-bcef-4103-9c94-ab351d543298\.system_generated\steps\2084\
	                   1	C:\Users\DannyGeminiAnti\.gemini\antigravity\brain\a9e1a503-bcef-4103-9c94-ab351d543298\.system_generated\steps\2086\
	                   1	C:\Users\DannyGeminiAnti\.gemini\antigravity\brain\a9e1a503-bcef-4103-9c94-ab351d543298\.system_generated\steps\2088\
	                   1	C:\Users\DannyGeminiAnti\.gemini\antigravity\brain\a9e1a503-bcef-4103-9c94-ab351d543298\.system_generated\steps\209\
	                   1	C:\Users\DannyGeminiAnti\.gemini\antigravity\brain\a9e1a503-bcef-4103-9c94-ab351d543298\.system_generated\steps\2090\
	                   1	C:\Users\DannyGeminiAnti\.gemini\antigravity\brain\a9e1a503-bcef-4103-9c94-ab351d543298\.system_generated\steps\2092\
	                   1	C:\Users\DannyGeminiAnti\.gemini\antigravity\brain\a9e1a503-bcef-4103-9c94-ab351d543298\.system_generated\steps\2094\
	                   1	C:\Users\DannyGeminiAnti\.gemini\antigravity\brain\a9e1a503-bcef-4103-9c94-ab351d543298\.system_generated\steps\2096\
	                   1	C:\Users\DannyGeminiAnti\.gemini\antigravity\brain\a9e1a503-bcef-4103-9c94-ab351d543298\.system_generated\steps\21\
	                   1	C:\Users\DannyGeminiAnti\.gemini\antigravity\brain\a9e1a503-bcef-4103-9c94-ab351d543298\.system_generated\steps\2100\
	                   1	C:\Users\DannyGeminiAnti\.gemini\antigravity\brain\a9e1a503-bcef-4103-9c94-ab351d543298\.system_generated\steps\2102\
	                   1	C:\Users\DannyGeminiAnti\.gemini\antigravity\brain\a9e1a503-bcef-4103-9c94-ab351d543298\.system_generated\steps\2106\
	                   1	C:\Users\DannyGeminiAnti\.gemini\antigravity\brain\a9e1a503-bcef-4103-9c94-ab351d543298\.system_generated\steps\211\
	                   1	C:\Users\DannyGeminiAnti\.gemini\antigravity\brain\a9e1a503-bcef-4103-9c94-ab351d543298\.system_generated\steps\2112\
	                   1	C:\Users\DannyGeminiAnti\.gemini\antigravity\brain\a9e1a503-bcef-4103-9c94-ab351d543298\.system_generated\steps\2116\
	                   1	C:\Users\DannyGeminiAnti\.gemini\antigravity\brain\a9e1a503-bcef-4103-9c94-ab351d543298\.system_generated\steps\2118\
	                   1	C:\Users\DannyGeminiAnti\.gemini\antigravity\brain\a9e1a503-bcef-4103-9c94-ab351d543298\.system_generated\steps\2120\
	                   1	C:\Users\DannyGeminiAnti\.gemini\antigravity\brain\a9e1a503-bcef-4103-9c94-ab351d543298\.system_generated\steps\2124\
	                   1	C:\Users\DannyGeminiAnti\.gemini\antigravity\brain\a9e1a503-bcef-4103-9c94-ab351d543298\.system_generated\steps\2126\
	                   1	C:\Users\DannyGeminiAnti\.gemini\antigravity\brain\a9e1a503-bcef-4103-9c94-ab351d543298\.system_generated\steps\213\
	                   1	C:\Users\DannyGeminiAnti\.gemini\antigravity\brain\a9e1a503-bcef-4103-9c94-ab351d543298\.system_generated\steps\2130\
	                   1	C:\Users\DannyGeminiAnti\.gemini\antigravity\brain\a9e1a503-bcef-4103-9c94-ab351d543298\.system_generated\steps\2134\
	                   1	C:\Users\DannyGeminiAnti\.gemini\antigravity\brain\a9e1a503-bcef-4103-9c94-ab351d543298\.system_generated\steps\2136\
	                   1	C:\Users\DannyGeminiAnti\.gemini\antigravity\brain\a9e1a503-bcef-4103-9c94-ab351d543298\.system_generated\steps\2138\
	                   1	C:\Users\DannyGeminiAnti\.gemini\antigravity\brain\a9e1a503-bcef-4103-9c94-ab351d543298\.system_generated\steps\2141\
	                   1	C:\Users\DannyGeminiAnti\.gemini\antigravity\brain\a9e1a503-bcef-4103-9c94-ab351d543298\.system_generated\steps\2143\
	                   1	C:\Users\DannyGeminiAnti\.gemini\antigravity\brain\a9e1a503-bcef-4103-9c94-ab351d543298\.system_generated\steps\2147\
	                   1	C:\Users\DannyGeminiAnti\.gemini\antigravity\brain\a9e1a503-bcef-4103-9c94-ab351d543298\.system_generated\steps\2149\
	                   1	C:\Users\DannyGeminiAnti\.gemini\antigravity\brain\a9e1a503-bcef-4103-9c94-ab351d543298\.system_generated\steps\2153\
	                   1	C:\Users\DannyGeminiAnti\.gemini\antigravity\brain\a9e1a503-bcef-4103-9c94-ab351d543298\.system_generated\steps\2158\
	                   1	C:\Users\DannyGeminiAnti\.gemini\antigravity\brain\a9e1a503-bcef-4103-9c94-ab351d543298\.system_generated\steps\2162\
	                   1	C:\Users\DannyGeminiAnti\.gemini\antigravity\brain\a9e1a503-bcef-4103-9c94-ab351d543298\.system_generated\steps\2164\
	                   1	C:\Users\DannyGeminiAnti\.gemini\antigravity\brain\a9e1a503-bcef-4103-9c94-ab351d543298\.system_generated\steps\2166\
	                   1	C:\Users\DannyGeminiAnti\.gemini\antigravity\brain\a9e1a503-bcef-4103-9c94-ab351d543298\.system_generated\steps\2168\
	                   1	C:\Users\DannyGeminiAnti\.gemini\antigravity\brain\a9e1a503-bcef-4103-9c94-ab351d543298\.system_generated\steps\217\
	                   1	C:\Users\DannyGeminiAnti\.gemini\antigravity\brain\a9e1a503-bcef-4103-9c94-ab351d543298\.system_generated\steps\2170\
	                   1	C:\Users\DannyGeminiAnti\.gemini\antigravity\brain\a9e1a503-bcef-4103-9c94-ab351d543298\.system_generated\steps\2172\
	                   1	C:\Users\DannyGeminiAnti\.gemini\antigravity\brain\a9e1a503-bcef-4103-9c94-ab351d543298\.system_generated\steps\2176\
	                   1	C:\Users\DannyGeminiAnti\.gemini\antigravity\brain\a9e1a503-bcef-4103-9c94-ab351d543298\.system_generated\steps\2180\
	                   1	C:\Users\DannyGeminiAnti\.gemini\antigravity\brain\a9e1a503-bcef-4103-9c94-ab351d543298\.system_generated\steps\2182\
	                   1	C:\Users\DannyGeminiAnti\.gemini\antigravity\brain\a9e1a503-bcef-4103-9c94-ab351d543298\.system_generated\steps\2184\
	                   1	C:\Users\DannyGeminiAnti\.gemini\antigravity\brain\a9e1a503-bcef-4103-9c94-ab351d543298\.system_generated\steps\2186\
	                   1	C:\Users\DannyGeminiAnti\.gemini\antigravity\brain\a9e1a503-bcef-4103-9c94-ab351d543298\.system_generated\steps\2188\
	                   1	C:\Users\DannyGeminiAnti\.gemini\antigravity\brain\a9e1a503-bcef-4103-9c94-ab351d543298\.system_generated\steps\2190\
	                   1	C:\Users\DannyGeminiAnti\.gemini\antigravity\brain\a9e1a503-bcef-4103-9c94-ab351d543298\.system_generated\steps\2192\
	                   1	C:\Users\DannyGeminiAnti\.gemini\antigravity\brain\a9e1a503-bcef-4103-9c94-ab351d543298\.system_generated\steps\2194\
	                   1	C:\Users\DannyGeminiAnti\.gemini\antigravity\brain\a9e1a503-bcef-4103-9c94-ab351d543298\.system_generated\steps\2198\
	                   1	C:\Users\DannyGeminiAnti\.gemini\antigravity\brain\a9e1a503-bcef-4103-9c94-ab351d543298\.system_generated\steps\2202\
	                   1	C:\Users\DannyGeminiAnti\.gemini\antigravity\brain\a9e1a503-bcef-4103-9c94-ab351d543298\.system_generated\steps\2204\
	                   1	C:\Users\DannyGeminiAnti\.gemini\antigravity\brain\a9e1a503-bcef-4103-9c94-ab351d543298\.system_generated\steps\2206\
	                   1	C:\Users\DannyGeminiAnti\.gemini\antigravity\brain\a9e1a503-bcef-4103-9c94-ab351d543298\.system_generated\steps\2208\
	                   1	C:\Users\DannyGeminiAnti\.gemini\antigravity\brain\a9e1a503-bcef-4103-9c94-ab351d543298\.system_generated\steps\221\
	                   1	C:\Users\DannyGeminiAnti\.gemini\antigravity\brain\a9e1a503-bcef-4103-9c94-ab351d543298\.system_generated\steps\2210\
	                   1	C:\Users\DannyGeminiAnti\.gemini\antigravity\brain\a9e1a503-bcef-4103-9c94-ab351d543298\.system_generated\steps\2212\
	                   1	C:\Users\DannyGeminiAnti\.gemini\antigravity\brain\a9e1a503-bcef-4103-9c94-ab351d543298\.system_generated\steps\2215\
	                   1	C:\Users\DannyGeminiAnti\.gemini\antigravity\brain\a9e1a503-bcef-4103-9c94-ab351d543298\.system_generated\steps\2219\
	                   1	C:\Users\DannyGeminiAnti\.gemini\antigravity\brain\a9e1a503-bcef-4103-9c94-ab351d543298\.system_generated\steps\2223\
	                   1	C:\Users\DannyGeminiAnti\.gemini\antigravity\brain\a9e1a503-bcef-4103-9c94-ab351d543298\.system_generated\steps\2225\
	                   1	C:\Users\DannyGeminiAnti\.gemini\antigravity\brain\a9e1a503-bcef-4103-9c94-ab351d543298\.system_generated\steps\2229\
	                   1	C:\Users\DannyGeminiAnti\.gemini\antigravity\brain\a9e1a503-bcef-4103-9c94-ab351d543298\.system_generated\steps\223\
	                   1	C:\Users\DannyGeminiAnti\.gemini\antigravity\brain\a9e1a503-bcef-4103-9c94-ab351d543298\.system_generated\steps\2231\
	                   1	C:\Users\DannyGeminiAnti\.gemini\antigravity\brain\a9e1a503-bcef-4103-9c94-ab351d543298\.system_generated\steps\2233\
	                   1	C:\Users\DannyGeminiAnti\.gemini\antigravity\brain\a9e1a503-bcef-4103-9c94-ab351d543298\.system_generated\steps\2235\
	                   1	C:\Users\DannyGeminiAnti\.gemini\antigravity\brain\a9e1a503-bcef-4103-9c94-ab351d543298\.system_generated\steps\2237\
	                   1	C:\Users\DannyGeminiAnti\.gemini\antigravity\brain\a9e1a503-bcef-4103-9c94-ab351d543298\.system_generated\steps\2239\
	                   1	C:\Users\DannyGeminiAnti\.gemini\antigravity\brain\a9e1a503-bcef-4103-9c94-ab351d543298\.system_generated\steps\2241\
	                   1	C:\Users\DannyGeminiAnti\.gemini\antigravity\brain\a9e1a503-bcef-4103-9c94-ab351d543298\.system_generated\steps\2243\
	                   1	C:\Users\DannyGeminiAnti\.gemini\antigravity\brain\a9e1a503-bcef-4103-9c94-ab351d543298\.system_generated\steps\2246\
	                   1	C:\Users\DannyGeminiAnti\.gemini\antigravity\brain\a9e1a503-bcef-4103-9c94-ab351d543298\.system_generated\steps\2248\
	                   1	C:\Users\DannyGeminiAnti\.gemini\antigravity\brain\a9e1a503-bcef-4103-9c94-ab351d543298\.system_generated\steps\2250\
	                   1	C:\Users\DannyGeminiAnti\.gemini\antigravity\brain\a9e1a503-bcef-4103-9c94-ab351d543298\.system_generated\steps\2252\
	                   1	C:\Users\DannyGeminiAnti\.gemini\antigravity\brain\a9e1a503-bcef-4103-9c94-ab351d543298\.system_generated\steps\2254\
	                   1	C:\Users\DannyGeminiAnti\.gemini\antigravity\brain\a9e1a503-bcef-4103-9c94-ab351d543298\.system_generated\steps\2256\
	                   1	C:\Users\DannyGeminiAnti\.gemini\antigravity\brain\a9e1a503-bcef-4103-9c94-ab351d543298\.system_generated\steps\2258\
	                   1	C:\Users\DannyGeminiAnti\.gemini\antigravity\brain\a9e1a503-bcef-4103-9c94-ab351d543298\.system_generated\steps\2260\
	                   1	C:\Users\DannyGeminiAnti\.gemini\antigravity\brain\a9e1a503-bcef-4103-9c94-ab351d543298\.system_generated\steps\2262\
	                   1	C:\Users\DannyGeminiAnti\.gemini\antigravity\brain\a9e1a503-bcef-4103-9c94-ab351d543298\.system_generated\steps\2264\
	                   1	C:\Users\DannyGeminiAnti\.gemini\antigravity\brain\a9e1a503-bcef-4103-9c94-ab351d543298\.system_generated\steps\2266\
	                   1	C:\Users\DannyGeminiAnti\.gemini\antigravity\brain\a9e1a503-bcef-4103-9c94-ab351d543298\.system_generated\steps\2268\
	                   1	C:\Users\DannyGeminiAnti\.gemini\antigravity\brain\a9e1a503-bcef-4103-9c94-ab351d543298\.system_generated\steps\227\
	                   1	C:\Users\DannyGeminiAnti\.gemini\antigravity\brain\a9e1a503-bcef-4103-9c94-ab351d543298\.system_generated\steps\2270\
	                   1	C:\Users\DannyGeminiAnti\.gemini\antigravity\brain\a9e1a503-bcef-4103-9c94-ab351d543298\.system_generated\steps\2272\
	                   1	C:\Users\DannyGeminiAnti\.gemini\antigravity\brain\a9e1a503-bcef-4103-9c94-ab351d543298\.system_generated\steps\2274\
	                   1	C:\Users\DannyGeminiAnti\.gemini\antigravity\brain\a9e1a503-bcef-4103-9c94-ab351d543298\.system_generated\steps\2278\
	                   1	C:\Users\DannyGeminiAnti\.gemini\antigravity\brain\a9e1a503-bcef-4103-9c94-ab351d543298\.system_generated\steps\2282\
	                   1	C:\Users\DannyGeminiAnti\.gemini\antigravity\brain\a9e1a503-bcef-4103-9c94-ab351d543298\.system_generated\steps\2284\
	                   1	C:\Users\DannyGeminiAnti\.gemini\antigravity\brain\a9e1a503-bcef-4103-9c94-ab351d543298\.system_generated\steps\2286\
	                   1	C:\Users\DannyGeminiAnti\.gemini\antigravity\brain\a9e1a503-bcef-4103-9c94-ab351d543298\.system_generated\steps\2288\
	                   1	C:\Users\DannyGeminiAnti\.gemini\antigravity\brain\a9e1a503-bcef-4103-9c94-ab351d543298\.system_generated\steps\2291\
	                   1	C:\Users\DannyGeminiAnti\.gemini\antigravity\brain\a9e1a503-bcef-4103-9c94-ab351d543298\.system_generated\steps\2293\
	                   1	C:\Users\DannyGeminiAnti\.gemini\antigravity\brain\a9e1a503-bcef-4103-9c94-ab351d543298\.system_generated\steps\2295\
	                   1	C:\Users\DannyGeminiAnti\.gemini\antigravity\brain\a9e1a503-bcef-4103-9c94-ab351d543298\.system_generated\steps\2297\
	                   1	C:\Users\DannyGeminiAnti\.gemini\antigravity\brain\a9e1a503-bcef-4103-9c94-ab351d543298\.system_generated\steps\2299\
	                   1	C:\Users\DannyGeminiAnti\.gemini\antigravity\brain\a9e1a503-bcef-4103-9c94-ab351d543298\.system_generated\steps\23\
	                   1	C:\Users\DannyGeminiAnti\.gemini\antigravity\brain\a9e1a503-bcef-4103-9c94-ab351d543298\.system_generated\steps\2301\
	                   1	C:\Users\DannyGeminiAnti\.gemini\antigravity\brain\a9e1a503-bcef-4103-9c94-ab351d543298\.system_generated\steps\2303\
	                   1	C:\Users\DannyGeminiAnti\.gemini\antigravity\brain\a9e1a503-bcef-4103-9c94-ab351d543298\.system_generated\steps\2305\
	                   1	C:\Users\DannyGeminiAnti\.gemini\antigravity\brain\a9e1a503-bcef-4103-9c94-ab351d543298\.system_generated\steps\2307\
	                   1	C:\Users\DannyGeminiAnti\.gemini\antigravity\brain\a9e1a503-bcef-4103-9c94-ab351d543298\.system_generated\steps\2309\
	                   1	C:\Users\DannyGeminiAnti\.gemini\antigravity\brain\a9e1a503-bcef-4103-9c94-ab351d543298\.system_generated\steps\2311\
	                   1	C:\Users\DannyGeminiAnti\.gemini\antigravity\brain\a9e1a503-bcef-4103-9c94-ab351d543298\.system_generated\steps\2314\
	                   1	C:\Users\DannyGeminiAnti\.gemini\antigravity\brain\a9e1a503-bcef-4103-9c94-ab351d543298\.system_generated\steps\2318\
	                   1	C:\Users\DannyGeminiAnti\.gemini\antigravity\brain\a9e1a503-bcef-4103-9c94-ab351d543298\.system_generated\steps\2322\
	                   1	C:\Users\DannyGeminiAnti\.gemini\antigravity\brain\a9e1a503-bcef-4103-9c94-ab351d543298\.system_generated\steps\2324\
	                   1	C:\Users\DannyGeminiAnti\.gemini\antigravity\brain\a9e1a503-bcef-4103-9c94-ab351d543298\.system_generated\steps\2326\
	                   1	C:\Users\DannyGeminiAnti\.gemini\antigravity\brain\a9e1a503-bcef-4103-9c94-ab351d543298\.system_generated\steps\233\
	                   1	C:\Users\DannyGeminiAnti\.gemini\antigravity\brain\a9e1a503-bcef-4103-9c94-ab351d543298\.system_generated\steps\2333\
	                   1	C:\Users\DannyGeminiAnti\.gemini\antigravity\brain\a9e1a503-bcef-4103-9c94-ab351d543298\.system_generated\steps\2335\
	                   1	C:\Users\DannyGeminiAnti\.gemini\antigravity\brain\a9e1a503-bcef-4103-9c94-ab351d543298\.system_generated\steps\2337\
	                   1	C:\Users\DannyGeminiAnti\.gemini\antigravity\brain\a9e1a503-bcef-4103-9c94-ab351d543298\.system_generated\steps\2339\
	                   1	C:\Users\DannyGeminiAnti\.gemini\antigravity\brain\a9e1a503-bcef-4103-9c94-ab351d543298\.system_generated\steps\2341\
	                   1	C:\Users\DannyGeminiAnti\.gemini\antigravity\brain\a9e1a503-bcef-4103-9c94-ab351d543298\.system_generated\steps\2343\
	                   1	C:\Users\DannyGeminiAnti\.gemini\antigravity\brain\a9e1a503-bcef-4103-9c94-ab351d543298\.system_generated\steps\2345\
	                   1	C:\Users\DannyGeminiAnti\.gemini\antigravity\brain\a9e1a503-bcef-4103-9c94-ab351d543298\.system_generated\steps\2347\
	                   1	C:\Users\DannyGeminiAnti\.gemini\antigravity\brain\a9e1a503-bcef-4103-9c94-ab351d543298\.system_generated\steps\2349\
	                   1	C:\Users\DannyGeminiAnti\.gemini\antigravity\brain\a9e1a503-bcef-4103-9c94-ab351d543298\.system_generated\steps\235\
	                   1	C:\Users\DannyGeminiAnti\.gemini\antigravity\brain\a9e1a503-bcef-4103-9c94-ab351d543298\.system_generated\steps\2351\
	                   1	C:\Users\DannyGeminiAnti\.gemini\antigravity\brain\a9e1a503-bcef-4103-9c94-ab351d543298\.system_generated\steps\2353\
	                   1	C:\Users\DannyGeminiAnti\.gemini\antigravity\brain\a9e1a503-bcef-4103-9c94-ab351d543298\.system_generated\steps\2355\
	                   1	C:\Users\DannyGeminiAnti\.gemini\antigravity\brain\a9e1a503-bcef-4103-9c94-ab351d543298\.system_generated\steps\2359\
	                   1	C:\Users\DannyGeminiAnti\.gemini\antigravity\brain\a9e1a503-bcef-4103-9c94-ab351d543298\.system_generated\steps\2364\
	                   1	C:\Users\DannyGeminiAnti\.gemini\antigravity\brain\a9e1a503-bcef-4103-9c94-ab351d543298\.system_generated\steps\2366\
	                   1	C:\Users\DannyGeminiAnti\.gemini\antigravity\brain\a9e1a503-bcef-4103-9c94-ab351d543298\.system_generated\steps\2368\
	                   1	C:\Users\DannyGeminiAnti\.gemini\antigravity\brain\a9e1a503-bcef-4103-9c94-ab351d543298\.system_generated\steps\237\
	                   1	C:\Users\DannyGeminiAnti\.gemini\antigravity\brain\a9e1a503-bcef-4103-9c94-ab351d543298\.system_generated\steps\2370\
	                   1	C:\Users\DannyGeminiAnti\.gemini\antigravity\brain\a9e1a503-bcef-4103-9c94-ab351d543298\.system_generated\steps\2372\
	                   1	C:\Users\DannyGeminiAnti\.gemini\antigravity\brain\a9e1a503-bcef-4103-9c94-ab351d543298\.system_generated\steps\2374\
	                   1	C:\Users\DannyGeminiAnti\.gemini\antigravity\brain\a9e1a503-bcef-4103-9c94-ab351d543298\.system_generated\steps\2376\
	                   1	C:\Users\DannyGeminiAnti\.gemini\antigravity\brain\a9e1a503-bcef-4103-9c94-ab351d543298\.system_generated\steps\2378\
	                   1	C:\Users\DannyGeminiAnti\.gemini\antigravity\brain\a9e1a503-bcef-4103-9c94-ab351d543298\.system_generated\steps\2380\
	                   1	C:\Users\DannyGeminiAnti\.gemini\antigravity\brain\a9e1a503-bcef-4103-9c94-ab351d543298\.system_generated\steps\2382\
	                   1	C:\Users\DannyGeminiAnti\.gemini\antigravity\brain\a9e1a503-bcef-4103-9c94-ab351d543298\.system_generated\steps\2384\
	                   1	C:\Users\DannyGeminiAnti\.gemini\antigravity\brain\a9e1a503-bcef-4103-9c94-ab351d543298\.system_generated\steps\2386\
	                   1	C:\Users\DannyGeminiAnti\.gemini\antigravity\brain\a9e1a503-bcef-4103-9c94-ab351d543298\.system_generated\steps\2388\
	                   1	C:\Users\DannyGeminiAnti\.gemini\antigravity\brain\a9e1a503-bcef-4103-9c94-ab351d543298\.system_generated\steps\239\
	                   1	C:\Users\DannyGeminiAnti\.gemini\antigravity\brain\a9e1a503-bcef-4103-9c94-ab351d543298\.system_generated\steps\2390\
	                   1	C:\Users\DannyGeminiAnti\.gemini\antigravity\brain\a9e1a503-bcef-4103-9c94-ab351d543298\.system_generated\steps\2392\
	                   1	C:\Users\DannyGeminiAnti\.gemini\antigravity\brain\a9e1a503-bcef-4103-9c94-ab351d543298\.system_generated\steps\2394\
	                   1	C:\Users\DannyGeminiAnti\.gemini\antigravity\brain\a9e1a503-bcef-4103-9c94-ab351d543298\.system_generated\steps\2396\
	                   1	C:\Users\DannyGeminiAnti\.gemini\antigravity\brain\a9e1a503-bcef-4103-9c94-ab351d543298\.system_generated\steps\2398\
	                   1	C:\Users\DannyGeminiAnti\.gemini\antigravity\brain\a9e1a503-bcef-4103-9c94-ab351d543298\.system_generated\steps\2400\
	                   1	C:\Users\DannyGeminiAnti\.gemini\antigravity\brain\a9e1a503-bcef-4103-9c94-ab351d543298\.system_generated\steps\2402\
	                   1	C:\Users\DannyGeminiAnti\.gemini\antigravity\brain\a9e1a503-bcef-4103-9c94-ab351d543298\.system_generated\steps\2406\
	                   1	C:\Users\DannyGeminiAnti\.gemini\antigravity\brain\a9e1a503-bcef-4103-9c94-ab351d543298\.system_generated\steps\241\
	                   1	C:\Users\DannyGeminiAnti\.gemini\antigravity\brain\a9e1a503-bcef-4103-9c94-ab351d543298\.system_generated\steps\2410\
	                   1	C:\Users\DannyGeminiAnti\.gemini\antigravity\brain\a9e1a503-bcef-4103-9c94-ab351d543298\.system_generated\steps\2412\
	                   1	C:\Users\DannyGeminiAnti\.gemini\antigravity\brain\a9e1a503-bcef-4103-9c94-ab351d543298\.system_generated\steps\2414\
	                   1	C:\Users\DannyGeminiAnti\.gemini\antigravity\brain\a9e1a503-bcef-4103-9c94-ab351d543298\.system_generated\steps\2416\
	                   1	C:\Users\DannyGeminiAnti\.gemini\antigravity\brain\a9e1a503-bcef-4103-9c94-ab351d543298\.system_generated\steps\2419\
	                   1	C:\Users\DannyGeminiAnti\.gemini\antigravity\brain\a9e1a503-bcef-4103-9c94-ab351d543298\.system_generated\steps\2421\
	                   1	C:\Users\DannyGeminiAnti\.gemini\antigravity\brain\a9e1a503-bcef-4103-9c94-ab351d543298\.system_generated\steps\2423\
	                   1	C:\Users\DannyGeminiAnti\.gemini\antigravity\brain\a9e1a503-bcef-4103-9c94-ab351d543298\.system_generated\steps\2425\
	                   1	C:\Users\DannyGeminiAnti\.gemini\antigravity\brain\a9e1a503-bcef-4103-9c94-ab351d543298\.system_generated\steps\2427\
	                   1	C:\Users\DannyGeminiAnti\.gemini\antigravity\brain\a9e1a503-bcef-4103-9c94-ab351d543298\.system_generated\steps\2429\
	                   1	C:\Users\DannyGeminiAnti\.gemini\antigravity\brain\a9e1a503-bcef-4103-9c94-ab351d543298\.system_generated\steps\243\
	                   1	C:\Users\DannyGeminiAnti\.gemini\antigravity\brain\a9e1a503-bcef-4103-9c94-ab351d543298\.system_generated\steps\2431\
	                   1	C:\Users\DannyGeminiAnti\.gemini\antigravity\brain\a9e1a503-bcef-4103-9c94-ab351d543298\.system_generated\steps\2433\
	                   1	C:\Users\DannyGeminiAnti\.gemini\antigravity\brain\a9e1a503-bcef-4103-9c94-ab351d543298\.system_generated\steps\2435\
	                   1	C:\Users\DannyGeminiAnti\.gemini\antigravity\brain\a9e1a503-bcef-4103-9c94-ab351d543298\.system_generated\steps\2437\
	                   1	C:\Users\DannyGeminiAnti\.gemini\antigravity\brain\a9e1a503-bcef-4103-9c94-ab351d543298\.system_generated\steps\2440\
	                   1	C:\Users\DannyGeminiAnti\.gemini\antigravity\brain\a9e1a503-bcef-4103-9c94-ab351d543298\.system_generated\steps\2442\
	                   1	C:\Users\DannyGeminiAnti\.gemini\antigravity\brain\a9e1a503-bcef-4103-9c94-ab351d543298\.system_generated\steps\2444\
	                   1	C:\Users\DannyGeminiAnti\.gemini\antigravity\brain\a9e1a503-bcef-4103-9c94-ab351d543298\.system_generated\steps\2448\
	                   1	C:\Users\DannyGeminiAnti\.gemini\antigravity\brain\a9e1a503-bcef-4103-9c94-ab351d543298\.system_generated\steps\245\
	                   1	C:\Users\DannyGeminiAnti\.gemini\antigravity\brain\a9e1a503-bcef-4103-9c94-ab351d543298\.system_generated\steps\2450\
	                   1	C:\Users\DannyGeminiAnti\.gemini\antigravity\brain\a9e1a503-bcef-4103-9c94-ab351d543298\.system_generated\steps\2452\
	                   1	C:\Users\DannyGeminiAnti\.gemini\antigravity\brain\a9e1a503-bcef-4103-9c94-ab351d543298\.system_generated\steps\2454\
	                   1	C:\Users\DannyGeminiAnti\.gemini\antigravity\brain\a9e1a503-bcef-4103-9c94-ab351d543298\.system_generated\steps\2458\
	                   1	C:\Users\DannyGeminiAnti\.gemini\antigravity\brain\a9e1a503-bcef-4103-9c94-ab351d543298\.system_generated\steps\2462\
	                   1	C:\Users\DannyGeminiAnti\.gemini\antigravity\brain\a9e1a503-bcef-4103-9c94-ab351d543298\.system_generated\steps\2464\
	                   1	C:\Users\DannyGeminiAnti\.gemini\antigravity\brain\a9e1a503-bcef-4103-9c94-ab351d543298\.system_generated\steps\2466\
	                   1	C:\Users\DannyGeminiAnti\.gemini\antigravity\brain\a9e1a503-bcef-4103-9c94-ab351d543298\.system_generated\steps\2468\
	                   1	C:\Users\DannyGeminiAnti\.gemini\antigravity\brain\a9e1a503-bcef-4103-9c94-ab351d543298\.system_generated\steps\2470\
	                   1	C:\Users\DannyGeminiAnti\.gemini\antigravity\brain\a9e1a503-bcef-4103-9c94-ab351d543298\.system_generated\steps\2472\
	                   1	C:\Users\DannyGeminiAnti\.gemini\antigravity\brain\a9e1a503-bcef-4103-9c94-ab351d543298\.system_generated\steps\2474\
	                   1	C:\Users\DannyGeminiAnti\.gemini\antigravity\brain\a9e1a503-bcef-4103-9c94-ab351d543298\.system_generated\steps\2477\
	                   1	C:\Users\DannyGeminiAnti\.gemini\antigravity\brain\a9e1a503-bcef-4103-9c94-ab351d543298\.system_generated\steps\2479\
	                   1	C:\Users\DannyGeminiAnti\.gemini\antigravity\brain\a9e1a503-bcef-4103-9c94-ab351d543298\.system_generated\steps\2481\
	                   1	C:\Users\DannyGeminiAnti\.gemini\antigravity\brain\a9e1a503-bcef-4103-9c94-ab351d543298\.system_generated\steps\2483\
	                   1	C:\Users\DannyGeminiAnti\.gemini\antigravity\brain\a9e1a503-bcef-4103-9c94-ab351d543298\.system_generated\steps\2485\
	                   1	C:\Users\DannyGeminiAnti\.gemini\antigravity\brain\a9e1a503-bcef-4103-9c94-ab351d543298\.system_generated\steps\2487\
	                   1	C:\Users\DannyGeminiAnti\.gemini\antigravity\brain\a9e1a503-bcef-4103-9c94-ab351d543298\.system_generated\steps\2489\
	                   1	C:\Users\DannyGeminiAnti\.gemini\antigravity\brain\a9e1a503-bcef-4103-9c94-ab351d543298\.system_generated\steps\2491\
	                   1	C:\Users\DannyGeminiAnti\.gemini\antigravity\brain\a9e1a503-bcef-4103-9c94-ab351d543298\.system_generated\steps\2495\
	                   1	C:\Users\DannyGeminiAnti\.gemini\antigravity\brain\a9e1a503-bcef-4103-9c94-ab351d543298\.system_generated\steps\2497\
	                   1	C:\Users\DannyGeminiAnti\.gemini\antigravity\brain\a9e1a503-bcef-4103-9c94-ab351d543298\.system_generated\steps\2499\
	                   1	C:\Users\DannyGeminiAnti\.gemini\antigravity\brain\a9e1a503-bcef-4103-9c94-ab351d543298\.system_generated\steps\2503\
	                   1	C:\Users\DannyGeminiAnti\.gemini\antigravity\brain\a9e1a503-bcef-4103-9c94-ab351d543298\.system_generated\steps\2505\
	                   1	C:\Users\DannyGeminiAnti\.gemini\antigravity\brain\a9e1a503-bcef-4103-9c94-ab351d543298\.system_generated\steps\2507\
	                   1	C:\Users\DannyGeminiAnti\.gemini\antigravity\brain\a9e1a503-bcef-4103-9c94-ab351d543298\.system_generated\steps\2509\
	                   1	C:\Users\DannyGeminiAnti\.gemini\antigravity\brain\a9e1a503-bcef-4103-9c94-ab351d543298\.system_generated\steps\2511\
	                   1	C:\Users\DannyGeminiAnti\.gemini\antigravity\brain\a9e1a503-bcef-4103-9c94-ab351d543298\.system_generated\steps\2513\
	                   1	C:\Users\DannyGeminiAnti\.gemini\antigravity\brain\a9e1a503-bcef-4103-9c94-ab351d543298\.system_generated\steps\2515\
	                   1	C:\Users\DannyGeminiAnti\.gemini\antigravity\brain\a9e1a503-bcef-4103-9c94-ab351d543298\.system_generated\steps\2517\
	                   1	C:\Users\DannyGeminiAnti\.gemini\antigravity\brain\a9e1a503-bcef-4103-9c94-ab351d543298\.system_generated\steps\2519\
	                   1	C:\Users\DannyGeminiAnti\.gemini\antigravity\brain\a9e1a503-bcef-4103-9c94-ab351d543298\.system_generated\steps\2521\
	                   1	C:\Users\DannyGeminiAnti\.gemini\antigravity\brain\a9e1a503-bcef-4103-9c94-ab351d543298\.system_generated\steps\2526\
	                   1	C:\Users\DannyGeminiAnti\.gemini\antigravity\brain\a9e1a503-bcef-4103-9c94-ab351d543298\.system_generated\steps\2528\
	                   1	C:\Users\DannyGeminiAnti\.gemini\antigravity\brain\a9e1a503-bcef-4103-9c94-ab351d543298\.system_generated\steps\253\
	                   1	C:\Users\DannyGeminiAnti\.gemini\antigravity\brain\a9e1a503-bcef-4103-9c94-ab351d543298\.system_generated\steps\2530\
	                   1	C:\Users\DannyGeminiAnti\.gemini\antigravity\brain\a9e1a503-bcef-4103-9c94-ab351d543298\.system_generated\steps\2532\
	                   1	C:\Users\DannyGeminiAnti\.gemini\antigravity\brain\a9e1a503-bcef-4103-9c94-ab351d543298\.system_generated\steps\2534\
	                   1	C:\Users\DannyGeminiAnti\.gemini\antigravity\brain\a9e1a503-bcef-4103-9c94-ab351d543298\.system_generated\steps\2536\
	                   1	C:\Users\DannyGeminiAnti\.gemini\antigravity\brain\a9e1a503-bcef-4103-9c94-ab351d543298\.system_generated\steps\2538\
	                   1	C:\Users\DannyGeminiAnti\.gemini\antigravity\brain\a9e1a503-bcef-4103-9c94-ab351d543298\.system_generated\steps\2540\
	                   1	C:\Users\DannyGeminiAnti\.gemini\antigravity\brain\a9e1a503-bcef-4103-9c94-ab351d543298\.system_generated\steps\2542\
	                   1	C:\Users\DannyGeminiAnti\.gemini\antigravity\brain\a9e1a503-bcef-4103-9c94-ab351d543298\.system_generated\steps\2546\
	                   1	C:\Users\DannyGeminiAnti\.gemini\antigravity\brain\a9e1a503-bcef-4103-9c94-ab351d543298\.system_generated\steps\255\
	                   1	C:\Users\DannyGeminiAnti\.gemini\antigravity\brain\a9e1a503-bcef-4103-9c94-ab351d543298\.system_generated\steps\2553\
	                   1	C:\Users\DannyGeminiAnti\.gemini\antigravity\brain\a9e1a503-bcef-4103-9c94-ab351d543298\.system_generated\steps\2555\
	                   1	C:\Users\DannyGeminiAnti\.gemini\antigravity\brain\a9e1a503-bcef-4103-9c94-ab351d543298\.system_generated\steps\2557\
	                   1	C:\Users\DannyGeminiAnti\.gemini\antigravity\brain\a9e1a503-bcef-4103-9c94-ab351d543298\.system_generated\steps\2563\
	                   1	C:\Users\DannyGeminiAnti\.gemini\antigravity\brain\a9e1a503-bcef-4103-9c94-ab351d543298\.system_generated\steps\2565\
	                   1	C:\Users\DannyGeminiAnti\.gemini\antigravity\brain\a9e1a503-bcef-4103-9c94-ab351d543298\.system_generated\steps\2567\
	                   1	C:\Users\DannyGeminiAnti\.gemini\antigravity\brain\a9e1a503-bcef-4103-9c94-ab351d543298\.system_generated\steps\2569\
	                   1	C:\Users\DannyGeminiAnti\.gemini\antigravity\brain\a9e1a503-bcef-4103-9c94-ab351d543298\.system_generated\steps\2571\
	                   1	C:\Users\DannyGeminiAnti\.gemini\antigravity\brain\a9e1a503-bcef-4103-9c94-ab351d543298\.system_generated\steps\2573\
	                   1	C:\Users\DannyGeminiAnti\.gemini\antigravity\brain\a9e1a503-bcef-4103-9c94-ab351d543298\.system_generated\steps\2575\
	                   1	C:\Users\DannyGeminiAnti\.gemini\antigravity\brain\a9e1a503-bcef-4103-9c94-ab351d543298\.system_generated\steps\2577\
	                   1	C:\Users\DannyGeminiAnti\.gemini\antigravity\brain\a9e1a503-bcef-4103-9c94-ab351d543298\.system_generated\steps\2579\
	                   1	C:\Users\DannyGeminiAnti\.gemini\antigravity\brain\a9e1a503-bcef-4103-9c94-ab351d543298\.system_generated\steps\2581\
	                   1	C:\Users\DannyGeminiAnti\.gemini\antigravity\brain\a9e1a503-bcef-4103-9c94-ab351d543298\.system_generated\steps\2583\
	                   1	C:\Users\DannyGeminiAnti\.gemini\antigravity\brain\a9e1a503-bcef-4103-9c94-ab351d543298\.system_generated\steps\2585\
	                   1	C:\Users\DannyGeminiAnti\.gemini\antigravity\brain\a9e1a503-bcef-4103-9c94-ab351d543298\.system_generated\steps\2587\
	                   1	C:\Users\DannyGeminiAnti\.gemini\antigravity\brain\a9e1a503-bcef-4103-9c94-ab351d543298\.system_generated\steps\2589\
	                   1	C:\Users\DannyGeminiAnti\.gemini\antigravity\brain\a9e1a503-bcef-4103-9c94-ab351d543298\.system_generated\steps\2591\
	                   1	C:\Users\DannyGeminiAnti\.gemini\antigravity\brain\a9e1a503-bcef-4103-9c94-ab351d543298\.system_generated\steps\2593\
	                   1	C:\Users\DannyGeminiAnti\.gemini\antigravity\brain\a9e1a503-bcef-4103-9c94-ab351d543298\.system_generated\steps\2595\
	                   1	C:\Users\DannyGeminiAnti\.gemini\antigravity\brain\a9e1a503-bcef-4103-9c94-ab351d543298\.system_generated\steps\2599\
	                   1	C:\Users\DannyGeminiAnti\.gemini\antigravity\brain\a9e1a503-bcef-4103-9c94-ab351d543298\.system_generated\steps\2601\
	                   1	C:\Users\DannyGeminiAnti\.gemini\antigravity\brain\a9e1a503-bcef-4103-9c94-ab351d543298\.system_generated\steps\2605\
	                   1	C:\Users\DannyGeminiAnti\.gemini\antigravity\brain\a9e1a503-bcef-4103-9c94-ab351d543298\.system_generated\steps\2607\
	                   1	C:\Users\DannyGeminiAnti\.gemini\antigravity\brain\a9e1a503-bcef-4103-9c94-ab351d543298\.system_generated\steps\2611\
	                   1	C:\Users\DannyGeminiAnti\.gemini\antigravity\brain\a9e1a503-bcef-4103-9c94-ab351d543298\.system_generated\steps\2613\
	                   1	C:\Users\DannyGeminiAnti\.gemini\antigravity\brain\a9e1a503-bcef-4103-9c94-ab351d543298\.system_generated\steps\2615\
	                   1	C:\Users\DannyGeminiAnti\.gemini\antigravity\brain\a9e1a503-bcef-4103-9c94-ab351d543298\.system_generated\steps\2619\
	                   1	C:\Users\DannyGeminiAnti\.gemini\antigravity\brain\a9e1a503-bcef-4103-9c94-ab351d543298\.system_generated\steps\262\
	                   1	C:\Users\DannyGeminiAnti\.gemini\antigravity\brain\a9e1a503-bcef-4103-9c94-ab351d543298\.system_generated\steps\2621\
	                   1	C:\Users\DannyGeminiAnti\.gemini\antigravity\brain\a9e1a503-bcef-4103-9c94-ab351d543298\.system_generated\steps\2623\
	                   1	C:\Users\DannyGeminiAnti\.gemini\antigravity\brain\a9e1a503-bcef-4103-9c94-ab351d543298\.system_generated\steps\2631\
	                   1	C:\Users\DannyGeminiAnti\.gemini\antigravity\brain\a9e1a503-bcef-4103-9c94-ab351d543298\.system_generated\steps\2633\
	                   1	C:\Users\DannyGeminiAnti\.gemini\antigravity\brain\a9e1a503-bcef-4103-9c94-ab351d543298\.system_generated\steps\2635\
	                   1	C:\Users\DannyGeminiAnti\.gemini\antigravity\brain\a9e1a503-bcef-4103-9c94-ab351d543298\.system_generated\steps\2637\
	                   1	C:\Users\DannyGeminiAnti\.gemini\antigravity\brain\a9e1a503-bcef-4103-9c94-ab351d543298\.system_generated\steps\2639\
	                   1	C:\Users\DannyGeminiAnti\.gemini\antigravity\brain\a9e1a503-bcef-4103-9c94-ab351d543298\.system_generated\steps\264\
	                   1	C:\Users\DannyGeminiAnti\.gemini\antigravity\brain\a9e1a503-bcef-4103-9c94-ab351d543298\.system_generated\steps\2641\
	                   1	C:\Users\DannyGeminiAnti\.gemini\antigravity\brain\a9e1a503-bcef-4103-9c94-ab351d543298\.system_generated\steps\2643\
	                   1	C:\Users\DannyGeminiAnti\.gemini\antigravity\brain\a9e1a503-bcef-4103-9c94-ab351d543298\.system_generated\steps\2645\
	                   1	C:\Users\DannyGeminiAnti\.gemini\antigravity\brain\a9e1a503-bcef-4103-9c94-ab351d543298\.system_generated\steps\2647\
	                   1	C:\Users\DannyGeminiAnti\.gemini\antigravity\brain\a9e1a503-bcef-4103-9c94-ab351d543298\.system_generated\steps\2649\
	                   1	C:\Users\DannyGeminiAnti\.gemini\antigravity\brain\a9e1a503-bcef-4103-9c94-ab351d543298\.system_generated\steps\2651\
	                   1	C:\Users\DannyGeminiAnti\.gemini\antigravity\brain\a9e1a503-bcef-4103-9c94-ab351d543298\.system_generated\steps\2653\
	                   1	C:\Users\DannyGeminiAnti\.gemini\antigravity\brain\a9e1a503-bcef-4103-9c94-ab351d543298\.system_generated\steps\2655\
	                   1	C:\Users\DannyGeminiAnti\.gemini\antigravity\brain\a9e1a503-bcef-4103-9c94-ab351d543298\.system_generated\steps\2657\
	                   1	C:\Users\DannyGeminiAnti\.gemini\antigravity\brain\a9e1a503-bcef-4103-9c94-ab351d543298\.system_generated\steps\2659\
	                   1	C:\Users\DannyGeminiAnti\.gemini\antigravity\brain\a9e1a503-bcef-4103-9c94-ab351d543298\.system_generated\steps\266\
	                   1	C:\Users\DannyGeminiAnti\.gemini\antigravity\brain\a9e1a503-bcef-4103-9c94-ab351d543298\.system_generated\steps\2661\
	                   1	C:\Users\DannyGeminiAnti\.gemini\antigravity\brain\a9e1a503-bcef-4103-9c94-ab351d543298\.system_generated\steps\2663\
	                   1	C:\Users\DannyGeminiAnti\.gemini\antigravity\brain\a9e1a503-bcef-4103-9c94-ab351d543298\.system_generated\steps\2667\
	                   1	C:\Users\DannyGeminiAnti\.gemini\antigravity\brain\a9e1a503-bcef-4103-9c94-ab351d543298\.system_generated\steps\2669\
	                   1	C:\Users\DannyGeminiAnti\.gemini\antigravity\brain\a9e1a503-bcef-4103-9c94-ab351d543298\.system_generated\steps\2671\
	                   1	C:\Users\DannyGeminiAnti\.gemini\antigravity\brain\a9e1a503-bcef-4103-9c94-ab351d543298\.system_generated\steps\2675\
	                   1	C:\Users\DannyGeminiAnti\.gemini\antigravity\brain\a9e1a503-bcef-4103-9c94-ab351d543298\.system_generated\steps\2677\
	                   1	C:\Users\DannyGeminiAnti\.gemini\antigravity\brain\a9e1a503-bcef-4103-9c94-ab351d543298\.system_generated\steps\2679\
	                   1	C:\Users\DannyGeminiAnti\.gemini\antigravity\brain\a9e1a503-bcef-4103-9c94-ab351d543298\.system_generated\steps\268\
	                   1	C:\Users\DannyGeminiAnti\.gemini\antigravity\brain\a9e1a503-bcef-4103-9c94-ab351d543298\.system_generated\steps\2681\
	                   1	C:\Users\DannyGeminiAnti\.gemini\antigravity\brain\a9e1a503-bcef-4103-9c94-ab351d543298\.system_generated\steps\2683\
	                   1	C:\Users\DannyGeminiAnti\.gemini\antigravity\brain\a9e1a503-bcef-4103-9c94-ab351d543298\.system_generated\steps\2685\
	                   1	C:\Users\DannyGeminiAnti\.gemini\antigravity\brain\a9e1a503-bcef-4103-9c94-ab351d543298\.system_generated\steps\2687\
	                   1	C:\Users\DannyGeminiAnti\.gemini\antigravity\brain\a9e1a503-bcef-4103-9c94-ab351d543298\.system_generated\steps\2689\
	                   1	C:\Users\DannyGeminiAnti\.gemini\antigravity\brain\a9e1a503-bcef-4103-9c94-ab351d543298\.system_generated\steps\2693\
	                   1	C:\Users\DannyGeminiAnti\.gemini\antigravity\brain\a9e1a503-bcef-4103-9c94-ab351d543298\.system_generated\steps\2695\
	                   1	C:\Users\DannyGeminiAnti\.gemini\antigravity\brain\a9e1a503-bcef-4103-9c94-ab351d543298\.system_generated\steps\2699\
	                   1	C:\Users\DannyGeminiAnti\.gemini\antigravity\brain\a9e1a503-bcef-4103-9c94-ab351d543298\.system_generated\steps\27\
	                   1	C:\Users\DannyGeminiAnti\.gemini\antigravity\brain\a9e1a503-bcef-4103-9c94-ab351d543298\.system_generated\steps\270\
	                   1	C:\Users\DannyGeminiAnti\.gemini\antigravity\brain\a9e1a503-bcef-4103-9c94-ab351d543298\.system_generated\steps\2701\
	                   1	C:\Users\DannyGeminiAnti\.gemini\antigravity\brain\a9e1a503-bcef-4103-9c94-ab351d543298\.system_generated\steps\2703\
	                   1	C:\Users\DannyGeminiAnti\.gemini\antigravity\brain\a9e1a503-bcef-4103-9c94-ab351d543298\.system_generated\steps\2707\
	                   1	C:\Users\DannyGeminiAnti\.gemini\antigravity\brain\a9e1a503-bcef-4103-9c94-ab351d543298\.system_generated\steps\2709\
	                   1	C:\Users\DannyGeminiAnti\.gemini\antigravity\brain\a9e1a503-bcef-4103-9c94-ab351d543298\.system_generated\steps\2711\
	                   1	C:\Users\DannyGeminiAnti\.gemini\antigravity\brain\a9e1a503-bcef-4103-9c94-ab351d543298\.system_generated\steps\2713\
	                   1	C:\Users\DannyGeminiAnti\.gemini\antigravity\brain\a9e1a503-bcef-4103-9c94-ab351d543298\.system_generated\steps\2717\
	                   1	C:\Users\DannyGeminiAnti\.gemini\antigravity\brain\a9e1a503-bcef-4103-9c94-ab351d543298\.system_generated\steps\2719\
	                   1	C:\Users\DannyGeminiAnti\.gemini\antigravity\brain\a9e1a503-bcef-4103-9c94-ab351d543298\.system_generated\steps\272\
	                   1	C:\Users\DannyGeminiAnti\.gemini\antigravity\brain\a9e1a503-bcef-4103-9c94-ab351d543298\.system_generated\steps\2721\
	                   1	C:\Users\DannyGeminiAnti\.gemini\antigravity\brain\a9e1a503-bcef-4103-9c94-ab351d543298\.system_generated\steps\2723\
	                   1	C:\Users\DannyGeminiAnti\.gemini\antigravity\brain\a9e1a503-bcef-4103-9c94-ab351d543298\.system_generated\steps\2725\
	                   1	C:\Users\DannyGeminiAnti\.gemini\antigravity\brain\a9e1a503-bcef-4103-9c94-ab351d543298\.system_generated\steps\2727\
	                   1	C:\Users\DannyGeminiAnti\.gemini\antigravity\brain\a9e1a503-bcef-4103-9c94-ab351d543298\.system_generated\steps\2729\
	                   1	C:\Users\DannyGeminiAnti\.gemini\antigravity\brain\a9e1a503-bcef-4103-9c94-ab351d543298\.system_generated\steps\2731\
	                   1	C:\Users\DannyGeminiAnti\.gemini\antigravity\brain\a9e1a503-bcef-4103-9c94-ab351d543298\.system_generated\steps\2734\
	                   1	C:\Users\DannyGeminiAnti\.gemini\antigravity\brain\a9e1a503-bcef-4103-9c94-ab351d543298\.system_generated\steps\2736\
	                   1	C:\Users\DannyGeminiAnti\.gemini\antigravity\brain\a9e1a503-bcef-4103-9c94-ab351d543298\.system_generated\steps\2738\
	                   1	C:\Users\DannyGeminiAnti\.gemini\antigravity\brain\a9e1a503-bcef-4103-9c94-ab351d543298\.system_generated\steps\274\
	                   1	C:\Users\DannyGeminiAnti\.gemini\antigravity\brain\a9e1a503-bcef-4103-9c94-ab351d543298\.system_generated\steps\2740\
	                   1	C:\Users\DannyGeminiAnti\.gemini\antigravity\brain\a9e1a503-bcef-4103-9c94-ab351d543298\.system_generated\steps\2742\
	                   1	C:\Users\DannyGeminiAnti\.gemini\antigravity\brain\a9e1a503-bcef-4103-9c94-ab351d543298\.system_generated\steps\2744\
	                   1	C:\Users\DannyGeminiAnti\.gemini\antigravity\brain\a9e1a503-bcef-4103-9c94-ab351d543298\.system_generated\steps\2746\
	                   1	C:\Users\DannyGeminiAnti\.gemini\antigravity\brain\a9e1a503-bcef-4103-9c94-ab351d543298\.system_generated\steps\2748\
	                   1	C:\Users\DannyGeminiAnti\.gemini\antigravity\brain\a9e1a503-bcef-4103-9c94-ab351d543298\.system_generated\steps\2750\
	                   1	C:\Users\DannyGeminiAnti\.gemini\antigravity\brain\a9e1a503-bcef-4103-9c94-ab351d543298\.system_generated\steps\2752\
	                   1	C:\Users\DannyGeminiAnti\.gemini\antigravity\brain\a9e1a503-bcef-4103-9c94-ab351d543298\.system_generated\steps\2754\
	                   1	C:\Users\DannyGeminiAnti\.gemini\antigravity\brain\a9e1a503-bcef-4103-9c94-ab351d543298\.system_generated\steps\2756\
	                   1	C:\Users\DannyGeminiAnti\.gemini\antigravity\brain\a9e1a503-bcef-4103-9c94-ab351d543298\.system_generated\steps\2758\
	                   1	C:\Users\DannyGeminiAnti\.gemini\antigravity\brain\a9e1a503-bcef-4103-9c94-ab351d543298\.system_generated\steps\2760\
	                   1	C:\Users\DannyGeminiAnti\.gemini\antigravity\brain\a9e1a503-bcef-4103-9c94-ab351d543298\.system_generated\steps\2762\
	                   1	C:\Users\DannyGeminiAnti\.gemini\antigravity\brain\a9e1a503-bcef-4103-9c94-ab351d543298\.system_generated\steps\2764\
	                   1	C:\Users\DannyGeminiAnti\.gemini\antigravity\brain\a9e1a503-bcef-4103-9c94-ab351d543298\.system_generated\steps\2766\
	                   1	C:\Users\DannyGeminiAnti\.gemini\antigravity\brain\a9e1a503-bcef-4103-9c94-ab351d543298\.system_generated\steps\2768\
	                   1	C:\Users\DannyGeminiAnti\.gemini\antigravity\brain\a9e1a503-bcef-4103-9c94-ab351d543298\.system_generated\steps\2770\
	                   1	C:\Users\DannyGeminiAnti\.gemini\antigravity\brain\a9e1a503-bcef-4103-9c94-ab351d543298\.system_generated\steps\2772\
	                   1	C:\Users\DannyGeminiAnti\.gemini\antigravity\brain\a9e1a503-bcef-4103-9c94-ab351d543298\.system_generated\steps\2774\
	                   1	C:\Users\DannyGeminiAnti\.gemini\antigravity\brain\a9e1a503-bcef-4103-9c94-ab351d543298\.system_generated\steps\278\
	                   1	C:\Users\DannyGeminiAnti\.gemini\antigravity\brain\a9e1a503-bcef-4103-9c94-ab351d543298\.system_generated\steps\2782\
	                   1	C:\Users\DannyGeminiAnti\.gemini\antigravity\brain\a9e1a503-bcef-4103-9c94-ab351d543298\.system_generated\steps\2786\
	                   1	C:\Users\DannyGeminiAnti\.gemini\antigravity\brain\a9e1a503-bcef-4103-9c94-ab351d543298\.system_generated\steps\2788\
	                   1	C:\Users\DannyGeminiAnti\.gemini\antigravity\brain\a9e1a503-bcef-4103-9c94-ab351d543298\.system_generated\steps\2790\
	                   1	C:\Users\DannyGeminiAnti\.gemini\antigravity\brain\a9e1a503-bcef-4103-9c94-ab351d543298\.system_generated\steps\2796\
	                   1	C:\Users\DannyGeminiAnti\.gemini\antigravity\brain\a9e1a503-bcef-4103-9c94-ab351d543298\.system_generated\steps\2798\
	                   1	C:\Users\DannyGeminiAnti\.gemini\antigravity\brain\a9e1a503-bcef-4103-9c94-ab351d543298\.system_generated\steps\280\
	                   1	C:\Users\DannyGeminiAnti\.gemini\antigravity\brain\a9e1a503-bcef-4103-9c94-ab351d543298\.system_generated\steps\2800\
	                   1	C:\Users\DannyGeminiAnti\.gemini\antigravity\brain\a9e1a503-bcef-4103-9c94-ab351d543298\.system_generated\steps\2802\
	                   1	C:\Users\DannyGeminiAnti\.gemini\antigravity\brain\a9e1a503-bcef-4103-9c94-ab351d543298\.system_generated\steps\2813\
	                   1	C:\Users\DannyGeminiAnti\.gemini\antigravity\brain\a9e1a503-bcef-4103-9c94-ab351d543298\.system_generated\steps\2817\
	                   1	C:\Users\DannyGeminiAnti\.gemini\antigravity\brain\a9e1a503-bcef-4103-9c94-ab351d543298\.system_generated\steps\2824\
	                   1	C:\Users\DannyGeminiAnti\.gemini\antigravity\brain\a9e1a503-bcef-4103-9c94-ab351d543298\.system_generated\steps\2826\
	                   1	C:\Users\DannyGeminiAnti\.gemini\antigravity\brain\a9e1a503-bcef-4103-9c94-ab351d543298\.system_generated\steps\2828\
	                   1	C:\Users\DannyGeminiAnti\.gemini\antigravity\brain\a9e1a503-bcef-4103-9c94-ab351d543298\.system_generated\steps\2830\
	                   1	C:\Users\DannyGeminiAnti\.gemini\antigravity\brain\a9e1a503-bcef-4103-9c94-ab351d543298\.system_generated\steps\2832\
	                   1	C:\Users\DannyGeminiAnti\.gemini\antigravity\brain\a9e1a503-bcef-4103-9c94-ab351d543298\.system_generated\steps\2834\
	                   1	C:\Users\DannyGeminiAnti\.gemini\antigravity\brain\a9e1a503-bcef-4103-9c94-ab351d543298\.system_generated\steps\2836\
	                   1	C:\Users\DannyGeminiAnti\.gemini\antigravity\brain\a9e1a503-bcef-4103-9c94-ab351d543298\.system_generated\steps\2838\
	                   1	C:\Users\DannyGeminiAnti\.gemini\antigravity\brain\a9e1a503-bcef-4103-9c94-ab351d543298\.system_generated\steps\2840\
	                   1	C:\Users\DannyGeminiAnti\.gemini\antigravity\brain\a9e1a503-bcef-4103-9c94-ab351d543298\.system_generated\steps\2842\
	                   1	C:\Users\DannyGeminiAnti\.gemini\antigravity\brain\a9e1a503-bcef-4103-9c94-ab351d543298\.system_generated\steps\2844\
	                   1	C:\Users\DannyGeminiAnti\.gemini\antigravity\brain\a9e1a503-bcef-4103-9c94-ab351d543298\.system_generated\steps\2846\
	                   1	C:\Users\DannyGeminiAnti\.gemini\antigravity\brain\a9e1a503-bcef-4103-9c94-ab351d543298\.system_generated\steps\2848\
	                   1	C:\Users\DannyGeminiAnti\.gemini\antigravity\brain\a9e1a503-bcef-4103-9c94-ab351d543298\.system_generated\steps\285\
	                   1	C:\Users\DannyGeminiAnti\.gemini\antigravity\brain\a9e1a503-bcef-4103-9c94-ab351d543298\.system_generated\steps\2852\
	                   1	C:\Users\DannyGeminiAnti\.gemini\antigravity\brain\a9e1a503-bcef-4103-9c94-ab351d543298\.system_generated\steps\2856\
	                   1	C:\Users\DannyGeminiAnti\.gemini\antigravity\brain\a9e1a503-bcef-4103-9c94-ab351d543298\.system_generated\steps\2858\
	                   1	C:\Users\DannyGeminiAnti\.gemini\antigravity\brain\a9e1a503-bcef-4103-9c94-ab351d543298\.system_generated\steps\2862\
	                   1	C:\Users\DannyGeminiAnti\.gemini\antigravity\brain\a9e1a503-bcef-4103-9c94-ab351d543298\.system_generated\steps\2866\
	                   1	C:\Users\DannyGeminiAnti\.gemini\antigravity\brain\a9e1a503-bcef-4103-9c94-ab351d543298\.system_generated\steps\2868\
	                   1	C:\Users\DannyGeminiAnti\.gemini\antigravity\brain\a9e1a503-bcef-4103-9c94-ab351d543298\.system_generated\steps\287\
	                   1	C:\Users\DannyGeminiAnti\.gemini\antigravity\brain\a9e1a503-bcef-4103-9c94-ab351d543298\.system_generated\steps\2870\
	                   1	C:\Users\DannyGeminiAnti\.gemini\antigravity\brain\a9e1a503-bcef-4103-9c94-ab351d543298\.system_generated\steps\2873\
	                   1	C:\Users\DannyGeminiAnti\.gemini\antigravity\brain\a9e1a503-bcef-4103-9c94-ab351d543298\.system_generated\steps\2875\
	                   1	C:\Users\DannyGeminiAnti\.gemini\antigravity\brain\a9e1a503-bcef-4103-9c94-ab351d543298\.system_generated\steps\2877\
	                   1	C:\Users\DannyGeminiAnti\.gemini\antigravity\brain\a9e1a503-bcef-4103-9c94-ab351d543298\.system_generated\steps\2881\
	                   1	C:\Users\DannyGeminiAnti\.gemini\antigravity\brain\a9e1a503-bcef-4103-9c94-ab351d543298\.system_generated\steps\2883\
	                   1	C:\Users\DannyGeminiAnti\.gemini\antigravity\brain\a9e1a503-bcef-4103-9c94-ab351d543298\.system_generated\steps\2885\
	                   1	C:\Users\DannyGeminiAnti\.gemini\antigravity\brain\a9e1a503-bcef-4103-9c94-ab351d543298\.system_generated\steps\2887\
	                   1	C:\Users\DannyGeminiAnti\.gemini\antigravity\brain\a9e1a503-bcef-4103-9c94-ab351d543298\.system_generated\steps\2889\
	                   1	C:\Users\DannyGeminiAnti\.gemini\antigravity\brain\a9e1a503-bcef-4103-9c94-ab351d543298\.system_generated\steps\289\
	                   1	C:\Users\DannyGeminiAnti\.gemini\antigravity\brain\a9e1a503-bcef-4103-9c94-ab351d543298\.system_generated\steps\2891\
	                   1	C:\Users\DannyGeminiAnti\.gemini\antigravity\brain\a9e1a503-bcef-4103-9c94-ab351d543298\.system_generated\steps\2894\
	                   1	C:\Users\DannyGeminiAnti\.gemini\antigravity\brain\a9e1a503-bcef-4103-9c94-ab351d543298\.system_generated\steps\2896\
	                   1	C:\Users\DannyGeminiAnti\.gemini\antigravity\brain\a9e1a503-bcef-4103-9c94-ab351d543298\.system_generated\steps\2898\
	                   1	C:\Users\DannyGeminiAnti\.gemini\antigravity\brain\a9e1a503-bcef-4103-9c94-ab351d543298\.system_generated\steps\29\
	                   1	C:\Users\DannyGeminiAnti\.gemini\antigravity\brain\a9e1a503-bcef-4103-9c94-ab351d543298\.system_generated\steps\2900\
	                   1	C:\Users\DannyGeminiAnti\.gemini\antigravity\brain\a9e1a503-bcef-4103-9c94-ab351d543298\.system_generated\steps\2902\
	                   1	C:\Users\DannyGeminiAnti\.gemini\antigravity\brain\a9e1a503-bcef-4103-9c94-ab351d543298\.system_generated\steps\2904\
	                   1	C:\Users\DannyGeminiAnti\.gemini\antigravity\brain\a9e1a503-bcef-4103-9c94-ab351d543298\.system_generated\steps\2906\
	                   1	C:\Users\DannyGeminiAnti\.gemini\antigravity\brain\a9e1a503-bcef-4103-9c94-ab351d543298\.system_generated\steps\2908\
	                   1	C:\Users\DannyGeminiAnti\.gemini\antigravity\brain\a9e1a503-bcef-4103-9c94-ab351d543298\.system_generated\steps\291\
	                   1	C:\Users\DannyGeminiAnti\.gemini\antigravity\brain\a9e1a503-bcef-4103-9c94-ab351d543298\.system_generated\steps\2910\
	                   1	C:\Users\DannyGeminiAnti\.gemini\antigravity\brain\a9e1a503-bcef-4103-9c94-ab351d543298\.system_generated\steps\2912\
	                   1	C:\Users\DannyGeminiAnti\.gemini\antigravity\brain\a9e1a503-bcef-4103-9c94-ab351d543298\.system_generated\steps\2914\
	                   1	C:\Users\DannyGeminiAnti\.gemini\antigravity\brain\a9e1a503-bcef-4103-9c94-ab351d543298\.system_generated\steps\2916\
	                   1	C:\Users\DannyGeminiAnti\.gemini\antigravity\brain\a9e1a503-bcef-4103-9c94-ab351d543298\.system_generated\steps\2918\
	                   1	C:\Users\DannyGeminiAnti\.gemini\antigravity\brain\a9e1a503-bcef-4103-9c94-ab351d543298\.system_generated\steps\2920\
	                   1	C:\Users\DannyGeminiAnti\.gemini\antigravity\brain\a9e1a503-bcef-4103-9c94-ab351d543298\.system_generated\steps\2922\
	                   1	C:\Users\DannyGeminiAnti\.gemini\antigravity\brain\a9e1a503-bcef-4103-9c94-ab351d543298\.system_generated\steps\2924\
	                   1	C:\Users\DannyGeminiAnti\.gemini\antigravity\brain\a9e1a503-bcef-4103-9c94-ab351d543298\.system_generated\steps\2926\
	                   1	C:\Users\DannyGeminiAnti\.gemini\antigravity\brain\a9e1a503-bcef-4103-9c94-ab351d543298\.system_generated\steps\2928\
	                   1	C:\Users\DannyGeminiAnti\.gemini\antigravity\brain\a9e1a503-bcef-4103-9c94-ab351d543298\.system_generated\steps\2930\
	                   1	C:\Users\DannyGeminiAnti\.gemini\antigravity\brain\a9e1a503-bcef-4103-9c94-ab351d543298\.system_generated\steps\2932\
	                   1	C:\Users\DannyGeminiAnti\.gemini\antigravity\brain\a9e1a503-bcef-4103-9c94-ab351d543298\.system_generated\steps\2936\
	                   1	C:\Users\DannyGeminiAnti\.gemini\antigravity\brain\a9e1a503-bcef-4103-9c94-ab351d543298\.system_generated\steps\2938\
	                   1	C:\Users\DannyGeminiAnti\.gemini\antigravity\brain\a9e1a503-bcef-4103-9c94-ab351d543298\.system_generated\steps\2944\
	                   1	C:\Users\DannyGeminiAnti\.gemini\antigravity\brain\a9e1a503-bcef-4103-9c94-ab351d543298\.system_generated\steps\2946\
	                   1	C:\Users\DannyGeminiAnti\.gemini\antigravity\brain\a9e1a503-bcef-4103-9c94-ab351d543298\.system_generated\steps\2948\
	                   1	C:\Users\DannyGeminiAnti\.gemini\antigravity\brain\a9e1a503-bcef-4103-9c94-ab351d543298\.system_generated\steps\295\
	                   1	C:\Users\DannyGeminiAnti\.gemini\antigravity\brain\a9e1a503-bcef-4103-9c94-ab351d543298\.system_generated\steps\2952\
	                   1	C:\Users\DannyGeminiAnti\.gemini\antigravity\brain\a9e1a503-bcef-4103-9c94-ab351d543298\.system_generated\steps\2954\
	                   1	C:\Users\DannyGeminiAnti\.gemini\antigravity\brain\a9e1a503-bcef-4103-9c94-ab351d543298\.system_generated\steps\2957\
	                   1	C:\Users\DannyGeminiAnti\.gemini\antigravity\brain\a9e1a503-bcef-4103-9c94-ab351d543298\.system_generated\steps\2965\
	                   1	C:\Users\DannyGeminiAnti\.gemini\antigravity\brain\a9e1a503-bcef-4103-9c94-ab351d543298\.system_generated\steps\2967\
	                   1	C:\Users\DannyGeminiAnti\.gemini\antigravity\brain\a9e1a503-bcef-4103-9c94-ab351d543298\.system_generated\steps\2969\
	                   1	C:\Users\DannyGeminiAnti\.gemini\antigravity\brain\a9e1a503-bcef-4103-9c94-ab351d543298\.system_generated\steps\297\
	                   1	C:\Users\DannyGeminiAnti\.gemini\antigravity\brain\a9e1a503-bcef-4103-9c94-ab351d543298\.system_generated\steps\2973\
	                   1	C:\Users\DannyGeminiAnti\.gemini\antigravity\brain\a9e1a503-bcef-4103-9c94-ab351d543298\.system_generated\steps\2975\
	                   1	C:\Users\DannyGeminiAnti\.gemini\antigravity\brain\a9e1a503-bcef-4103-9c94-ab351d543298\.system_generated\steps\2977\
	                   1	C:\Users\DannyGeminiAnti\.gemini\antigravity\brain\a9e1a503-bcef-4103-9c94-ab351d543298\.system_generated\steps\2980\
	                   1	C:\Users\DannyGeminiAnti\.gemini\antigravity\brain\a9e1a503-bcef-4103-9c94-ab351d543298\.system_generated\steps\2982\
	                   1	C:\Users\DannyGeminiAnti\.gemini\antigravity\brain\a9e1a503-bcef-4103-9c94-ab351d543298\.system_generated\steps\2984\
	                   1	C:\Users\DannyGeminiAnti\.gemini\antigravity\brain\a9e1a503-bcef-4103-9c94-ab351d543298\.system_generated\steps\2986\
	                   1	C:\Users\DannyGeminiAnti\.gemini\antigravity\brain\a9e1a503-bcef-4103-9c94-ab351d543298\.system_generated\steps\299\
	                   1	C:\Users\DannyGeminiAnti\.gemini\antigravity\brain\a9e1a503-bcef-4103-9c94-ab351d543298\.system_generated\steps\2990\
	                   1	C:\Users\DannyGeminiAnti\.gemini\antigravity\brain\a9e1a503-bcef-4103-9c94-ab351d543298\.system_generated\steps\2992\
	                   1	C:\Users\DannyGeminiAnti\.gemini\antigravity\brain\a9e1a503-bcef-4103-9c94-ab351d543298\.system_generated\steps\2994\
	                   1	C:\Users\DannyGeminiAnti\.gemini\antigravity\brain\a9e1a503-bcef-4103-9c94-ab351d543298\.system_generated\steps\2996\
	                   1	C:\Users\DannyGeminiAnti\.gemini\antigravity\brain\a9e1a503-bcef-4103-9c94-ab351d543298\.system_generated\steps\2998\
	                   1	C:\Users\DannyGeminiAnti\.gemini\antigravity\brain\a9e1a503-bcef-4103-9c94-ab351d543298\.system_generated\steps\3000\
	                   1	C:\Users\DannyGeminiAnti\.gemini\antigravity\brain\a9e1a503-bcef-4103-9c94-ab351d543298\.system_generated\steps\3002\
	                   1	C:\Users\DannyGeminiAnti\.gemini\antigravity\brain\a9e1a503-bcef-4103-9c94-ab351d543298\.system_generated\steps\3008\
	                   1	C:\Users\DannyGeminiAnti\.gemini\antigravity\brain\a9e1a503-bcef-4103-9c94-ab351d543298\.system_generated\steps\301\
	                   1	C:\Users\DannyGeminiAnti\.gemini\antigravity\brain\a9e1a503-bcef-4103-9c94-ab351d543298\.system_generated\steps\3010\
	                   1	C:\Users\DannyGeminiAnti\.gemini\antigravity\brain\a9e1a503-bcef-4103-9c94-ab351d543298\.system_generated\steps\3012\
	                   1	C:\Users\DannyGeminiAnti\.gemini\antigravity\brain\a9e1a503-bcef-4103-9c94-ab351d543298\.system_generated\steps\3014\
	                   1	C:\Users\DannyGeminiAnti\.gemini\antigravity\brain\a9e1a503-bcef-4103-9c94-ab351d543298\.system_generated\steps\3020\
	                   1	C:\Users\DannyGeminiAnti\.gemini\antigravity\brain\a9e1a503-bcef-4103-9c94-ab351d543298\.system_generated\steps\3022\
	                   1	C:\Users\DannyGeminiAnti\.gemini\antigravity\brain\a9e1a503-bcef-4103-9c94-ab351d543298\.system_generated\steps\3024\
	                   1	C:\Users\DannyGeminiAnti\.gemini\antigravity\brain\a9e1a503-bcef-4103-9c94-ab351d543298\.system_generated\steps\3026\
	                   1	C:\Users\DannyGeminiAnti\.gemini\antigravity\brain\a9e1a503-bcef-4103-9c94-ab351d543298\.system_generated\steps\3028\
	                   1	C:\Users\DannyGeminiAnti\.gemini\antigravity\brain\a9e1a503-bcef-4103-9c94-ab351d543298\.system_generated\steps\303\
	                   1	C:\Users\DannyGeminiAnti\.gemini\antigravity\brain\a9e1a503-bcef-4103-9c94-ab351d543298\.system_generated\steps\3032\
	                   1	C:\Users\DannyGeminiAnti\.gemini\antigravity\brain\a9e1a503-bcef-4103-9c94-ab351d543298\.system_generated\steps\3036\
	                   1	C:\Users\DannyGeminiAnti\.gemini\antigravity\brain\a9e1a503-bcef-4103-9c94-ab351d543298\.system_generated\steps\3038\
	                   1	C:\Users\DannyGeminiAnti\.gemini\antigravity\brain\a9e1a503-bcef-4103-9c94-ab351d543298\.system_generated\steps\3040\
	                   1	C:\Users\DannyGeminiAnti\.gemini\antigravity\brain\a9e1a503-bcef-4103-9c94-ab351d543298\.system_generated\steps\3042\
	                   1	C:\Users\DannyGeminiAnti\.gemini\antigravity\brain\a9e1a503-bcef-4103-9c94-ab351d543298\.system_generated\steps\3044\
	                   1	C:\Users\DannyGeminiAnti\.gemini\antigravity\brain\a9e1a503-bcef-4103-9c94-ab351d543298\.system_generated\steps\3046\
	                   1	C:\Users\DannyGeminiAnti\.gemini\antigravity\brain\a9e1a503-bcef-4103-9c94-ab351d543298\.system_generated\steps\3048\
	                   1	C:\Users\DannyGeminiAnti\.gemini\antigravity\brain\a9e1a503-bcef-4103-9c94-ab351d543298\.system_generated\steps\305\
	                   1	C:\Users\DannyGeminiAnti\.gemini\antigravity\brain\a9e1a503-bcef-4103-9c94-ab351d543298\.system_generated\steps\3050\
	                   1	C:\Users\DannyGeminiAnti\.gemini\antigravity\brain\a9e1a503-bcef-4103-9c94-ab351d543298\.system_generated\steps\3052\
	                   1	C:\Users\DannyGeminiAnti\.gemini\antigravity\brain\a9e1a503-bcef-4103-9c94-ab351d543298\.system_generated\steps\3060\
	                   1	C:\Users\DannyGeminiAnti\.gemini\antigravity\brain\a9e1a503-bcef-4103-9c94-ab351d543298\.system_generated\steps\3062\
	                   1	C:\Users\DannyGeminiAnti\.gemini\antigravity\brain\a9e1a503-bcef-4103-9c94-ab351d543298\.system_generated\steps\3064\
	                   1	C:\Users\DannyGeminiAnti\.gemini\antigravity\brain\a9e1a503-bcef-4103-9c94-ab351d543298\.system_generated\steps\3066\
	                   1	C:\Users\DannyGeminiAnti\.gemini\antigravity\brain\a9e1a503-bcef-4103-9c94-ab351d543298\.system_generated\steps\3068\
	                   1	C:\Users\DannyGeminiAnti\.gemini\antigravity\brain\a9e1a503-bcef-4103-9c94-ab351d543298\.system_generated\steps\307\
	                   1	C:\Users\DannyGeminiAnti\.gemini\antigravity\brain\a9e1a503-bcef-4103-9c94-ab351d543298\.system_generated\steps\3070\
	                   1	C:\Users\DannyGeminiAnti\.gemini\antigravity\brain\a9e1a503-bcef-4103-9c94-ab351d543298\.system_generated\steps\3073\
	                   1	C:\Users\DannyGeminiAnti\.gemini\antigravity\brain\a9e1a503-bcef-4103-9c94-ab351d543298\.system_generated\steps\3077\
	                   1	C:\Users\DannyGeminiAnti\.gemini\antigravity\brain\a9e1a503-bcef-4103-9c94-ab351d543298\.system_generated\steps\3081\
	                   1	C:\Users\DannyGeminiAnti\.gemini\antigravity\brain\a9e1a503-bcef-4103-9c94-ab351d543298\.system_generated\steps\3083\
	                   1	C:\Users\DannyGeminiAnti\.gemini\antigravity\brain\a9e1a503-bcef-4103-9c94-ab351d543298\.system_generated\steps\3085\
	                   1	C:\Users\DannyGeminiAnti\.gemini\antigravity\brain\a9e1a503-bcef-4103-9c94-ab351d543298\.system_generated\steps\3087\
	                   1	C:\Users\DannyGeminiAnti\.gemini\antigravity\brain\a9e1a503-bcef-4103-9c94-ab351d543298\.system_generated\steps\3089\
	                   1	C:\Users\DannyGeminiAnti\.gemini\antigravity\brain\a9e1a503-bcef-4103-9c94-ab351d543298\.system_generated\steps\3091\
	                   1	C:\Users\DannyGeminiAnti\.gemini\antigravity\brain\a9e1a503-bcef-4103-9c94-ab351d543298\.system_generated\steps\3093\
	                   1	C:\Users\DannyGeminiAnti\.gemini\antigravity\brain\a9e1a503-bcef-4103-9c94-ab351d543298\.system_generated\steps\3095\
	                   1	C:\Users\DannyGeminiAnti\.gemini\antigravity\brain\a9e1a503-bcef-4103-9c94-ab351d543298\.system_generated\steps\3097\
	                   1	C:\Users\DannyGeminiAnti\.gemini\antigravity\brain\a9e1a503-bcef-4103-9c94-ab351d543298\.system_generated\steps\31\
	                   1	C:\Users\DannyGeminiAnti\.gemini\antigravity\brain\a9e1a503-bcef-4103-9c94-ab351d543298\.system_generated\steps\3105\
	                   1	C:\Users\DannyGeminiAnti\.gemini\antigravity\brain\a9e1a503-bcef-4103-9c94-ab351d543298\.system_generated\steps\3107\
	                   1	C:\Users\DannyGeminiAnti\.gemini\antigravity\brain\a9e1a503-bcef-4103-9c94-ab351d543298\.system_generated\steps\3109\
	                   1	C:\Users\DannyGeminiAnti\.gemini\antigravity\brain\a9e1a503-bcef-4103-9c94-ab351d543298\.system_generated\steps\311\
	                   1	C:\Users\DannyGeminiAnti\.gemini\antigravity\brain\a9e1a503-bcef-4103-9c94-ab351d543298\.system_generated\steps\3111\
	                   1	C:\Users\DannyGeminiAnti\.gemini\antigravity\brain\a9e1a503-bcef-4103-9c94-ab351d543298\.system_generated\steps\3113\
	                   1	C:\Users\DannyGeminiAnti\.gemini\antigravity\brain\a9e1a503-bcef-4103-9c94-ab351d543298\.system_generated\steps\3115\
	                   1	C:\Users\DannyGeminiAnti\.gemini\antigravity\brain\a9e1a503-bcef-4103-9c94-ab351d543298\.system_generated\steps\3117\
	                   1	C:\Users\DannyGeminiAnti\.gemini\antigravity\brain\a9e1a503-bcef-4103-9c94-ab351d543298\.system_generated\steps\3119\
	                   1	C:\Users\DannyGeminiAnti\.gemini\antigravity\brain\a9e1a503-bcef-4103-9c94-ab351d543298\.system_generated\steps\3121\
	                   1	C:\Users\DannyGeminiAnti\.gemini\antigravity\brain\a9e1a503-bcef-4103-9c94-ab351d543298\.system_generated\steps\3123\
	                   1	C:\Users\DannyGeminiAnti\.gemini\antigravity\brain\a9e1a503-bcef-4103-9c94-ab351d543298\.system_generated\steps\3125\
	                   1	C:\Users\DannyGeminiAnti\.gemini\antigravity\brain\a9e1a503-bcef-4103-9c94-ab351d543298\.system_generated\steps\3127\
	                   1	C:\Users\DannyGeminiAnti\.gemini\antigravity\brain\a9e1a503-bcef-4103-9c94-ab351d543298\.system_generated\steps\3129\
	                   1	C:\Users\DannyGeminiAnti\.gemini\antigravity\brain\a9e1a503-bcef-4103-9c94-ab351d543298\.system_generated\steps\313\
	                   1	C:\Users\DannyGeminiAnti\.gemini\antigravity\brain\a9e1a503-bcef-4103-9c94-ab351d543298\.system_generated\steps\3131\
	                   1	C:\Users\DannyGeminiAnti\.gemini\antigravity\brain\a9e1a503-bcef-4103-9c94-ab351d543298\.system_generated\steps\3133\
	                   1	C:\Users\DannyGeminiAnti\.gemini\antigravity\brain\a9e1a503-bcef-4103-9c94-ab351d543298\.system_generated\steps\3135\
	                   1	C:\Users\DannyGeminiAnti\.gemini\antigravity\brain\a9e1a503-bcef-4103-9c94-ab351d543298\.system_generated\steps\3137\
	                   1	C:\Users\DannyGeminiAnti\.gemini\antigravity\brain\a9e1a503-bcef-4103-9c94-ab351d543298\.system_generated\steps\3139\
	                   1	C:\Users\DannyGeminiAnti\.gemini\antigravity\brain\a9e1a503-bcef-4103-9c94-ab351d543298\.system_generated\steps\3141\
	                   1	C:\Users\DannyGeminiAnti\.gemini\antigravity\brain\a9e1a503-bcef-4103-9c94-ab351d543298\.system_generated\steps\3143\
	                   1	C:\Users\DannyGeminiAnti\.gemini\antigravity\brain\a9e1a503-bcef-4103-9c94-ab351d543298\.system_generated\steps\3145\
	                   1	C:\Users\DannyGeminiAnti\.gemini\antigravity\brain\a9e1a503-bcef-4103-9c94-ab351d543298\.system_generated\steps\3147\
	                   1	C:\Users\DannyGeminiAnti\.gemini\antigravity\brain\a9e1a503-bcef-4103-9c94-ab351d543298\.system_generated\steps\3149\
	                   1	C:\Users\DannyGeminiAnti\.gemini\antigravity\brain\a9e1a503-bcef-4103-9c94-ab351d543298\.system_generated\steps\315\
	                   1	C:\Users\DannyGeminiAnti\.gemini\antigravity\brain\a9e1a503-bcef-4103-9c94-ab351d543298\.system_generated\steps\3151\
	                   1	C:\Users\DannyGeminiAnti\.gemini\antigravity\brain\a9e1a503-bcef-4103-9c94-ab351d543298\.system_generated\steps\3155\
	                   1	C:\Users\DannyGeminiAnti\.gemini\antigravity\brain\a9e1a503-bcef-4103-9c94-ab351d543298\.system_generated\steps\3159\
	                   1	C:\Users\DannyGeminiAnti\.gemini\antigravity\brain\a9e1a503-bcef-4103-9c94-ab351d543298\.system_generated\steps\3161\
	                   1	C:\Users\DannyGeminiAnti\.gemini\antigravity\brain\a9e1a503-bcef-4103-9c94-ab351d543298\.system_generated\steps\3167\
	                   1	C:\Users\DannyGeminiAnti\.gemini\antigravity\brain\a9e1a503-bcef-4103-9c94-ab351d543298\.system_generated\steps\3169\
	                   1	C:\Users\DannyGeminiAnti\.gemini\antigravity\brain\a9e1a503-bcef-4103-9c94-ab351d543298\.system_generated\steps\317\
	                   1	C:\Users\DannyGeminiAnti\.gemini\antigravity\brain\a9e1a503-bcef-4103-9c94-ab351d543298\.system_generated\steps\3172\
	                   1	C:\Users\DannyGeminiAnti\.gemini\antigravity\brain\a9e1a503-bcef-4103-9c94-ab351d543298\.system_generated\steps\3174\
	                   1	C:\Users\DannyGeminiAnti\.gemini\antigravity\brain\a9e1a503-bcef-4103-9c94-ab351d543298\.system_generated\steps\3176\
	                   1	C:\Users\DannyGeminiAnti\.gemini\antigravity\brain\a9e1a503-bcef-4103-9c94-ab351d543298\.system_generated\steps\3183\
	                   1	C:\Users\DannyGeminiAnti\.gemini\antigravity\brain\a9e1a503-bcef-4103-9c94-ab351d543298\.system_generated\steps\3185\
	                   1	C:\Users\DannyGeminiAnti\.gemini\antigravity\brain\a9e1a503-bcef-4103-9c94-ab351d543298\.system_generated\steps\3187\
	                   1	C:\Users\DannyGeminiAnti\.gemini\antigravity\brain\a9e1a503-bcef-4103-9c94-ab351d543298\.system_generated\steps\3189\
	                   1	C:\Users\DannyGeminiAnti\.gemini\antigravity\brain\a9e1a503-bcef-4103-9c94-ab351d543298\.system_generated\steps\319\
	                   1	C:\Users\DannyGeminiAnti\.gemini\antigravity\brain\a9e1a503-bcef-4103-9c94-ab351d543298\.system_generated\steps\3191\
	                   1	C:\Users\DannyGeminiAnti\.gemini\antigravity\brain\a9e1a503-bcef-4103-9c94-ab351d543298\.system_generated\steps\3193\
	                   1	C:\Users\DannyGeminiAnti\.gemini\antigravity\brain\a9e1a503-bcef-4103-9c94-ab351d543298\.system_generated\steps\3195\
	                   1	C:\Users\DannyGeminiAnti\.gemini\antigravity\brain\a9e1a503-bcef-4103-9c94-ab351d543298\.system_generated\steps\3197\
	                   1	C:\Users\DannyGeminiAnti\.gemini\antigravity\brain\a9e1a503-bcef-4103-9c94-ab351d543298\.system_generated\steps\3199\
	                   1	C:\Users\DannyGeminiAnti\.gemini\antigravity\brain\a9e1a503-bcef-4103-9c94-ab351d543298\.system_generated\steps\3201\
	                   1	C:\Users\DannyGeminiAnti\.gemini\antigravity\brain\a9e1a503-bcef-4103-9c94-ab351d543298\.system_generated\steps\3203\
	                   1	C:\Users\DannyGeminiAnti\.gemini\antigravity\brain\a9e1a503-bcef-4103-9c94-ab351d543298\.system_generated\steps\3205\
	                   1	C:\Users\DannyGeminiAnti\.gemini\antigravity\brain\a9e1a503-bcef-4103-9c94-ab351d543298\.system_generated\steps\3207\
	                   1	C:\Users\DannyGeminiAnti\.gemini\antigravity\brain\a9e1a503-bcef-4103-9c94-ab351d543298\.system_generated\steps\3209\
	                   1	C:\Users\DannyGeminiAnti\.gemini\antigravity\brain\a9e1a503-bcef-4103-9c94-ab351d543298\.system_generated\steps\321\
	                   1	C:\Users\DannyGeminiAnti\.gemini\antigravity\brain\a9e1a503-bcef-4103-9c94-ab351d543298\.system_generated\steps\3211\
	                   1	C:\Users\DannyGeminiAnti\.gemini\antigravity\brain\a9e1a503-bcef-4103-9c94-ab351d543298\.system_generated\steps\3213\
	                   1	C:\Users\DannyGeminiAnti\.gemini\antigravity\brain\a9e1a503-bcef-4103-9c94-ab351d543298\.system_generated\steps\3215\
	                   1	C:\Users\DannyGeminiAnti\.gemini\antigravity\brain\a9e1a503-bcef-4103-9c94-ab351d543298\.system_generated\steps\3217\
	                   1	C:\Users\DannyGeminiAnti\.gemini\antigravity\brain\a9e1a503-bcef-4103-9c94-ab351d543298\.system_generated\steps\3219\
	                   1	C:\Users\DannyGeminiAnti\.gemini\antigravity\brain\a9e1a503-bcef-4103-9c94-ab351d543298\.system_generated\steps\3221\
	                   1	C:\Users\DannyGeminiAnti\.gemini\antigravity\brain\a9e1a503-bcef-4103-9c94-ab351d543298\.system_generated\steps\3223\
	                   1	C:\Users\DannyGeminiAnti\.gemini\antigravity\brain\a9e1a503-bcef-4103-9c94-ab351d543298\.system_generated\steps\3225\
	                   1	C:\Users\DannyGeminiAnti\.gemini\antigravity\brain\a9e1a503-bcef-4103-9c94-ab351d543298\.system_generated\steps\3232\
	                   1	C:\Users\DannyGeminiAnti\.gemini\antigravity\brain\a9e1a503-bcef-4103-9c94-ab351d543298\.system_generated\steps\3236\
	                   1	C:\Users\DannyGeminiAnti\.gemini\antigravity\brain\a9e1a503-bcef-4103-9c94-ab351d543298\.system_generated\steps\3238\
	                   1	C:\Users\DannyGeminiAnti\.gemini\antigravity\brain\a9e1a503-bcef-4103-9c94-ab351d543298\.system_generated\steps\3242\
	                   1	C:\Users\DannyGeminiAnti\.gemini\antigravity\brain\a9e1a503-bcef-4103-9c94-ab351d543298\.system_generated\steps\3244\
	                   1	C:\Users\DannyGeminiAnti\.gemini\antigravity\brain\a9e1a503-bcef-4103-9c94-ab351d543298\.system_generated\steps\3246\
	                   1	C:\Users\DannyGeminiAnti\.gemini\antigravity\brain\a9e1a503-bcef-4103-9c94-ab351d543298\.system_generated\steps\3248\
	                   1	C:\Users\DannyGeminiAnti\.gemini\antigravity\brain\a9e1a503-bcef-4103-9c94-ab351d543298\.system_generated\steps\3250\
	                   1	C:\Users\DannyGeminiAnti\.gemini\antigravity\brain\a9e1a503-bcef-4103-9c94-ab351d543298\.system_generated\steps\3252\
	                   1	C:\Users\DannyGeminiAnti\.gemini\antigravity\brain\a9e1a503-bcef-4103-9c94-ab351d543298\.system_generated\steps\3254\
	                   1	C:\Users\DannyGeminiAnti\.gemini\antigravity\brain\a9e1a503-bcef-4103-9c94-ab351d543298\.system_generated\steps\3256\
	                   1	C:\Users\DannyGeminiAnti\.gemini\antigravity\brain\a9e1a503-bcef-4103-9c94-ab351d543298\.system_generated\steps\3258\
	                   1	C:\Users\DannyGeminiAnti\.gemini\antigravity\brain\a9e1a503-bcef-4103-9c94-ab351d543298\.system_generated\steps\3260\
	                   1	C:\Users\DannyGeminiAnti\.gemini\antigravity\brain\a9e1a503-bcef-4103-9c94-ab351d543298\.system_generated\steps\3262\
	                   1	C:\Users\DannyGeminiAnti\.gemini\antigravity\brain\a9e1a503-bcef-4103-9c94-ab351d543298\.system_generated\steps\3264\
	                   1	C:\Users\DannyGeminiAnti\.gemini\antigravity\brain\a9e1a503-bcef-4103-9c94-ab351d543298\.system_generated\steps\3266\
	                   1	C:\Users\DannyGeminiAnti\.gemini\antigravity\brain\a9e1a503-bcef-4103-9c94-ab351d543298\.system_generated\steps\327\
	                   1	C:\Users\DannyGeminiAnti\.gemini\antigravity\brain\a9e1a503-bcef-4103-9c94-ab351d543298\.system_generated\steps\3273\
	                   1	C:\Users\DannyGeminiAnti\.gemini\antigravity\brain\a9e1a503-bcef-4103-9c94-ab351d543298\.system_generated\steps\3275\
	                   1	C:\Users\DannyGeminiAnti\.gemini\antigravity\brain\a9e1a503-bcef-4103-9c94-ab351d543298\.system_generated\steps\3277\
	                   1	C:\Users\DannyGeminiAnti\.gemini\antigravity\brain\a9e1a503-bcef-4103-9c94-ab351d543298\.system_generated\steps\3282\
	                   1	C:\Users\DannyGeminiAnti\.gemini\antigravity\brain\a9e1a503-bcef-4103-9c94-ab351d543298\.system_generated\steps\3284\
	                   1	C:\Users\DannyGeminiAnti\.gemini\antigravity\brain\a9e1a503-bcef-4103-9c94-ab351d543298\.system_generated\steps\329\
	                   1	C:\Users\DannyGeminiAnti\.gemini\antigravity\brain\a9e1a503-bcef-4103-9c94-ab351d543298\.system_generated\steps\3290\
	                   1	C:\Users\DannyGeminiAnti\.gemini\antigravity\brain\a9e1a503-bcef-4103-9c94-ab351d543298\.system_generated\steps\3292\
	                   1	C:\Users\DannyGeminiAnti\.gemini\antigravity\brain\a9e1a503-bcef-4103-9c94-ab351d543298\.system_generated\steps\3294\
	                   1	C:\Users\DannyGeminiAnti\.gemini\antigravity\brain\a9e1a503-bcef-4103-9c94-ab351d543298\.system_generated\steps\3296\
	                   1	C:\Users\DannyGeminiAnti\.gemini\antigravity\brain\a9e1a503-bcef-4103-9c94-ab351d543298\.system_generated\steps\3298\
	                   1	C:\Users\DannyGeminiAnti\.gemini\antigravity\brain\a9e1a503-bcef-4103-9c94-ab351d543298\.system_generated\steps\33\
	                   1	C:\Users\DannyGeminiAnti\.gemini\antigravity\brain\a9e1a503-bcef-4103-9c94-ab351d543298\.system_generated\steps\3300\
	                   1	C:\Users\DannyGeminiAnti\.gemini\antigravity\brain\a9e1a503-bcef-4103-9c94-ab351d543298\.system_generated\steps\3302\
	                   1	C:\Users\DannyGeminiAnti\.gemini\antigravity\brain\a9e1a503-bcef-4103-9c94-ab351d543298\.system_generated\steps\3304\
	                   1	C:\Users\DannyGeminiAnti\.gemini\antigravity\brain\a9e1a503-bcef-4103-9c94-ab351d543298\.system_generated\steps\3306\
	                   1	C:\Users\DannyGeminiAnti\.gemini\antigravity\brain\a9e1a503-bcef-4103-9c94-ab351d543298\.system_generated\steps\3308\
	                   1	C:\Users\DannyGeminiAnti\.gemini\antigravity\brain\a9e1a503-bcef-4103-9c94-ab351d543298\.system_generated\steps\331\
	                   1	C:\Users\DannyGeminiAnti\.gemini\antigravity\brain\a9e1a503-bcef-4103-9c94-ab351d543298\.system_generated\steps\3310\
	                   1	C:\Users\DannyGeminiAnti\.gemini\antigravity\brain\a9e1a503-bcef-4103-9c94-ab351d543298\.system_generated\steps\3312\
	                   1	C:\Users\DannyGeminiAnti\.gemini\antigravity\brain\a9e1a503-bcef-4103-9c94-ab351d543298\.system_generated\steps\3314\
	                   1	C:\Users\DannyGeminiAnti\.gemini\antigravity\brain\a9e1a503-bcef-4103-9c94-ab351d543298\.system_generated\steps\3316\
	                   1	C:\Users\DannyGeminiAnti\.gemini\antigravity\brain\a9e1a503-bcef-4103-9c94-ab351d543298\.system_generated\steps\3319\
	                   1	C:\Users\DannyGeminiAnti\.gemini\antigravity\brain\a9e1a503-bcef-4103-9c94-ab351d543298\.system_generated\steps\3321\
	                   1	C:\Users\DannyGeminiAnti\.gemini\antigravity\brain\a9e1a503-bcef-4103-9c94-ab351d543298\.system_generated\steps\3323\
	                   1	C:\Users\DannyGeminiAnti\.gemini\antigravity\brain\a9e1a503-bcef-4103-9c94-ab351d543298\.system_generated\steps\3325\
	                   1	C:\Users\DannyGeminiAnti\.gemini\antigravity\brain\a9e1a503-bcef-4103-9c94-ab351d543298\.system_generated\steps\3327\
	                   1	C:\Users\DannyGeminiAnti\.gemini\antigravity\brain\a9e1a503-bcef-4103-9c94-ab351d543298\.system_generated\steps\3329\
	                   1	C:\Users\DannyGeminiAnti\.gemini\antigravity\brain\a9e1a503-bcef-4103-9c94-ab351d543298\.system_generated\steps\3335\
	                   1	C:\Users\DannyGeminiAnti\.gemini\antigravity\brain\a9e1a503-bcef-4103-9c94-ab351d543298\.system_generated\steps\3340\
	                   1	C:\Users\DannyGeminiAnti\.gemini\antigravity\brain\a9e1a503-bcef-4103-9c94-ab351d543298\.system_generated\steps\337\
	                   1	C:\Users\DannyGeminiAnti\.gemini\antigravity\brain\a9e1a503-bcef-4103-9c94-ab351d543298\.system_generated\steps\339\
	                   1	C:\Users\DannyGeminiAnti\.gemini\antigravity\brain\a9e1a503-bcef-4103-9c94-ab351d543298\.system_generated\steps\341\
	                   1	C:\Users\DannyGeminiAnti\.gemini\antigravity\brain\a9e1a503-bcef-4103-9c94-ab351d543298\.system_generated\steps\343\
	                   1	C:\Users\DannyGeminiAnti\.gemini\antigravity\brain\a9e1a503-bcef-4103-9c94-ab351d543298\.system_generated\steps\345\
	                   1	C:\Users\DannyGeminiAnti\.gemini\antigravity\brain\a9e1a503-bcef-4103-9c94-ab351d543298\.system_generated\steps\347\
	                   1	C:\Users\DannyGeminiAnti\.gemini\antigravity\brain\a9e1a503-bcef-4103-9c94-ab351d543298\.system_generated\steps\349\
	                   1	C:\Users\DannyGeminiAnti\.gemini\antigravity\brain\a9e1a503-bcef-4103-9c94-ab351d543298\.system_generated\steps\351\
	                   1	C:\Users\DannyGeminiAnti\.gemini\antigravity\brain\a9e1a503-bcef-4103-9c94-ab351d543298\.system_generated\steps\358\
	                   1	C:\Users\DannyGeminiAnti\.gemini\antigravity\brain\a9e1a503-bcef-4103-9c94-ab351d543298\.system_generated\steps\360\
	                   1	C:\Users\DannyGeminiAnti\.gemini\antigravity\brain\a9e1a503-bcef-4103-9c94-ab351d543298\.system_generated\steps\362\
	                   1	C:\Users\DannyGeminiAnti\.gemini\antigravity\brain\a9e1a503-bcef-4103-9c94-ab351d543298\.system_generated\steps\364\
	                   1	C:\Users\DannyGeminiAnti\.gemini\antigravity\brain\a9e1a503-bcef-4103-9c94-ab351d543298\.system_generated\steps\366\
	                   1	C:\Users\DannyGeminiAnti\.gemini\antigravity\brain\a9e1a503-bcef-4103-9c94-ab351d543298\.system_generated\steps\368\
	                   1	C:\Users\DannyGeminiAnti\.gemini\antigravity\brain\a9e1a503-bcef-4103-9c94-ab351d543298\.system_generated\steps\37\
	                   1	C:\Users\DannyGeminiAnti\.gemini\antigravity\brain\a9e1a503-bcef-4103-9c94-ab351d543298\.system_generated\steps\370\
	                   1	C:\Users\DannyGeminiAnti\.gemini\antigravity\brain\a9e1a503-bcef-4103-9c94-ab351d543298\.system_generated\steps\372\
	                   1	C:\Users\DannyGeminiAnti\.gemini\antigravity\brain\a9e1a503-bcef-4103-9c94-ab351d543298\.system_generated\steps\374\
	                   1	C:\Users\DannyGeminiAnti\.gemini\antigravity\brain\a9e1a503-bcef-4103-9c94-ab351d543298\.system_generated\steps\376\
	                   1	C:\Users\DannyGeminiAnti\.gemini\antigravity\brain\a9e1a503-bcef-4103-9c94-ab351d543298\.system_generated\steps\382\
	                   1	C:\Users\DannyGeminiAnti\.gemini\antigravity\brain\a9e1a503-bcef-4103-9c94-ab351d543298\.system_generated\steps\384\
	                   1	C:\Users\DannyGeminiAnti\.gemini\antigravity\brain\a9e1a503-bcef-4103-9c94-ab351d543298\.system_generated\steps\386\
	                   1	C:\Users\DannyGeminiAnti\.gemini\antigravity\brain\a9e1a503-bcef-4103-9c94-ab351d543298\.system_generated\steps\388\
	                   1	C:\Users\DannyGeminiAnti\.gemini\antigravity\brain\a9e1a503-bcef-4103-9c94-ab351d543298\.system_generated\steps\39\
	                   1	C:\Users\DannyGeminiAnti\.gemini\antigravity\brain\a9e1a503-bcef-4103-9c94-ab351d543298\.system_generated\steps\392\
	                   1	C:\Users\DannyGeminiAnti\.gemini\antigravity\brain\a9e1a503-bcef-4103-9c94-ab351d543298\.system_generated\steps\394\
	                   1	C:\Users\DannyGeminiAnti\.gemini\antigravity\brain\a9e1a503-bcef-4103-9c94-ab351d543298\.system_generated\steps\396\
	                   1	C:\Users\DannyGeminiAnti\.gemini\antigravity\brain\a9e1a503-bcef-4103-9c94-ab351d543298\.system_generated\steps\398\
	                   1	C:\Users\DannyGeminiAnti\.gemini\antigravity\brain\a9e1a503-bcef-4103-9c94-ab351d543298\.system_generated\steps\400\
	                   1	C:\Users\DannyGeminiAnti\.gemini\antigravity\brain\a9e1a503-bcef-4103-9c94-ab351d543298\.system_generated\steps\402\
	                   1	C:\Users\DannyGeminiAnti\.gemini\antigravity\brain\a9e1a503-bcef-4103-9c94-ab351d543298\.system_generated\steps\409\
	                   1	C:\Users\DannyGeminiAnti\.gemini\antigravity\brain\a9e1a503-bcef-4103-9c94-ab351d543298\.system_generated\steps\41\
	                   1	C:\Users\DannyGeminiAnti\.gemini\antigravity\brain\a9e1a503-bcef-4103-9c94-ab351d543298\.system_generated\steps\411\
	                   1	C:\Users\DannyGeminiAnti\.gemini\antigravity\brain\a9e1a503-bcef-4103-9c94-ab351d543298\.system_generated\steps\413\
	                   1	C:\Users\DannyGeminiAnti\.gemini\antigravity\brain\a9e1a503-bcef-4103-9c94-ab351d543298\.system_generated\steps\415\
	                   1	C:\Users\DannyGeminiAnti\.gemini\antigravity\brain\a9e1a503-bcef-4103-9c94-ab351d543298\.system_generated\steps\417\
	                   1	C:\Users\DannyGeminiAnti\.gemini\antigravity\brain\a9e1a503-bcef-4103-9c94-ab351d543298\.system_generated\steps\419\
	                   1	C:\Users\DannyGeminiAnti\.gemini\antigravity\brain\a9e1a503-bcef-4103-9c94-ab351d543298\.system_generated\steps\421\
	                   1	C:\Users\DannyGeminiAnti\.gemini\antigravity\brain\a9e1a503-bcef-4103-9c94-ab351d543298\.system_generated\steps\423\
	                   1	C:\Users\DannyGeminiAnti\.gemini\antigravity\brain\a9e1a503-bcef-4103-9c94-ab351d543298\.system_generated\steps\429\
	                   1	C:\Users\DannyGeminiAnti\.gemini\antigravity\brain\a9e1a503-bcef-4103-9c94-ab351d543298\.system_generated\steps\43\
	                   1	C:\Users\DannyGeminiAnti\.gemini\antigravity\brain\a9e1a503-bcef-4103-9c94-ab351d543298\.system_generated\steps\431\
	                   1	C:\Users\DannyGeminiAnti\.gemini\antigravity\brain\a9e1a503-bcef-4103-9c94-ab351d543298\.system_generated\steps\433\
	                   1	C:\Users\DannyGeminiAnti\.gemini\antigravity\brain\a9e1a503-bcef-4103-9c94-ab351d543298\.system_generated\steps\435\
	                   1	C:\Users\DannyGeminiAnti\.gemini\antigravity\brain\a9e1a503-bcef-4103-9c94-ab351d543298\.system_generated\steps\437\
	                   1	C:\Users\DannyGeminiAnti\.gemini\antigravity\brain\a9e1a503-bcef-4103-9c94-ab351d543298\.system_generated\steps\439\
	                   1	C:\Users\DannyGeminiAnti\.gemini\antigravity\brain\a9e1a503-bcef-4103-9c94-ab351d543298\.system_generated\steps\441\
	                   1	C:\Users\DannyGeminiAnti\.gemini\antigravity\brain\a9e1a503-bcef-4103-9c94-ab351d543298\.system_generated\steps\443\
	                   1	C:\Users\DannyGeminiAnti\.gemini\antigravity\brain\a9e1a503-bcef-4103-9c94-ab351d543298\.system_generated\steps\445\
	                   1	C:\Users\DannyGeminiAnti\.gemini\antigravity\brain\a9e1a503-bcef-4103-9c94-ab351d543298\.system_generated\steps\447\
	                   1	C:\Users\DannyGeminiAnti\.gemini\antigravity\brain\a9e1a503-bcef-4103-9c94-ab351d543298\.system_generated\steps\449\
	                   1	C:\Users\DannyGeminiAnti\.gemini\antigravity\brain\a9e1a503-bcef-4103-9c94-ab351d543298\.system_generated\steps\45\
	                   1	C:\Users\DannyGeminiAnti\.gemini\antigravity\brain\a9e1a503-bcef-4103-9c94-ab351d543298\.system_generated\steps\451\
	                   1	C:\Users\DannyGeminiAnti\.gemini\antigravity\brain\a9e1a503-bcef-4103-9c94-ab351d543298\.system_generated\steps\453\
	                   1	C:\Users\DannyGeminiAnti\.gemini\antigravity\brain\a9e1a503-bcef-4103-9c94-ab351d543298\.system_generated\steps\457\
	                   1	C:\Users\DannyGeminiAnti\.gemini\antigravity\brain\a9e1a503-bcef-4103-9c94-ab351d543298\.system_generated\steps\459\
	                   1	C:\Users\DannyGeminiAnti\.gemini\antigravity\brain\a9e1a503-bcef-4103-9c94-ab351d543298\.system_generated\steps\463\
	                   1	C:\Users\DannyGeminiAnti\.gemini\antigravity\brain\a9e1a503-bcef-4103-9c94-ab351d543298\.system_generated\steps\472\
	                   1	C:\Users\DannyGeminiAnti\.gemini\antigravity\brain\a9e1a503-bcef-4103-9c94-ab351d543298\.system_generated\steps\474\
	                   1	C:\Users\DannyGeminiAnti\.gemini\antigravity\brain\a9e1a503-bcef-4103-9c94-ab351d543298\.system_generated\steps\476\
	                   1	C:\Users\DannyGeminiAnti\.gemini\antigravity\brain\a9e1a503-bcef-4103-9c94-ab351d543298\.system_generated\steps\478\
	                   1	C:\Users\DannyGeminiAnti\.gemini\antigravity\brain\a9e1a503-bcef-4103-9c94-ab351d543298\.system_generated\steps\480\
	                   1	C:\Users\DannyGeminiAnti\.gemini\antigravity\brain\a9e1a503-bcef-4103-9c94-ab351d543298\.system_generated\steps\482\
	                   1	C:\Users\DannyGeminiAnti\.gemini\antigravity\brain\a9e1a503-bcef-4103-9c94-ab351d543298\.system_generated\steps\484\
	                   1	C:\Users\DannyGeminiAnti\.gemini\antigravity\brain\a9e1a503-bcef-4103-9c94-ab351d543298\.system_generated\steps\486\
	                   1	C:\Users\DannyGeminiAnti\.gemini\antigravity\brain\a9e1a503-bcef-4103-9c94-ab351d543298\.system_generated\steps\488\
	                   1	C:\Users\DannyGeminiAnti\.gemini\antigravity\brain\a9e1a503-bcef-4103-9c94-ab351d543298\.system_generated\steps\49\
	                   1	C:\Users\DannyGeminiAnti\.gemini\antigravity\brain\a9e1a503-bcef-4103-9c94-ab351d543298\.system_generated\steps\490\
	                   1	C:\Users\DannyGeminiAnti\.gemini\antigravity\brain\a9e1a503-bcef-4103-9c94-ab351d543298\.system_generated\steps\492\
	                   1	C:\Users\DannyGeminiAnti\.gemini\antigravity\brain\a9e1a503-bcef-4103-9c94-ab351d543298\.system_generated\steps\494\
	                   1	C:\Users\DannyGeminiAnti\.gemini\antigravity\brain\a9e1a503-bcef-4103-9c94-ab351d543298\.system_generated\steps\496\
	                   1	C:\Users\DannyGeminiAnti\.gemini\antigravity\brain\a9e1a503-bcef-4103-9c94-ab351d543298\.system_generated\steps\498\
	                   1	C:\Users\DannyGeminiAnti\.gemini\antigravity\brain\a9e1a503-bcef-4103-9c94-ab351d543298\.system_generated\steps\501\
	                   1	C:\Users\DannyGeminiAnti\.gemini\antigravity\brain\a9e1a503-bcef-4103-9c94-ab351d543298\.system_generated\steps\509\
	                   1	C:\Users\DannyGeminiAnti\.gemini\antigravity\brain\a9e1a503-bcef-4103-9c94-ab351d543298\.system_generated\steps\51\
	                   1	C:\Users\DannyGeminiAnti\.gemini\antigravity\brain\a9e1a503-bcef-4103-9c94-ab351d543298\.system_generated\steps\511\
	                   1	C:\Users\DannyGeminiAnti\.gemini\antigravity\brain\a9e1a503-bcef-4103-9c94-ab351d543298\.system_generated\steps\513\
	                   1	C:\Users\DannyGeminiAnti\.gemini\antigravity\brain\a9e1a503-bcef-4103-9c94-ab351d543298\.system_generated\steps\515\
	                   1	C:\Users\DannyGeminiAnti\.gemini\antigravity\brain\a9e1a503-bcef-4103-9c94-ab351d543298\.system_generated\steps\517\
	                   1	C:\Users\DannyGeminiAnti\.gemini\antigravity\brain\a9e1a503-bcef-4103-9c94-ab351d543298\.system_generated\steps\519\
	                   1	C:\Users\DannyGeminiAnti\.gemini\antigravity\brain\a9e1a503-bcef-4103-9c94-ab351d543298\.system_generated\steps\521\
	                   1	C:\Users\DannyGeminiAnti\.gemini\antigravity\brain\a9e1a503-bcef-4103-9c94-ab351d543298\.system_generated\steps\523\
	                   1	C:\Users\DannyGeminiAnti\.gemini\antigravity\brain\a9e1a503-bcef-4103-9c94-ab351d543298\.system_generated\steps\525\
	                   1	C:\Users\DannyGeminiAnti\.gemini\antigravity\brain\a9e1a503-bcef-4103-9c94-ab351d543298\.system_generated\steps\53\
	                   1	C:\Users\DannyGeminiAnti\.gemini\antigravity\brain\a9e1a503-bcef-4103-9c94-ab351d543298\.system_generated\steps\531\
	                   1	C:\Users\DannyGeminiAnti\.gemini\antigravity\brain\a9e1a503-bcef-4103-9c94-ab351d543298\.system_generated\steps\533\
	                   1	C:\Users\DannyGeminiAnti\.gemini\antigravity\brain\a9e1a503-bcef-4103-9c94-ab351d543298\.system_generated\steps\535\
	                   1	C:\Users\DannyGeminiAnti\.gemini\antigravity\brain\a9e1a503-bcef-4103-9c94-ab351d543298\.system_generated\steps\537\
	                   1	C:\Users\DannyGeminiAnti\.gemini\antigravity\brain\a9e1a503-bcef-4103-9c94-ab351d543298\.system_generated\steps\539\
	                   1	C:\Users\DannyGeminiAnti\.gemini\antigravity\brain\a9e1a503-bcef-4103-9c94-ab351d543298\.system_generated\steps\541\
	                   1	C:\Users\DannyGeminiAnti\.gemini\antigravity\brain\a9e1a503-bcef-4103-9c94-ab351d543298\.system_generated\steps\543\
	                   1	C:\Users\DannyGeminiAnti\.gemini\antigravity\brain\a9e1a503-bcef-4103-9c94-ab351d543298\.system_generated\steps\545\
	                   1	C:\Users\DannyGeminiAnti\.gemini\antigravity\brain\a9e1a503-bcef-4103-9c94-ab351d543298\.system_generated\steps\547\
	                   1	C:\Users\DannyGeminiAnti\.gemini\antigravity\brain\a9e1a503-bcef-4103-9c94-ab351d543298\.system_generated\steps\549\
	                   1	C:\Users\DannyGeminiAnti\.gemini\antigravity\brain\a9e1a503-bcef-4103-9c94-ab351d543298\.system_generated\steps\55\
	                   1	C:\Users\DannyGeminiAnti\.gemini\antigravity\brain\a9e1a503-bcef-4103-9c94-ab351d543298\.system_generated\steps\551\
	                   1	C:\Users\DannyGeminiAnti\.gemini\antigravity\brain\a9e1a503-bcef-4103-9c94-ab351d543298\.system_generated\steps\553\
	                   1	C:\Users\DannyGeminiAnti\.gemini\antigravity\brain\a9e1a503-bcef-4103-9c94-ab351d543298\.system_generated\steps\555\
	                   1	C:\Users\DannyGeminiAnti\.gemini\antigravity\brain\a9e1a503-bcef-4103-9c94-ab351d543298\.system_generated\steps\557\
	                   1	C:\Users\DannyGeminiAnti\.gemini\antigravity\brain\a9e1a503-bcef-4103-9c94-ab351d543298\.system_generated\steps\559\
	                   1	C:\Users\DannyGeminiAnti\.gemini\antigravity\brain\a9e1a503-bcef-4103-9c94-ab351d543298\.system_generated\steps\561\
	                   1	C:\Users\DannyGeminiAnti\.gemini\antigravity\brain\a9e1a503-bcef-4103-9c94-ab351d543298\.system_generated\steps\563\
	                   1	C:\Users\DannyGeminiAnti\.gemini\antigravity\brain\a9e1a503-bcef-4103-9c94-ab351d543298\.system_generated\steps\565\
	                   1	C:\Users\DannyGeminiAnti\.gemini\antigravity\brain\a9e1a503-bcef-4103-9c94-ab351d543298\.system_generated\steps\567\
	                   1	C:\Users\DannyGeminiAnti\.gemini\antigravity\brain\a9e1a503-bcef-4103-9c94-ab351d543298\.system_generated\steps\569\
	                   1	C:\Users\DannyGeminiAnti\.gemini\antigravity\brain\a9e1a503-bcef-4103-9c94-ab351d543298\.system_generated\steps\57\
	                   1	C:\Users\DannyGeminiAnti\.gemini\antigravity\brain\a9e1a503-bcef-4103-9c94-ab351d543298\.system_generated\steps\572\
	                   1	C:\Users\DannyGeminiAnti\.gemini\antigravity\brain\a9e1a503-bcef-4103-9c94-ab351d543298\.system_generated\steps\574\
	                   1	C:\Users\DannyGeminiAnti\.gemini\antigravity\brain\a9e1a503-bcef-4103-9c94-ab351d543298\.system_generated\steps\576\
	                   1	C:\Users\DannyGeminiAnti\.gemini\antigravity\brain\a9e1a503-bcef-4103-9c94-ab351d543298\.system_generated\steps\578\
	                   1	C:\Users\DannyGeminiAnti\.gemini\antigravity\brain\a9e1a503-bcef-4103-9c94-ab351d543298\.system_generated\steps\580\
	                   1	C:\Users\DannyGeminiAnti\.gemini\antigravity\brain\a9e1a503-bcef-4103-9c94-ab351d543298\.system_generated\steps\582\
	                   1	C:\Users\DannyGeminiAnti\.gemini\antigravity\brain\a9e1a503-bcef-4103-9c94-ab351d543298\.system_generated\steps\59\
	                   1	C:\Users\DannyGeminiAnti\.gemini\antigravity\brain\a9e1a503-bcef-4103-9c94-ab351d543298\.system_generated\steps\598\
	                   1	C:\Users\DannyGeminiAnti\.gemini\antigravity\brain\a9e1a503-bcef-4103-9c94-ab351d543298\.system_generated\steps\600\
	                   1	C:\Users\DannyGeminiAnti\.gemini\antigravity\brain\a9e1a503-bcef-4103-9c94-ab351d543298\.system_generated\steps\602\
	                   1	C:\Users\DannyGeminiAnti\.gemini\antigravity\brain\a9e1a503-bcef-4103-9c94-ab351d543298\.system_generated\steps\604\
	                   1	C:\Users\DannyGeminiAnti\.gemini\antigravity\brain\a9e1a503-bcef-4103-9c94-ab351d543298\.system_generated\steps\606\
	                   1	C:\Users\DannyGeminiAnti\.gemini\antigravity\brain\a9e1a503-bcef-4103-9c94-ab351d543298\.system_generated\steps\608\
	                   1	C:\Users\DannyGeminiAnti\.gemini\antigravity\brain\a9e1a503-bcef-4103-9c94-ab351d543298\.system_generated\steps\612\
	                   1	C:\Users\DannyGeminiAnti\.gemini\antigravity\brain\a9e1a503-bcef-4103-9c94-ab351d543298\.system_generated\steps\614\
	                   1	C:\Users\DannyGeminiAnti\.gemini\antigravity\brain\a9e1a503-bcef-4103-9c94-ab351d543298\.system_generated\steps\616\
	                   1	C:\Users\DannyGeminiAnti\.gemini\antigravity\brain\a9e1a503-bcef-4103-9c94-ab351d543298\.system_generated\steps\618\
	                   1	C:\Users\DannyGeminiAnti\.gemini\antigravity\brain\a9e1a503-bcef-4103-9c94-ab351d543298\.system_generated\steps\620\
	                   1	C:\Users\DannyGeminiAnti\.gemini\antigravity\brain\a9e1a503-bcef-4103-9c94-ab351d543298\.system_generated\steps\622\
	                   1	C:\Users\DannyGeminiAnti\.gemini\antigravity\brain\a9e1a503-bcef-4103-9c94-ab351d543298\.system_generated\steps\624\
	                   1	C:\Users\DannyGeminiAnti\.gemini\antigravity\brain\a9e1a503-bcef-4103-9c94-ab351d543298\.system_generated\steps\626\
	                   1	C:\Users\DannyGeminiAnti\.gemini\antigravity\brain\a9e1a503-bcef-4103-9c94-ab351d543298\.system_generated\steps\628\
	                   1	C:\Users\DannyGeminiAnti\.gemini\antigravity\brain\a9e1a503-bcef-4103-9c94-ab351d543298\.system_generated\steps\63\
	                   1	C:\Users\DannyGeminiAnti\.gemini\antigravity\brain\a9e1a503-bcef-4103-9c94-ab351d543298\.system_generated\steps\630\
	                   1	C:\Users\DannyGeminiAnti\.gemini\antigravity\brain\a9e1a503-bcef-4103-9c94-ab351d543298\.system_generated\steps\632\
	                   1	C:\Users\DannyGeminiAnti\.gemini\antigravity\brain\a9e1a503-bcef-4103-9c94-ab351d543298\.system_generated\steps\634\
	                   1	C:\Users\DannyGeminiAnti\.gemini\antigravity\brain\a9e1a503-bcef-4103-9c94-ab351d543298\.system_generated\steps\636\
	                   1	C:\Users\DannyGeminiAnti\.gemini\antigravity\brain\a9e1a503-bcef-4103-9c94-ab351d543298\.system_generated\steps\638\
	                   1	C:\Users\DannyGeminiAnti\.gemini\antigravity\brain\a9e1a503-bcef-4103-9c94-ab351d543298\.system_generated\steps\640\
	                   1	C:\Users\DannyGeminiAnti\.gemini\antigravity\brain\a9e1a503-bcef-4103-9c94-ab351d543298\.system_generated\steps\642\
	                   1	C:\Users\DannyGeminiAnti\.gemini\antigravity\brain\a9e1a503-bcef-4103-9c94-ab351d543298\.system_generated\steps\644\
	                   1	C:\Users\DannyGeminiAnti\.gemini\antigravity\brain\a9e1a503-bcef-4103-9c94-ab351d543298\.system_generated\steps\646\
	                   1	C:\Users\DannyGeminiAnti\.gemini\antigravity\brain\a9e1a503-bcef-4103-9c94-ab351d543298\.system_generated\steps\648\
	                   1	C:\Users\DannyGeminiAnti\.gemini\antigravity\brain\a9e1a503-bcef-4103-9c94-ab351d543298\.system_generated\steps\65\
	                   1	C:\Users\DannyGeminiAnti\.gemini\antigravity\brain\a9e1a503-bcef-4103-9c94-ab351d543298\.system_generated\steps\650\
	                   1	C:\Users\DannyGeminiAnti\.gemini\antigravity\brain\a9e1a503-bcef-4103-9c94-ab351d543298\.system_generated\steps\652\
	                   1	C:\Users\DannyGeminiAnti\.gemini\antigravity\brain\a9e1a503-bcef-4103-9c94-ab351d543298\.system_generated\steps\654\
	                   1	C:\Users\DannyGeminiAnti\.gemini\antigravity\brain\a9e1a503-bcef-4103-9c94-ab351d543298\.system_generated\steps\656\
	                   1	C:\Users\DannyGeminiAnti\.gemini\antigravity\brain\a9e1a503-bcef-4103-9c94-ab351d543298\.system_generated\steps\658\
	                   1	C:\Users\DannyGeminiAnti\.gemini\antigravity\brain\a9e1a503-bcef-4103-9c94-ab351d543298\.system_generated\steps\660\
	                   1	C:\Users\DannyGeminiAnti\.gemini\antigravity\brain\a9e1a503-bcef-4103-9c94-ab351d543298\.system_generated\steps\662\
	                   1	C:\Users\DannyGeminiAnti\.gemini\antigravity\brain\a9e1a503-bcef-4103-9c94-ab351d543298\.system_generated\steps\666\
	                   1	C:\Users\DannyGeminiAnti\.gemini\antigravity\brain\a9e1a503-bcef-4103-9c94-ab351d543298\.system_generated\steps\669\
	                   1	C:\Users\DannyGeminiAnti\.gemini\antigravity\brain\a9e1a503-bcef-4103-9c94-ab351d543298\.system_generated\steps\67\
	                   1	C:\Users\DannyGeminiAnti\.gemini\antigravity\brain\a9e1a503-bcef-4103-9c94-ab351d543298\.system_generated\steps\673\
	                   1	C:\Users\DannyGeminiAnti\.gemini\antigravity\brain\a9e1a503-bcef-4103-9c94-ab351d543298\.system_generated\steps\678\
	                   1	C:\Users\DannyGeminiAnti\.gemini\antigravity\brain\a9e1a503-bcef-4103-9c94-ab351d543298\.system_generated\steps\680\
	                   1	C:\Users\DannyGeminiAnti\.gemini\antigravity\brain\a9e1a503-bcef-4103-9c94-ab351d543298\.system_generated\steps\682\
	                   1	C:\Users\DannyGeminiAnti\.gemini\antigravity\brain\a9e1a503-bcef-4103-9c94-ab351d543298\.system_generated\steps\687\
	                   1	C:\Users\DannyGeminiAnti\.gemini\antigravity\brain\a9e1a503-bcef-4103-9c94-ab351d543298\.system_generated\steps\689\
	                   1	C:\Users\DannyGeminiAnti\.gemini\antigravity\brain\a9e1a503-bcef-4103-9c94-ab351d543298\.system_generated\steps\691\
	                   1	C:\Users\DannyGeminiAnti\.gemini\antigravity\brain\a9e1a503-bcef-4103-9c94-ab351d543298\.system_generated\steps\695\
	                   1	C:\Users\DannyGeminiAnti\.gemini\antigravity\brain\a9e1a503-bcef-4103-9c94-ab351d543298\.system_generated\steps\697\
	                   1	C:\Users\DannyGeminiAnti\.gemini\antigravity\brain\a9e1a503-bcef-4103-9c94-ab351d543298\.system_generated\steps\699\
	                   1	C:\Users\DannyGeminiAnti\.gemini\antigravity\brain\a9e1a503-bcef-4103-9c94-ab351d543298\.system_generated\steps\701\
	                   1	C:\Users\DannyGeminiAnti\.gemini\antigravity\brain\a9e1a503-bcef-4103-9c94-ab351d543298\.system_generated\steps\705\
	                   1	C:\Users\DannyGeminiAnti\.gemini\antigravity\brain\a9e1a503-bcef-4103-9c94-ab351d543298\.system_generated\steps\707\
	                   1	C:\Users\DannyGeminiAnti\.gemini\antigravity\brain\a9e1a503-bcef-4103-9c94-ab351d543298\.system_generated\steps\71\
	                   1	C:\Users\DannyGeminiAnti\.gemini\antigravity\brain\a9e1a503-bcef-4103-9c94-ab351d543298\.system_generated\steps\713\
	                   1	C:\Users\DannyGeminiAnti\.gemini\antigravity\brain\a9e1a503-bcef-4103-9c94-ab351d543298\.system_generated\steps\715\
	                   1	C:\Users\DannyGeminiAnti\.gemini\antigravity\brain\a9e1a503-bcef-4103-9c94-ab351d543298\.system_generated\steps\719\
	                   1	C:\Users\DannyGeminiAnti\.gemini\antigravity\brain\a9e1a503-bcef-4103-9c94-ab351d543298\.system_generated\steps\721\
	                   1	C:\Users\DannyGeminiAnti\.gemini\antigravity\brain\a9e1a503-bcef-4103-9c94-ab351d543298\.system_generated\steps\73\
	                   1	C:\Users\DannyGeminiAnti\.gemini\antigravity\brain\a9e1a503-bcef-4103-9c94-ab351d543298\.system_generated\steps\730\
	                   1	C:\Users\DannyGeminiAnti\.gemini\antigravity\brain\a9e1a503-bcef-4103-9c94-ab351d543298\.system_generated\steps\740\
	                   1	C:\Users\DannyGeminiAnti\.gemini\antigravity\brain\a9e1a503-bcef-4103-9c94-ab351d543298\.system_generated\steps\742\
	                   1	C:\Users\DannyGeminiAnti\.gemini\antigravity\brain\a9e1a503-bcef-4103-9c94-ab351d543298\.system_generated\steps\744\
	                   1	C:\Users\DannyGeminiAnti\.gemini\antigravity\brain\a9e1a503-bcef-4103-9c94-ab351d543298\.system_generated\steps\746\
	                   1	C:\Users\DannyGeminiAnti\.gemini\antigravity\brain\a9e1a503-bcef-4103-9c94-ab351d543298\.system_generated\steps\748\
	                   1	C:\Users\DannyGeminiAnti\.gemini\antigravity\brain\a9e1a503-bcef-4103-9c94-ab351d543298\.system_generated\steps\75\
	                   1	C:\Users\DannyGeminiAnti\.gemini\antigravity\brain\a9e1a503-bcef-4103-9c94-ab351d543298\.system_generated\steps\750\
	                   1	C:\Users\DannyGeminiAnti\.gemini\antigravity\brain\a9e1a503-bcef-4103-9c94-ab351d543298\.system_generated\steps\752\
	                   1	C:\Users\DannyGeminiAnti\.gemini\antigravity\brain\a9e1a503-bcef-4103-9c94-ab351d543298\.system_generated\steps\754\
	                   1	C:\Users\DannyGeminiAnti\.gemini\antigravity\brain\a9e1a503-bcef-4103-9c94-ab351d543298\.system_generated\steps\756\
	                   1	C:\Users\DannyGeminiAnti\.gemini\antigravity\brain\a9e1a503-bcef-4103-9c94-ab351d543298\.system_generated\steps\768\
	                   1	C:\Users\DannyGeminiAnti\.gemini\antigravity\brain\a9e1a503-bcef-4103-9c94-ab351d543298\.system_generated\steps\770\
	                   1	C:\Users\DannyGeminiAnti\.gemini\antigravity\brain\a9e1a503-bcef-4103-9c94-ab351d543298\.system_generated\steps\772\
	                   1	C:\Users\DannyGeminiAnti\.gemini\antigravity\brain\a9e1a503-bcef-4103-9c94-ab351d543298\.system_generated\steps\774\
	                   1	C:\Users\DannyGeminiAnti\.gemini\antigravity\brain\a9e1a503-bcef-4103-9c94-ab351d543298\.system_generated\steps\776\
	                   1	C:\Users\DannyGeminiAnti\.gemini\antigravity\brain\a9e1a503-bcef-4103-9c94-ab351d543298\.system_generated\steps\778\
	                   1	C:\Users\DannyGeminiAnti\.gemini\antigravity\brain\a9e1a503-bcef-4103-9c94-ab351d543298\.system_generated\steps\780\
	                   1	C:\Users\DannyGeminiAnti\.gemini\antigravity\brain\a9e1a503-bcef-4103-9c94-ab351d543298\.system_generated\steps\784\
	                   1	C:\Users\DannyGeminiAnti\.gemini\antigravity\brain\a9e1a503-bcef-4103-9c94-ab351d543298\.system_generated\steps\786\
	                   1	C:\Users\DannyGeminiAnti\.gemini\antigravity\brain\a9e1a503-bcef-4103-9c94-ab351d543298\.system_generated\steps\789\
	                   1	C:\Users\DannyGeminiAnti\.gemini\antigravity\brain\a9e1a503-bcef-4103-9c94-ab351d543298\.system_generated\steps\79\
	                   1	C:\Users\DannyGeminiAnti\.gemini\antigravity\brain\a9e1a503-bcef-4103-9c94-ab351d543298\.system_generated\steps\793\
	                   1	C:\Users\DannyGeminiAnti\.gemini\antigravity\brain\a9e1a503-bcef-4103-9c94-ab351d543298\.system_generated\steps\797\
	                   1	C:\Users\DannyGeminiAnti\.gemini\antigravity\brain\a9e1a503-bcef-4103-9c94-ab351d543298\.system_generated\steps\799\
	                   1	C:\Users\DannyGeminiAnti\.gemini\antigravity\brain\a9e1a503-bcef-4103-9c94-ab351d543298\.system_generated\steps\804\
	                   1	C:\Users\DannyGeminiAnti\.gemini\antigravity\brain\a9e1a503-bcef-4103-9c94-ab351d543298\.system_generated\steps\806\
	                   1	C:\Users\DannyGeminiAnti\.gemini\antigravity\brain\a9e1a503-bcef-4103-9c94-ab351d543298\.system_generated\steps\808\
	                   1	C:\Users\DannyGeminiAnti\.gemini\antigravity\brain\a9e1a503-bcef-4103-9c94-ab351d543298\.system_generated\steps\810\
	                   1	C:\Users\DannyGeminiAnti\.gemini\antigravity\brain\a9e1a503-bcef-4103-9c94-ab351d543298\.system_generated\steps\812\
	                   1	C:\Users\DannyGeminiAnti\.gemini\antigravity\brain\a9e1a503-bcef-4103-9c94-ab351d543298\.system_generated\steps\814\
	                   1	C:\Users\DannyGeminiAnti\.gemini\antigravity\brain\a9e1a503-bcef-4103-9c94-ab351d543298\.system_generated\steps\816\
	                   1	C:\Users\DannyGeminiAnti\.gemini\antigravity\brain\a9e1a503-bcef-4103-9c94-ab351d543298\.system_generated\steps\818\
	                   1	C:\Users\DannyGeminiAnti\.gemini\antigravity\brain\a9e1a503-bcef-4103-9c94-ab351d543298\.system_generated\steps\820\
	                   1	C:\Users\DannyGeminiAnti\.gemini\antigravity\brain\a9e1a503-bcef-4103-9c94-ab351d543298\.system_generated\steps\823\
	                   1	C:\Users\DannyGeminiAnti\.gemini\antigravity\brain\a9e1a503-bcef-4103-9c94-ab351d543298\.system_generated\steps\825\
	                   1	C:\Users\DannyGeminiAnti\.gemini\antigravity\brain\a9e1a503-bcef-4103-9c94-ab351d543298\.system_generated\steps\827\
	                   1	C:\Users\DannyGeminiAnti\.gemini\antigravity\brain\a9e1a503-bcef-4103-9c94-ab351d543298\.system_generated\steps\829\
	                   1	C:\Users\DannyGeminiAnti\.gemini\antigravity\brain\a9e1a503-bcef-4103-9c94-ab351d543298\.system_generated\steps\831\
	                   1	C:\Users\DannyGeminiAnti\.gemini\antigravity\brain\a9e1a503-bcef-4103-9c94-ab351d543298\.system_generated\steps\833\
	                   1	C:\Users\DannyGeminiAnti\.gemini\antigravity\brain\a9e1a503-bcef-4103-9c94-ab351d543298\.system_generated\steps\835\
	                   1	C:\Users\DannyGeminiAnti\.gemini\antigravity\brain\a9e1a503-bcef-4103-9c94-ab351d543298\.system_generated\steps\837\
	                   1	C:\Users\DannyGeminiAnti\.gemini\antigravity\brain\a9e1a503-bcef-4103-9c94-ab351d543298\.system_generated\steps\839\
	                   1	C:\Users\DannyGeminiAnti\.gemini\antigravity\brain\a9e1a503-bcef-4103-9c94-ab351d543298\.system_generated\steps\84\
	                   1	C:\Users\DannyGeminiAnti\.gemini\antigravity\brain\a9e1a503-bcef-4103-9c94-ab351d543298\.system_generated\steps\841\
	                   1	C:\Users\DannyGeminiAnti\.gemini\antigravity\brain\a9e1a503-bcef-4103-9c94-ab351d543298\.system_generated\steps\843\
	                   1	C:\Users\DannyGeminiAnti\.gemini\antigravity\brain\a9e1a503-bcef-4103-9c94-ab351d543298\.system_generated\steps\845\
	                   1	C:\Users\DannyGeminiAnti\.gemini\antigravity\brain\a9e1a503-bcef-4103-9c94-ab351d543298\.system_generated\steps\847\
	                   1	C:\Users\DannyGeminiAnti\.gemini\antigravity\brain\a9e1a503-bcef-4103-9c94-ab351d543298\.system_generated\steps\850\
	                   1	C:\Users\DannyGeminiAnti\.gemini\antigravity\brain\a9e1a503-bcef-4103-9c94-ab351d543298\.system_generated\steps\852\
	                   1	C:\Users\DannyGeminiAnti\.gemini\antigravity\brain\a9e1a503-bcef-4103-9c94-ab351d543298\.system_generated\steps\854\
	                   1	C:\Users\DannyGeminiAnti\.gemini\antigravity\brain\a9e1a503-bcef-4103-9c94-ab351d543298\.system_generated\steps\859\
	                   1	C:\Users\DannyGeminiAnti\.gemini\antigravity\brain\a9e1a503-bcef-4103-9c94-ab351d543298\.system_generated\steps\86\
	                   1	C:\Users\DannyGeminiAnti\.gemini\antigravity\brain\a9e1a503-bcef-4103-9c94-ab351d543298\.system_generated\steps\861\
	                   1	C:\Users\DannyGeminiAnti\.gemini\antigravity\brain\a9e1a503-bcef-4103-9c94-ab351d543298\.system_generated\steps\863\
	                   1	C:\Users\DannyGeminiAnti\.gemini\antigravity\brain\a9e1a503-bcef-4103-9c94-ab351d543298\.system_generated\steps\865\
	                   1	C:\Users\DannyGeminiAnti\.gemini\antigravity\brain\a9e1a503-bcef-4103-9c94-ab351d543298\.system_generated\steps\867\
	                   1	C:\Users\DannyGeminiAnti\.gemini\antigravity\brain\a9e1a503-bcef-4103-9c94-ab351d543298\.system_generated\steps\871\
	                   1	C:\Users\DannyGeminiAnti\.gemini\antigravity\brain\a9e1a503-bcef-4103-9c94-ab351d543298\.system_generated\steps\875\
	                   1	C:\Users\DannyGeminiAnti\.gemini\antigravity\brain\a9e1a503-bcef-4103-9c94-ab351d543298\.system_generated\steps\877\
	                   1	C:\Users\DannyGeminiAnti\.gemini\antigravity\brain\a9e1a503-bcef-4103-9c94-ab351d543298\.system_generated\steps\879\
	                   1	C:\Users\DannyGeminiAnti\.gemini\antigravity\brain\a9e1a503-bcef-4103-9c94-ab351d543298\.system_generated\steps\88\
	                   1	C:\Users\DannyGeminiAnti\.gemini\antigravity\brain\a9e1a503-bcef-4103-9c94-ab351d543298\.system_generated\steps\881\
	                   1	C:\Users\DannyGeminiAnti\.gemini\antigravity\brain\a9e1a503-bcef-4103-9c94-ab351d543298\.system_generated\steps\883\
	                   1	C:\Users\DannyGeminiAnti\.gemini\antigravity\brain\a9e1a503-bcef-4103-9c94-ab351d543298\.system_generated\steps\885\
	                   1	C:\Users\DannyGeminiAnti\.gemini\antigravity\brain\a9e1a503-bcef-4103-9c94-ab351d543298\.system_generated\steps\891\
	                   1	C:\Users\DannyGeminiAnti\.gemini\antigravity\brain\a9e1a503-bcef-4103-9c94-ab351d543298\.system_generated\steps\893\
	                   1	C:\Users\DannyGeminiAnti\.gemini\antigravity\brain\a9e1a503-bcef-4103-9c94-ab351d543298\.system_generated\steps\895\
	                   1	C:\Users\DannyGeminiAnti\.gemini\antigravity\brain\a9e1a503-bcef-4103-9c94-ab351d543298\.system_generated\steps\897\
	                   1	C:\Users\DannyGeminiAnti\.gemini\antigravity\brain\a9e1a503-bcef-4103-9c94-ab351d543298\.system_generated\steps\899\
	                   1	C:\Users\DannyGeminiAnti\.gemini\antigravity\brain\a9e1a503-bcef-4103-9c94-ab351d543298\.system_generated\steps\90\
	                   1	C:\Users\DannyGeminiAnti\.gemini\antigravity\brain\a9e1a503-bcef-4103-9c94-ab351d543298\.system_generated\steps\901\
	                   1	C:\Users\DannyGeminiAnti\.gemini\antigravity\brain\a9e1a503-bcef-4103-9c94-ab351d543298\.system_generated\steps\903\
	                   1	C:\Users\DannyGeminiAnti\.gemini\antigravity\brain\a9e1a503-bcef-4103-9c94-ab351d543298\.system_generated\steps\905\
	                   1	C:\Users\DannyGeminiAnti\.gemini\antigravity\brain\a9e1a503-bcef-4103-9c94-ab351d543298\.system_generated\steps\907\
	                   1	C:\Users\DannyGeminiAnti\.gemini\antigravity\brain\a9e1a503-bcef-4103-9c94-ab351d543298\.system_generated\steps\910\
	                   1	C:\Users\DannyGeminiAnti\.gemini\antigravity\brain\a9e1a503-bcef-4103-9c94-ab351d543298\.system_generated\steps\912\
	                   1	C:\Users\DannyGeminiAnti\.gemini\antigravity\brain\a9e1a503-bcef-4103-9c94-ab351d543298\.system_generated\steps\914\
	                   1	C:\Users\DannyGeminiAnti\.gemini\antigravity\brain\a9e1a503-bcef-4103-9c94-ab351d543298\.system_generated\steps\919\
	                   1	C:\Users\DannyGeminiAnti\.gemini\antigravity\brain\a9e1a503-bcef-4103-9c94-ab351d543298\.system_generated\steps\92\
	                   1	C:\Users\DannyGeminiAnti\.gemini\antigravity\brain\a9e1a503-bcef-4103-9c94-ab351d543298\.system_generated\steps\921\
	                   1	C:\Users\DannyGeminiAnti\.gemini\antigravity\brain\a9e1a503-bcef-4103-9c94-ab351d543298\.system_generated\steps\923\
	                   1	C:\Users\DannyGeminiAnti\.gemini\antigravity\brain\a9e1a503-bcef-4103-9c94-ab351d543298\.system_generated\steps\925\
	                   1	C:\Users\DannyGeminiAnti\.gemini\antigravity\brain\a9e1a503-bcef-4103-9c94-ab351d543298\.system_generated\steps\927\
	                   1	C:\Users\DannyGeminiAnti\.gemini\antigravity\brain\a9e1a503-bcef-4103-9c94-ab351d543298\.system_generated\steps\929\
	                   1	C:\Users\DannyGeminiAnti\.gemini\antigravity\brain\a9e1a503-bcef-4103-9c94-ab351d543298\.system_generated\steps\931\
	                   1	C:\Users\DannyGeminiAnti\.gemini\antigravity\brain\a9e1a503-bcef-4103-9c94-ab351d543298\.system_generated\steps\933\
	                   1	C:\Users\DannyGeminiAnti\.gemini\antigravity\brain\a9e1a503-bcef-4103-9c94-ab351d543298\.system_generated\steps\935\
	                   1	C:\Users\DannyGeminiAnti\.gemini\antigravity\brain\a9e1a503-bcef-4103-9c94-ab351d543298\.system_generated\steps\937\
	                   1	C:\Users\DannyGeminiAnti\.gemini\antigravity\brain\a9e1a503-bcef-4103-9c94-ab351d543298\.system_generated\steps\939\
	                   1	C:\Users\DannyGeminiAnti\.gemini\antigravity\brain\a9e1a503-bcef-4103-9c94-ab351d543298\.system_generated\steps\942\
	                   1	C:\Users\DannyGeminiAnti\.gemini\antigravity\brain\a9e1a503-bcef-4103-9c94-ab351d543298\.system_generated\steps\945\
	                   1	C:\Users\DannyGeminiAnti\.gemini\antigravity\brain\a9e1a503-bcef-4103-9c94-ab351d543298\.system_generated\steps\947\
	                   1	C:\Users\DannyGeminiAnti\.gemini\antigravity\brain\a9e1a503-bcef-4103-9c94-ab351d543298\.system_generated\steps\949\
	                   1	C:\Users\DannyGeminiAnti\.gemini\antigravity\brain\a9e1a503-bcef-4103-9c94-ab351d543298\.system_generated\steps\951\
	                   1	C:\Users\DannyGeminiAnti\.gemini\antigravity\brain\a9e1a503-bcef-4103-9c94-ab351d543298\.system_generated\steps\953\
	                   1	C:\Users\DannyGeminiAnti\.gemini\antigravity\brain\a9e1a503-bcef-4103-9c94-ab351d543298\.system_generated\steps\955\
	                   1	C:\Users\DannyGeminiAnti\.gemini\antigravity\brain\a9e1a503-bcef-4103-9c94-ab351d543298\.system_generated\steps\957\
	                   1	C:\Users\DannyGeminiAnti\.gemini\antigravity\brain\a9e1a503-bcef-4103-9c94-ab351d543298\.system_generated\steps\959\
	                   1	C:\Users\DannyGeminiAnti\.gemini\antigravity\brain\a9e1a503-bcef-4103-9c94-ab351d543298\.system_generated\steps\96\
	                   1	C:\Users\DannyGeminiAnti\.gemini\antigravity\brain\a9e1a503-bcef-4103-9c94-ab351d543298\.system_generated\steps\961\
	                   1	C:\Users\DannyGeminiAnti\.gemini\antigravity\brain\a9e1a503-bcef-4103-9c94-ab351d543298\.system_generated\steps\964\
	                   1	C:\Users\DannyGeminiAnti\.gemini\antigravity\brain\a9e1a503-bcef-4103-9c94-ab351d543298\.system_generated\steps\970\
	                   1	C:\Users\DannyGeminiAnti\.gemini\antigravity\brain\a9e1a503-bcef-4103-9c94-ab351d543298\.system_generated\steps\972\
	                   1	C:\Users\DannyGeminiAnti\.gemini\antigravity\brain\a9e1a503-bcef-4103-9c94-ab351d543298\.system_generated\steps\974\
	                   1	C:\Users\DannyGeminiAnti\.gemini\antigravity\brain\a9e1a503-bcef-4103-9c94-ab351d543298\.system_generated\steps\976\
	                   1	C:\Users\DannyGeminiAnti\.gemini\antigravity\brain\a9e1a503-bcef-4103-9c94-ab351d543298\.system_generated\steps\978\
	                   1	C:\Users\DannyGeminiAnti\.gemini\antigravity\brain\a9e1a503-bcef-4103-9c94-ab351d543298\.system_generated\steps\98\
	                   1	C:\Users\DannyGeminiAnti\.gemini\antigravity\brain\a9e1a503-bcef-4103-9c94-ab351d543298\.system_generated\steps\980\
	                   1	C:\Users\DannyGeminiAnti\.gemini\antigravity\brain\a9e1a503-bcef-4103-9c94-ab351d543298\.system_generated\steps\982\
	                   1	C:\Users\DannyGeminiAnti\.gemini\antigravity\brain\a9e1a503-bcef-4103-9c94-ab351d543298\.system_generated\steps\984\
	                   1	C:\Users\DannyGeminiAnti\.gemini\antigravity\brain\a9e1a503-bcef-4103-9c94-ab351d543298\.system_generated\steps\986\
	                   1	C:\Users\DannyGeminiAnti\.gemini\antigravity\brain\a9e1a503-bcef-4103-9c94-ab351d543298\.system_generated\steps\988\
	                   1	C:\Users\DannyGeminiAnti\.gemini\antigravity\brain\a9e1a503-bcef-4103-9c94-ab351d543298\.system_generated\steps\990\
	                   1	C:\Users\DannyGeminiAnti\.gemini\antigravity\brain\a9e1a503-bcef-4103-9c94-ab351d543298\.system_generated\steps\992\
	                   1	C:\Users\DannyGeminiAnti\.gemini\antigravity\brain\a9e1a503-bcef-4103-9c94-ab351d543298\.system_generated\steps\994\
	                   1	C:\Users\DannyGeminiAnti\.gemini\antigravity\brain\a9e1a503-bcef-4103-9c94-ab351d543298\.system_generated\steps\996\
	                   1	C:\Users\DannyGeminiAnti\.gemini\antigravity\brain\a9e1a503-bcef-4103-9c94-ab351d543298\.system_generated\steps\998\
	                  40	C:\Users\DannyGeminiAnti\.gemini\antigravity\brain\a9e1a503-bcef-4103-9c94-ab351d543298\.user_uploaded\
	                   0	C:\Users\DannyGeminiAnti\.gemini\antigravity\brain\b2b1d6ab-93e7-4464-8a49-b2a90e6ec6e5\
	                   0	C:\Users\DannyGeminiAnti\.gemini\antigravity\brain\b2b1d6ab-93e7-4464-8a49-b2a90e6ec6e5\.system_generated\
	                   2	C:\Users\DannyGeminiAnti\.gemini\antigravity\brain\b2b1d6ab-93e7-4464-8a49-b2a90e6ec6e5\.system_generated\logs\
	                   0	C:\Users\DannyGeminiAnti\.gemini\antigravity\brain\b2b1d6ab-93e7-4464-8a49-b2a90e6ec6e5\.system_generated\logs\chunks\
	                   2	C:\Users\DannyGeminiAnti\.gemini\antigravity\brain\b2b1d6ab-93e7-4464-8a49-b2a90e6ec6e5\.system_generated\logs\chunks\transcript\
	                   3	C:\Users\DannyGeminiAnti\.gemini\antigravity\brain\b2b1d6ab-93e7-4464-8a49-b2a90e6ec6e5\.system_generated\logs\chunks\transcript_full\
	                   2	C:\Users\DannyGeminiAnti\.gemini\antigravity\brain\b2b1d6ab-93e7-4464-8a49-b2a90e6ec6e5\.system_generated\messages\
	                   0	C:\Users\DannyGeminiAnti\.gemini\antigravity\brain\b2b1d6ab-93e7-4464-8a49-b2a90e6ec6e5\.system_generated\messages\undelivered\
	                   0	C:\Users\DannyGeminiAnti\.gemini\antigravity\brain\b2b1d6ab-93e7-4464-8a49-b2a90e6ec6e5\.system_generated\steps\
	                   1	C:\Users\DannyGeminiAnti\.gemini\antigravity\brain\b2b1d6ab-93e7-4464-8a49-b2a90e6ec6e5\.system_generated\steps\101\
	                   1	C:\Users\DannyGeminiAnti\.gemini\antigravity\brain\b2b1d6ab-93e7-4464-8a49-b2a90e6ec6e5\.system_generated\steps\103\
	                   1	C:\Users\DannyGeminiAnti\.gemini\antigravity\brain\b2b1d6ab-93e7-4464-8a49-b2a90e6ec6e5\.system_generated\steps\105\
	                   1	C:\Users\DannyGeminiAnti\.gemini\antigravity\brain\b2b1d6ab-93e7-4464-8a49-b2a90e6ec6e5\.system_generated\steps\107\
	                   1	C:\Users\DannyGeminiAnti\.gemini\antigravity\brain\b2b1d6ab-93e7-4464-8a49-b2a90e6ec6e5\.system_generated\steps\109\
	                   1	C:\Users\DannyGeminiAnti\.gemini\antigravity\brain\b2b1d6ab-93e7-4464-8a49-b2a90e6ec6e5\.system_generated\steps\113\
	                   1	C:\Users\DannyGeminiAnti\.gemini\antigravity\brain\b2b1d6ab-93e7-4464-8a49-b2a90e6ec6e5\.system_generated\steps\115\
	                   1	C:\Users\DannyGeminiAnti\.gemini\antigravity\brain\b2b1d6ab-93e7-4464-8a49-b2a90e6ec6e5\.system_generated\steps\12\
	                   1	C:\Users\DannyGeminiAnti\.gemini\antigravity\brain\b2b1d6ab-93e7-4464-8a49-b2a90e6ec6e5\.system_generated\steps\2\
	                   1	C:\Users\DannyGeminiAnti\.gemini\antigravity\brain\b2b1d6ab-93e7-4464-8a49-b2a90e6ec6e5\.system_generated\steps\20\
	                   1	C:\Users\DannyGeminiAnti\.gemini\antigravity\brain\b2b1d6ab-93e7-4464-8a49-b2a90e6ec6e5\.system_generated\steps\22\
	                   1	C:\Users\DannyGeminiAnti\.gemini\antigravity\brain\b2b1d6ab-93e7-4464-8a49-b2a90e6ec6e5\.system_generated\steps\24\
	                   1	C:\Users\DannyGeminiAnti\.gemini\antigravity\brain\b2b1d6ab-93e7-4464-8a49-b2a90e6ec6e5\.system_generated\steps\26\
	                   1	C:\Users\DannyGeminiAnti\.gemini\antigravity\brain\b2b1d6ab-93e7-4464-8a49-b2a90e6ec6e5\.system_generated\steps\28\
	                   1	C:\Users\DannyGeminiAnti\.gemini\antigravity\brain\b2b1d6ab-93e7-4464-8a49-b2a90e6ec6e5\.system_generated\steps\30\
	                   1	C:\Users\DannyGeminiAnti\.gemini\antigravity\brain\b2b1d6ab-93e7-4464-8a49-b2a90e6ec6e5\.system_generated\steps\32\
	                   1	C:\Users\DannyGeminiAnti\.gemini\antigravity\brain\b2b1d6ab-93e7-4464-8a49-b2a90e6ec6e5\.system_generated\steps\34\
	                   1	C:\Users\DannyGeminiAnti\.gemini\antigravity\brain\b2b1d6ab-93e7-4464-8a49-b2a90e6ec6e5\.system_generated\steps\36\
	                   1	C:\Users\DannyGeminiAnti\.gemini\antigravity\brain\b2b1d6ab-93e7-4464-8a49-b2a90e6ec6e5\.system_generated\steps\38\
	                   1	C:\Users\DannyGeminiAnti\.gemini\antigravity\brain\b2b1d6ab-93e7-4464-8a49-b2a90e6ec6e5\.system_generated\steps\40\
	                   1	C:\Users\DannyGeminiAnti\.gemini\antigravity\brain\b2b1d6ab-93e7-4464-8a49-b2a90e6ec6e5\.system_generated\steps\42\
	                   1	C:\Users\DannyGeminiAnti\.gemini\antigravity\brain\b2b1d6ab-93e7-4464-8a49-b2a90e6ec6e5\.system_generated\steps\44\
	                   1	C:\Users\DannyGeminiAnti\.gemini\antigravity\brain\b2b1d6ab-93e7-4464-8a49-b2a90e6ec6e5\.system_generated\steps\46\
	                   1	C:\Users\DannyGeminiAnti\.gemini\antigravity\brain\b2b1d6ab-93e7-4464-8a49-b2a90e6ec6e5\.system_generated\steps\48\
	                   1	C:\Users\DannyGeminiAnti\.gemini\antigravity\brain\b2b1d6ab-93e7-4464-8a49-b2a90e6ec6e5\.system_generated\steps\50\
	                   1	C:\Users\DannyGeminiAnti\.gemini\antigravity\brain\b2b1d6ab-93e7-4464-8a49-b2a90e6ec6e5\.system_generated\steps\52\
	                   1	C:\Users\DannyGeminiAnti\.gemini\antigravity\brain\b2b1d6ab-93e7-4464-8a49-b2a90e6ec6e5\.system_generated\steps\54\
	                   1	C:\Users\DannyGeminiAnti\.gemini\antigravity\brain\b2b1d6ab-93e7-4464-8a49-b2a90e6ec6e5\.system_generated\steps\56\
	                   1	C:\Users\DannyGeminiAnti\.gemini\antigravity\brain\b2b1d6ab-93e7-4464-8a49-b2a90e6ec6e5\.system_generated\steps\58\
	                   1	C:\Users\DannyGeminiAnti\.gemini\antigravity\brain\b2b1d6ab-93e7-4464-8a49-b2a90e6ec6e5\.system_generated\steps\6\
	                   1	C:\Users\DannyGeminiAnti\.gemini\antigravity\brain\b2b1d6ab-93e7-4464-8a49-b2a90e6ec6e5\.system_generated\steps\60\
	                   1	C:\Users\DannyGeminiAnti\.gemini\antigravity\brain\b2b1d6ab-93e7-4464-8a49-b2a90e6ec6e5\.system_generated\steps\62\
	                   1	C:\Users\DannyGeminiAnti\.gemini\antigravity\brain\b2b1d6ab-93e7-4464-8a49-b2a90e6ec6e5\.system_generated\steps\64\
	                   1	C:\Users\DannyGeminiAnti\.gemini\antigravity\brain\b2b1d6ab-93e7-4464-8a49-b2a90e6ec6e5\.system_generated\steps\66\
	                   1	C:\Users\DannyGeminiAnti\.gemini\antigravity\brain\b2b1d6ab-93e7-4464-8a49-b2a90e6ec6e5\.system_generated\steps\68\
	                   1	C:\Users\DannyGeminiAnti\.gemini\antigravity\brain\b2b1d6ab-93e7-4464-8a49-b2a90e6ec6e5\.system_generated\steps\70\
	                   1	C:\Users\DannyGeminiAnti\.gemini\antigravity\brain\b2b1d6ab-93e7-4464-8a49-b2a90e6ec6e5\.system_generated\steps\73\
	                   1	C:\Users\DannyGeminiAnti\.gemini\antigravity\brain\b2b1d6ab-93e7-4464-8a49-b2a90e6ec6e5\.system_generated\steps\77\
	                   1	C:\Users\DannyGeminiAnti\.gemini\antigravity\brain\b2b1d6ab-93e7-4464-8a49-b2a90e6ec6e5\.system_generated\steps\79\
	                   1	C:\Users\DannyGeminiAnti\.gemini\antigravity\brain\b2b1d6ab-93e7-4464-8a49-b2a90e6ec6e5\.system_generated\steps\81\
	                   1	C:\Users\DannyGeminiAnti\.gemini\antigravity\brain\b2b1d6ab-93e7-4464-8a49-b2a90e6ec6e5\.system_generated\steps\83\
	                   1	C:\Users\DannyGeminiAnti\.gemini\antigravity\brain\b2b1d6ab-93e7-4464-8a49-b2a90e6ec6e5\.system_generated\steps\85\
	                   1	C:\Users\DannyGeminiAnti\.gemini\antigravity\brain\b2b1d6ab-93e7-4464-8a49-b2a90e6ec6e5\.system_generated\steps\87\
	                   1	C:\Users\DannyGeminiAnti\.gemini\antigravity\brain\b2b1d6ab-93e7-4464-8a49-b2a90e6ec6e5\.system_generated\steps\89\
	                   1	C:\Users\DannyGeminiAnti\.gemini\antigravity\brain\b2b1d6ab-93e7-4464-8a49-b2a90e6ec6e5\.system_generated\steps\93\
	                   1	C:\Users\DannyGeminiAnti\.gemini\antigravity\brain\b2b1d6ab-93e7-4464-8a49-b2a90e6ec6e5\.system_generated\steps\95\
	                   0	C:\Users\DannyGeminiAnti\.gemini\antigravity\brain\b2b1d6ab-93e7-4464-8a49-b2a90e6ec6e5\.user_uploaded\
	                   0	C:\Users\DannyGeminiAnti\.gemini\antigravity\brain\c38a65d5-9892-49ca-a791-fa8c25332d53\
	                   0	C:\Users\DannyGeminiAnti\.gemini\antigravity\brain\c38a65d5-9892-49ca-a791-fa8c25332d53\.system_generated\
	                   2	C:\Users\DannyGeminiAnti\.gemini\antigravity\brain\c38a65d5-9892-49ca-a791-fa8c25332d53\.system_generated\logs\
	    Newer     		   1.8 m	transcript.jsonl
	    Newer     		   2.7 m	transcript_full.jsonl
	                   0	C:\Users\DannyGeminiAnti\.gemini\antigravity\brain\c38a65d5-9892-49ca-a791-fa8c25332d53\.system_generated\logs\chunks\
	                  20	C:\Users\DannyGeminiAnti\.gemini\antigravity\brain\c38a65d5-9892-49ca-a791-fa8c25332d53\.system_generated\logs\chunks\transcript\
	    Newer     		  102400	00000008.jsonl
	    New File  		  102400	00000009.jsonl
	    New File  		  102400	00000010.jsonl
	    New File  		  102400	00000011.jsonl
	    New File  		  102400	00000012.jsonl
	    New File  		  102400	00000013.jsonl
	    New File  		  102400	00000014.jsonl
	    New File  		  102400	00000015.jsonl
	    New File  		  102400	00000016.jsonl
	    New File  		  102400	00000017.jsonl
	    New File  		  102400	00000018.jsonl
	    New File  		    4686	00000019.jsonl
	                  29	C:\Users\DannyGeminiAnti\.gemini\antigravity\brain\c38a65d5-9892-49ca-a791-fa8c25332d53\.system_generated\logs\chunks\transcript_full\
	    Newer     		  102400	00000012.jsonl
	    New File  		  102400	00000013.jsonl
	    New File  		  102400	00000014.jsonl
	    New File  		  102400	00000015.jsonl
	    New File  		  102400	00000016.jsonl
	    New File  		  102400	00000017.jsonl
	    New File  		  102400	00000018.jsonl
	    New File  		  102400	00000019.jsonl
	    New File  		  102400	00000020.jsonl
	    New File  		  102400	00000021.jsonl
	    New File  		  102400	00000022.jsonl
	    New File  		  102400	00000023.jsonl
	    New File  		  102400	00000024.jsonl
	    New File  		  102400	00000025.jsonl
	    New File  		  102400	00000026.jsonl
	    New File  		  102400	00000027.jsonl
	    New File  		    4800	00000028.jsonl
	                  14	C:\Users\DannyGeminiAnti\.gemini\antigravity\brain\c38a65d5-9892-49ca-a791-fa8c25332d53\.system_generated\messages\
	    New File  		    1639	1853c140-4a86-416d-9338-e3e746b65770.json
	    New File  		     481	471277cf-5b9f-4414-9439-b21d40c0a7e0.json
	    New File  		     475	68da7b9a-367f-4e52-8589-5b88e85d147f.json
	    New File  		   17166	785e97c1-5099-41e7-bcaf-f020de846a32.json
	    Newer     		     573	read.json
	                   0	C:\Users\DannyGeminiAnti\.gemini\antigravity\brain\c38a65d5-9892-49ca-a791-fa8c25332d53\.system_generated\messages\undelivered\
	                   0	C:\Users\DannyGeminiAnti\.gemini\antigravity\brain\c38a65d5-9892-49ca-a791-fa8c25332d53\.system_generated\steps\
	  New Dir          1	C:\Users\DannyGeminiAnti\.gemini\antigravity\brain\c38a65d5-9892-49ca-a791-fa8c25332d53\.system_generated\steps\1000\
	    New File  		      51	output.txt
	  New Dir          1	C:\Users\DannyGeminiAnti\.gemini\antigravity\brain\c38a65d5-9892-49ca-a791-fa8c25332d53\.system_generated\steps\1004\
	    New File  		     726	output.txt
	  New Dir          1	C:\Users\DannyGeminiAnti\.gemini\antigravity\brain\c38a65d5-9892-49ca-a791-fa8c25332d53\.system_generated\steps\1006\
	    New File  		     428	output.txt
	  New Dir          1	C:\Users\DannyGeminiAnti\.gemini\antigravity\brain\c38a65d5-9892-49ca-a791-fa8c25332d53\.system_generated\steps\1008\
	    New File  		    3084	output.txt
	  New Dir          1	C:\Users\DannyGeminiAnti\.gemini\antigravity\brain\c38a65d5-9892-49ca-a791-fa8c25332d53\.system_generated\steps\1010\
	    New File  		    1102	output.txt
	  New Dir          1	C:\Users\DannyGeminiAnti\.gemini\antigravity\brain\c38a65d5-9892-49ca-a791-fa8c25332d53\.system_generated\steps\1012\
	    New File  		     648	output.txt
	  New Dir          1	C:\Users\DannyGeminiAnti\.gemini\antigravity\brain\c38a65d5-9892-49ca-a791-fa8c25332d53\.system_generated\steps\1014\
	    New File  		    3146	output.txt
	  New Dir          1	C:\Users\DannyGeminiAnti\.gemini\antigravity\brain\c38a65d5-9892-49ca-a791-fa8c25332d53\.system_generated\steps\1016\
	    New File  		    1913	output.txt
	  New Dir          1	C:\Users\DannyGeminiAnti\.gemini\antigravity\brain\c38a65d5-9892-49ca-a791-fa8c25332d53\.system_generated\steps\1018\
	    New File  		     623	output.txt
	  New Dir          1	C:\Users\DannyGeminiAnti\.gemini\antigravity\brain\c38a65d5-9892-49ca-a791-fa8c25332d53\.system_generated\steps\1020\
	    New File  		    5660	output.txt
	  New Dir          1	C:\Users\DannyGeminiAnti\.gemini\antigravity\brain\c38a65d5-9892-49ca-a791-fa8c25332d53\.system_generated\steps\1022\
	    New File  		     318	output.txt
	  New Dir          1	C:\Users\DannyGeminiAnti\.gemini\antigravity\brain\c38a65d5-9892-49ca-a791-fa8c25332d53\.system_generated\steps\1024\
	    New File  		    6849	output.txt
	  New Dir          1	C:\Users\DannyGeminiAnti\.gemini\antigravity\brain\c38a65d5-9892-49ca-a791-fa8c25332d53\.system_generated\steps\1026\
	    New File  		    8156	output.txt
	  New Dir          1	C:\Users\DannyGeminiAnti\.gemini\antigravity\brain\c38a65d5-9892-49ca-a791-fa8c25332d53\.system_generated\steps\1028\
	    New File  		     252	output.txt
	  New Dir          1	C:\Users\DannyGeminiAnti\.gemini\antigravity\brain\c38a65d5-9892-49ca-a791-fa8c25332d53\.system_generated\steps\1030\
	    New File  		     648	output.txt
	  New Dir          1	C:\Users\DannyGeminiAnti\.gemini\antigravity\brain\c38a65d5-9892-49ca-a791-fa8c25332d53\.system_generated\steps\1032\
	    New File  		     163	output.txt
	  New Dir          1	C:\Users\DannyGeminiAnti\.gemini\antigravity\brain\c38a65d5-9892-49ca-a791-fa8c25332d53\.system_generated\steps\1034\
	    New File  		     527	output.txt
	  New Dir          1	C:\Users\DannyGeminiAnti\.gemini\antigravity\brain\c38a65d5-9892-49ca-a791-fa8c25332d53\.system_generated\steps\1036\
	    New File  		     289	output.txt
	  New Dir          1	C:\Users\DannyGeminiAnti\.gemini\antigravity\brain\c38a65d5-9892-49ca-a791-fa8c25332d53\.system_generated\steps\1038\
	    New File  		     141	output.txt
	  New Dir          1	C:\Users\DannyGeminiAnti\.gemini\antigravity\brain\c38a65d5-9892-49ca-a791-fa8c25332d53\.system_generated\steps\1040\
	    New File  		     648	output.txt
	  New Dir          1	C:\Users\DannyGeminiAnti\.gemini\antigravity\brain\c38a65d5-9892-49ca-a791-fa8c25332d53\.system_generated\steps\1042\
	    New File  		     318	output.txt
	  New Dir          1	C:\Users\DannyGeminiAnti\.gemini\antigravity\brain\c38a65d5-9892-49ca-a791-fa8c25332d53\.system_generated\steps\1060\
	    New File  		      68	output.txt
	  New Dir          1	C:\Users\DannyGeminiAnti\.gemini\antigravity\brain\c38a65d5-9892-49ca-a791-fa8c25332d53\.system_generated\steps\1062\
	    New File  		     254	output.txt
	  New Dir          1	C:\Users\DannyGeminiAnti\.gemini\antigravity\brain\c38a65d5-9892-49ca-a791-fa8c25332d53\.system_generated\steps\1064\
	    New File  		     135	output.txt
	  New Dir          1	C:\Users\DannyGeminiAnti\.gemini\antigravity\brain\c38a65d5-9892-49ca-a791-fa8c25332d53\.system_generated\steps\1066\
	    New File  		      51	output.txt
	  New Dir          1	C:\Users\DannyGeminiAnti\.gemini\antigravity\brain\c38a65d5-9892-49ca-a791-fa8c25332d53\.system_generated\steps\1078\
	    New File  		    3225	output.txt
	  New Dir          1	C:\Users\DannyGeminiAnti\.gemini\antigravity\brain\c38a65d5-9892-49ca-a791-fa8c25332d53\.system_generated\steps\1080\
	    New File  		    3234	output.txt
	  New Dir          1	C:\Users\DannyGeminiAnti\.gemini\antigravity\brain\c38a65d5-9892-49ca-a791-fa8c25332d53\.system_generated\steps\1084\
	    New File  		    1409	output.txt
	  New Dir          1	C:\Users\DannyGeminiAnti\.gemini\antigravity\brain\c38a65d5-9892-49ca-a791-fa8c25332d53\.system_generated\steps\1088\
	    New File  		    3058	output.txt
	                   1	C:\Users\DannyGeminiAnti\.gemini\antigravity\brain\c38a65d5-9892-49ca-a791-fa8c25332d53\.system_generated\steps\109\
	  New Dir          1	C:\Users\DannyGeminiAnti\.gemini\antigravity\brain\c38a65d5-9892-49ca-a791-fa8c25332d53\.system_generated\steps\1094\
	    New File  		    1962	output.txt
	  New Dir          1	C:\Users\DannyGeminiAnti\.gemini\antigravity\brain\c38a65d5-9892-49ca-a791-fa8c25332d53\.system_generated\steps\1100\
	    New File  		    2416	output.txt
	  New Dir          1	C:\Users\DannyGeminiAnti\.gemini\antigravity\brain\c38a65d5-9892-49ca-a791-fa8c25332d53\.system_generated\steps\1102\
	    New File  		      51	output.txt
	  New Dir          1	C:\Users\DannyGeminiAnti\.gemini\antigravity\brain\c38a65d5-9892-49ca-a791-fa8c25332d53\.system_generated\steps\1104\
	    New File  		    1102	output.txt
	  New Dir          1	C:\Users\DannyGeminiAnti\.gemini\antigravity\brain\c38a65d5-9892-49ca-a791-fa8c25332d53\.system_generated\steps\1106\
	    New File  		     726	output.txt
	  New Dir          1	C:\Users\DannyGeminiAnti\.gemini\antigravity\brain\c38a65d5-9892-49ca-a791-fa8c25332d53\.system_generated\steps\1108\
	    New File  		    3084	output.txt
	                   1	C:\Users\DannyGeminiAnti\.gemini\antigravity\brain\c38a65d5-9892-49ca-a791-fa8c25332d53\.system_generated\steps\111\
	  New Dir          1	C:\Users\DannyGeminiAnti\.gemini\antigravity\brain\c38a65d5-9892-49ca-a791-fa8c25332d53\.system_generated\steps\1110\
	    New File  		    1102	output.txt
	  New Dir          1	C:\Users\DannyGeminiAnti\.gemini\antigravity\brain\c38a65d5-9892-49ca-a791-fa8c25332d53\.system_generated\steps\1112\
	    New File  		     252	output.txt
	  New Dir          1	C:\Users\DannyGeminiAnti\.gemini\antigravity\brain\c38a65d5-9892-49ca-a791-fa8c25332d53\.system_generated\steps\1114\
	    New File  		     629	output.txt
	  New Dir          1	C:\Users\DannyGeminiAnti\.gemini\antigravity\brain\c38a65d5-9892-49ca-a791-fa8c25332d53\.system_generated\steps\1116\
	    New File  		      51	output.txt
	  New Dir          1	C:\Users\DannyGeminiAnti\.gemini\antigravity\brain\c38a65d5-9892-49ca-a791-fa8c25332d53\.system_generated\steps\1118\
	    New File  		     717	output.txt
	  New Dir          1	C:\Users\DannyGeminiAnti\.gemini\antigravity\brain\c38a65d5-9892-49ca-a791-fa8c25332d53\.system_generated\steps\1120\
	    New File  		     167	output.txt
	  New Dir          1	C:\Users\DannyGeminiAnti\.gemini\antigravity\brain\c38a65d5-9892-49ca-a791-fa8c25332d53\.system_generated\steps\1122\
	    New File  		     573	output.txt
	  New Dir          1	C:\Users\DannyGeminiAnti\.gemini\antigravity\brain\c38a65d5-9892-49ca-a791-fa8c25332d53\.system_generated\steps\1124\
	    New File  		     389	output.txt
	  New Dir          1	C:\Users\DannyGeminiAnti\.gemini\antigravity\brain\c38a65d5-9892-49ca-a791-fa8c25332d53\.system_generated\steps\1126\
	    New File  		     141	output.txt
	  New Dir          1	C:\Users\DannyGeminiAnti\.gemini\antigravity\brain\c38a65d5-9892-49ca-a791-fa8c25332d53\.system_generated\steps\1128\
	    New File  		     759	output.txt
	                   1	C:\Users\DannyGeminiAnti\.gemini\antigravity\brain\c38a65d5-9892-49ca-a791-fa8c25332d53\.system_generated\steps\113\
	  New Dir          1	C:\Users\DannyGeminiAnti\.gemini\antigravity\brain\c38a65d5-9892-49ca-a791-fa8c25332d53\.system_generated\steps\1130\
	    New File  		     318	output.txt
	  New Dir          1	C:\Users\DannyGeminiAnti\.gemini\antigravity\brain\c38a65d5-9892-49ca-a791-fa8c25332d53\.system_generated\steps\1134\
	    New File  		    1185	output.txt
	  New Dir          1	C:\Users\DannyGeminiAnti\.gemini\antigravity\brain\c38a65d5-9892-49ca-a791-fa8c25332d53\.system_generated\steps\1136\
	    New File  		     511	output.txt
	  New Dir          1	C:\Users\DannyGeminiAnti\.gemini\antigravity\brain\c38a65d5-9892-49ca-a791-fa8c25332d53\.system_generated\steps\1138\
	    New File  		    1331	output.txt
	  New Dir          1	C:\Users\DannyGeminiAnti\.gemini\antigravity\brain\c38a65d5-9892-49ca-a791-fa8c25332d53\.system_generated\steps\1140\
	    New File  		     751	output.txt
	  New Dir          1	C:\Users\DannyGeminiAnti\.gemini\antigravity\brain\c38a65d5-9892-49ca-a791-fa8c25332d53\.system_generated\steps\1142\
	    New File  		     521	output.txt
	  New Dir          1	C:\Users\DannyGeminiAnti\.gemini\antigravity\brain\c38a65d5-9892-49ca-a791-fa8c25332d53\.system_generated\steps\1148\
	    New File  		      51	output.txt
	                   1	C:\Users\DannyGeminiAnti\.gemini\antigravity\brain\c38a65d5-9892-49ca-a791-fa8c25332d53\.system_generated\steps\115\
	  New Dir          1	C:\Users\DannyGeminiAnti\.gemini\antigravity\brain\c38a65d5-9892-49ca-a791-fa8c25332d53\.system_generated\steps\1159\
	    New File  		     477	output.txt
	  New Dir          1	C:\Users\DannyGeminiAnti\.gemini\antigravity\brain\c38a65d5-9892-49ca-a791-fa8c25332d53\.system_generated\steps\1161\
	    New File  		     100	output.txt
	  New Dir          1	C:\Users\DannyGeminiAnti\.gemini\antigravity\brain\c38a65d5-9892-49ca-a791-fa8c25332d53\.system_generated\steps\1163\
	    New File  		      51	output.txt
	  New Dir          1	C:\Users\DannyGeminiAnti\.gemini\antigravity\brain\c38a65d5-9892-49ca-a791-fa8c25332d53\.system_generated\steps\1165\
	    New File  		     232	output.txt
	  New Dir          1	C:\Users\DannyGeminiAnti\.gemini\antigravity\brain\c38a65d5-9892-49ca-a791-fa8c25332d53\.system_generated\steps\1167\
	    New File  		     275	output.txt
	  New Dir          1	C:\Users\DannyGeminiAnti\.gemini\antigravity\brain\c38a65d5-9892-49ca-a791-fa8c25332d53\.system_generated\steps\1169\
	    New File  		     946	output.txt
	                   1	C:\Users\DannyGeminiAnti\.gemini\antigravity\brain\c38a65d5-9892-49ca-a791-fa8c25332d53\.system_generated\steps\117\
	  New Dir          1	C:\Users\DannyGeminiAnti\.gemini\antigravity\brain\c38a65d5-9892-49ca-a791-fa8c25332d53\.system_generated\steps\1173\
	    New File  		     785	output.txt
	  New Dir          1	C:\Users\DannyGeminiAnti\.gemini\antigravity\brain\c38a65d5-9892-49ca-a791-fa8c25332d53\.system_generated\steps\1175\
	    New File  		    1146	output.txt
	  New Dir          1	C:\Users\DannyGeminiAnti\.gemini\antigravity\brain\c38a65d5-9892-49ca-a791-fa8c25332d53\.system_generated\steps\1177\
	    New File  		     512	output.txt
	  New Dir          1	C:\Users\DannyGeminiAnti\.gemini\antigravity\brain\c38a65d5-9892-49ca-a791-fa8c25332d53\.system_generated\steps\1179\
	    New File  		     906	output.txt
	  New Dir          1	C:\Users\DannyGeminiAnti\.gemini\antigravity\brain\c38a65d5-9892-49ca-a791-fa8c25332d53\.system_generated\steps\1181\
	    New File  		     671	output.txt
	  New Dir          1	C:\Users\DannyGeminiAnti\.gemini\antigravity\brain\c38a65d5-9892-49ca-a791-fa8c25332d53\.system_generated\steps\1183\
	    New File  		    3146	output.txt
	  New Dir          1	C:\Users\DannyGeminiAnti\.gemini\antigravity\brain\c38a65d5-9892-49ca-a791-fa8c25332d53\.system_generated\steps\1185\
	    New File  		     777	output.txt
	  New Dir          1	C:\Users\DannyGeminiAnti\.gemini\antigravity\brain\c38a65d5-9892-49ca-a791-fa8c25332d53\.system_generated\steps\1187\
	    New File  		    8143	output.txt
	  New Dir          1	C:\Users\DannyGeminiAnti\.gemini\antigravity\brain\c38a65d5-9892-49ca-a791-fa8c25332d53\.system_generated\steps\1189\
	    New File  		    8197	output.txt
	                   1	C:\Users\DannyGeminiAnti\.gemini\antigravity\brain\c38a65d5-9892-49ca-a791-fa8c25332d53\.system_generated\steps\119\
	  New Dir          1	C:\Users\DannyGeminiAnti\.gemini\antigravity\brain\c38a65d5-9892-49ca-a791-fa8c25332d53\.system_generated\steps\1191\
	    New File  		    8250	output.txt
	  New Dir          1	C:\Users\DannyGeminiAnti\.gemini\antigravity\brain\c38a65d5-9892-49ca-a791-fa8c25332d53\.system_generated\steps\1193\
	    New File  		    1258	output.txt
	  New Dir          1	C:\Users\DannyGeminiAnti\.gemini\antigravity\brain\c38a65d5-9892-49ca-a791-fa8c25332d53\.system_generated\steps\1195\
	    New File  		      64	output.txt
	  New Dir          1	C:\Users\DannyGeminiAnti\.gemini\antigravity\brain\c38a65d5-9892-49ca-a791-fa8c25332d53\.system_generated\steps\1197\
	    New File  		     985	output.txt
	  New Dir          1	C:\Users\DannyGeminiAnti\.gemini\antigravity\brain\c38a65d5-9892-49ca-a791-fa8c25332d53\.system_generated\steps\1200\
	    New File  		     645	output.txt
	  New Dir          1	C:\Users\DannyGeminiAnti\.gemini\antigravity\brain\c38a65d5-9892-49ca-a791-fa8c25332d53\.system_generated\steps\1202\
	    New File  		      48	output.txt
	  New Dir          1	C:\Users\DannyGeminiAnti\.gemini\antigravity\brain\c38a65d5-9892-49ca-a791-fa8c25332d53\.system_generated\steps\1204\
	    New File  		    1913	output.txt
	  New Dir          1	C:\Users\DannyGeminiAnti\.gemini\antigravity\brain\c38a65d5-9892-49ca-a791-fa8c25332d53\.system_generated\steps\1206\
	    New File  		     143	output.txt
	  New Dir          1	C:\Users\DannyGeminiAnti\.gemini\antigravity\brain\c38a65d5-9892-49ca-a791-fa8c25332d53\.system_generated\steps\1208\
	    New File  		     512	output.txt
	  New Dir          1	C:\Users\DannyGeminiAnti\.gemini\antigravity\brain\c38a65d5-9892-49ca-a791-fa8c25332d53\.system_generated\steps\1210\
	    New File  		      51	output.txt
	  New Dir          1	C:\Users\DannyGeminiAnti\.gemini\antigravity\brain\c38a65d5-9892-49ca-a791-fa8c25332d53\.system_generated\steps\1212\
	    New File  		     160	output.txt
	  New Dir          1	C:\Users\DannyGeminiAnti\.gemini\antigravity\brain\c38a65d5-9892-49ca-a791-fa8c25332d53\.system_generated\steps\1214\
	    New File  		     141	output.txt
	  New Dir          1	C:\Users\DannyGeminiAnti\.gemini\antigravity\brain\c38a65d5-9892-49ca-a791-fa8c25332d53\.system_generated\steps\1216\
	    New File  		     333	output.txt
	  New Dir          1	C:\Users\DannyGeminiAnti\.gemini\antigravity\brain\c38a65d5-9892-49ca-a791-fa8c25332d53\.system_generated\steps\1218\
	    New File  		      51	output.txt
	  New Dir          1	C:\Users\DannyGeminiAnti\.gemini\antigravity\brain\c38a65d5-9892-49ca-a791-fa8c25332d53\.system_generated\steps\1222\
	    New File  		     234	output.txt
	  New Dir          1	C:\Users\DannyGeminiAnti\.gemini\antigravity\brain\c38a65d5-9892-49ca-a791-fa8c25332d53\.system_generated\steps\1224\
	    New File  		    1759	output.txt
	  New Dir          1	C:\Users\DannyGeminiAnti\.gemini\antigravity\brain\c38a65d5-9892-49ca-a791-fa8c25332d53\.system_generated\steps\1226\
	    New File  		      51	output.txt
	  New Dir          1	C:\Users\DannyGeminiAnti\.gemini\antigravity\brain\c38a65d5-9892-49ca-a791-fa8c25332d53\.system_generated\steps\1228\
	    New File  		    8195	output.txt
	  New Dir          1	C:\Users\DannyGeminiAnti\.gemini\antigravity\brain\c38a65d5-9892-49ca-a791-fa8c25332d53\.system_generated\steps\1230\
	    New File  		      51	output.txt
	  New Dir          1	C:\Users\DannyGeminiAnti\.gemini\antigravity\brain\c38a65d5-9892-49ca-a791-fa8c25332d53\.system_generated\steps\1232\
	    New File  		      51	output.txt
	  New Dir          1	C:\Users\DannyGeminiAnti\.gemini\antigravity\brain\c38a65d5-9892-49ca-a791-fa8c25332d53\.system_generated\steps\1234\
	    New File  		     122	output.txt
	  New Dir          1	C:\Users\DannyGeminiAnti\.gemini\antigravity\brain\c38a65d5-9892-49ca-a791-fa8c25332d53\.system_generated\steps\1236\
	    New File  		    1604	output.txt
	  New Dir          1	C:\Users\DannyGeminiAnti\.gemini\antigravity\brain\c38a65d5-9892-49ca-a791-fa8c25332d53\.system_generated\steps\1238\
	    New File  		    8237	output.txt
	  New Dir          1	C:\Users\DannyGeminiAnti\.gemini\antigravity\brain\c38a65d5-9892-49ca-a791-fa8c25332d53\.system_generated\steps\1240\
	    New File  		    1092	output.txt
	  New Dir          1	C:\Users\DannyGeminiAnti\.gemini\antigravity\brain\c38a65d5-9892-49ca-a791-fa8c25332d53\.system_generated\steps\1242\
	    New File  		    2644	output.txt
	  New Dir          1	C:\Users\DannyGeminiAnti\.gemini\antigravity\brain\c38a65d5-9892-49ca-a791-fa8c25332d53\.system_generated\steps\1244\
	    New File  		      51	output.txt
	  New Dir          1	C:\Users\DannyGeminiAnti\.gemini\antigravity\brain\c38a65d5-9892-49ca-a791-fa8c25332d53\.system_generated\steps\1246\
	    New File  		    1303	output.txt
	  New Dir          1	C:\Users\DannyGeminiAnti\.gemini\antigravity\brain\c38a65d5-9892-49ca-a791-fa8c25332d53\.system_generated\steps\1248\
	    New File  		    3145	output.txt
	  New Dir          1	C:\Users\DannyGeminiAnti\.gemini\antigravity\brain\c38a65d5-9892-49ca-a791-fa8c25332d53\.system_generated\steps\1250\
	    New File  		      51	output.txt
	  New Dir          1	C:\Users\DannyGeminiAnti\.gemini\antigravity\brain\c38a65d5-9892-49ca-a791-fa8c25332d53\.system_generated\steps\1252\
	    New File  		      48	output.txt
	  New Dir          1	C:\Users\DannyGeminiAnti\.gemini\antigravity\brain\c38a65d5-9892-49ca-a791-fa8c25332d53\.system_generated\steps\1254\
	    New File  		    1140	output.txt
	  New Dir          1	C:\Users\DannyGeminiAnti\.gemini\antigravity\brain\c38a65d5-9892-49ca-a791-fa8c25332d53\.system_generated\steps\1256\
	    New File  		      51	output.txt
	  New Dir          1	C:\Users\DannyGeminiAnti\.gemini\antigravity\brain\c38a65d5-9892-49ca-a791-fa8c25332d53\.system_generated\steps\1258\
	    New File  		    8234	output.txt
	  New Dir          1	C:\Users\DannyGeminiAnti\.gemini\antigravity\brain\c38a65d5-9892-49ca-a791-fa8c25332d53\.system_generated\steps\1260\
	    New File  		     679	output.txt
	  New Dir          1	C:\Users\DannyGeminiAnti\.gemini\antigravity\brain\c38a65d5-9892-49ca-a791-fa8c25332d53\.system_generated\steps\1262\
	    New File  		    1879	output.txt
	  New Dir          1	C:\Users\DannyGeminiAnti\.gemini\antigravity\brain\c38a65d5-9892-49ca-a791-fa8c25332d53\.system_generated\steps\1264\
	    New File  		     669	output.txt
	  New Dir          1	C:\Users\DannyGeminiAnti\.gemini\antigravity\brain\c38a65d5-9892-49ca-a791-fa8c25332d53\.system_generated\steps\1267\
	    New File  		      51	output.txt
	  New Dir          1	C:\Users\DannyGeminiAnti\.gemini\antigravity\brain\c38a65d5-9892-49ca-a791-fa8c25332d53\.system_generated\steps\1269\
	    New File  		      51	output.txt
	  New Dir          1	C:\Users\DannyGeminiAnti\.gemini\antigravity\brain\c38a65d5-9892-49ca-a791-fa8c25332d53\.system_generated\steps\1271\
	    New File  		    2394	output.txt
	  New Dir          1	C:\Users\DannyGeminiAnti\.gemini\antigravity\brain\c38a65d5-9892-49ca-a791-fa8c25332d53\.system_generated\steps\1273\
	    New File  		    2546	output.txt
	  New Dir          1	C:\Users\DannyGeminiAnti\.gemini\antigravity\brain\c38a65d5-9892-49ca-a791-fa8c25332d53\.system_generated\steps\1275\
	    New File  		      51	output.txt
	  New Dir          1	C:\Users\DannyGeminiAnti\.gemini\antigravity\brain\c38a65d5-9892-49ca-a791-fa8c25332d53\.system_generated\steps\1277\
	    New File  		     333	output.txt
	  New Dir          1	C:\Users\DannyGeminiAnti\.gemini\antigravity\brain\c38a65d5-9892-49ca-a791-fa8c25332d53\.system_generated\steps\1281\
	    New File  		    1038	output.txt
	  New Dir          1	C:\Users\DannyGeminiAnti\.gemini\antigravity\brain\c38a65d5-9892-49ca-a791-fa8c25332d53\.system_generated\steps\1283\
	    New File  		    3145	output.txt
	  New Dir          1	C:\Users\DannyGeminiAnti\.gemini\antigravity\brain\c38a65d5-9892-49ca-a791-fa8c25332d53\.system_generated\steps\1285\
	    New File  		     789	output.txt
	  New Dir          1	C:\Users\DannyGeminiAnti\.gemini\antigravity\brain\c38a65d5-9892-49ca-a791-fa8c25332d53\.system_generated\steps\1287\
	    New File  		     754	output.txt
	  New Dir          1	C:\Users\DannyGeminiAnti\.gemini\antigravity\brain\c38a65d5-9892-49ca-a791-fa8c25332d53\.system_generated\steps\1289\
	    New File  		    1424	output.txt
	                   1	C:\Users\DannyGeminiAnti\.gemini\antigravity\brain\c38a65d5-9892-49ca-a791-fa8c25332d53\.system_generated\steps\129\
	  New Dir          1	C:\Users\DannyGeminiAnti\.gemini\antigravity\brain\c38a65d5-9892-49ca-a791-fa8c25332d53\.system_generated\steps\1291\
	    New File  		     523	output.txt
	  New Dir          1	C:\Users\DannyGeminiAnti\.gemini\antigravity\brain\c38a65d5-9892-49ca-a791-fa8c25332d53\.system_generated\steps\1293\
	    New File  		    1052	output.txt
	  New Dir          1	C:\Users\DannyGeminiAnti\.gemini\antigravity\brain\c38a65d5-9892-49ca-a791-fa8c25332d53\.system_generated\steps\1295\
	    New File  		    3577	output.txt
	  New Dir          1	C:\Users\DannyGeminiAnti\.gemini\antigravity\brain\c38a65d5-9892-49ca-a791-fa8c25332d53\.system_generated\steps\1297\
	    New File  		    8202	output.txt
	  New Dir          1	C:\Users\DannyGeminiAnti\.gemini\antigravity\brain\c38a65d5-9892-49ca-a791-fa8c25332d53\.system_generated\steps\1299\
	    New File  		     237	output.txt
	  New Dir          1	C:\Users\DannyGeminiAnti\.gemini\antigravity\brain\c38a65d5-9892-49ca-a791-fa8c25332d53\.system_generated\steps\1301\
	    New File  		    1288	output.txt
	  New Dir          1	C:\Users\DannyGeminiAnti\.gemini\antigravity\brain\c38a65d5-9892-49ca-a791-fa8c25332d53\.system_generated\steps\1303\
	    New File  		    1251	output.txt
	  New Dir          1	C:\Users\DannyGeminiAnti\.gemini\antigravity\brain\c38a65d5-9892-49ca-a791-fa8c25332d53\.system_generated\steps\1305\
	    New File  		    1285	output.txt
	  New Dir          1	C:\Users\DannyGeminiAnti\.gemini\antigravity\brain\c38a65d5-9892-49ca-a791-fa8c25332d53\.system_generated\steps\1307\
	    New File  		      51	output.txt
	  New Dir          1	C:\Users\DannyGeminiAnti\.gemini\antigravity\brain\c38a65d5-9892-49ca-a791-fa8c25332d53\.system_generated\steps\1309\
	    New File  		    1146	output.txt
	                   1	C:\Users\DannyGeminiAnti\.gemini\antigravity\brain\c38a65d5-9892-49ca-a791-fa8c25332d53\.system_generated\steps\131\
	  New Dir          1	C:\Users\DannyGeminiAnti\.gemini\antigravity\brain\c38a65d5-9892-49ca-a791-fa8c25332d53\.system_generated\steps\1311\
	    New File  		     726	output.txt
	  New Dir          1	C:\Users\DannyGeminiAnti\.gemini\antigravity\brain\c38a65d5-9892-49ca-a791-fa8c25332d53\.system_generated\steps\1313\
	    New File  		     799	output.txt
	  New Dir          1	C:\Users\DannyGeminiAnti\.gemini\antigravity\brain\c38a65d5-9892-49ca-a791-fa8c25332d53\.system_generated\steps\1315\
	    New File  		      51	output.txt
	  New Dir          1	C:\Users\DannyGeminiAnti\.gemini\antigravity\brain\c38a65d5-9892-49ca-a791-fa8c25332d53\.system_generated\steps\1317\
	    New File  		     477	output.txt
	  New Dir          1	C:\Users\DannyGeminiAnti\.gemini\antigravity\brain\c38a65d5-9892-49ca-a791-fa8c25332d53\.system_generated\steps\1319\
	    New File  		     143	output.txt
	  New Dir          1	C:\Users\DannyGeminiAnti\.gemini\antigravity\brain\c38a65d5-9892-49ca-a791-fa8c25332d53\.system_generated\steps\1321\
	    New File  		     655	output.txt
	  New Dir          1	C:\Users\DannyGeminiAnti\.gemini\antigravity\brain\c38a65d5-9892-49ca-a791-fa8c25332d53\.system_generated\steps\1323\
	    New File  		     475	output.txt
	  New Dir          1	C:\Users\DannyGeminiAnti\.gemini\antigravity\brain\c38a65d5-9892-49ca-a791-fa8c25332d53\.system_generated\steps\1325\
	    New File  		     363	output.txt
	  New Dir          1	C:\Users\DannyGeminiAnti\.gemini\antigravity\brain\c38a65d5-9892-49ca-a791-fa8c25332d53\.system_generated\steps\1327\
	    New File  		     141	output.txt
	  New Dir          1	C:\Users\DannyGeminiAnti\.gemini\antigravity\brain\c38a65d5-9892-49ca-a791-fa8c25332d53\.system_generated\steps\1329\
	    New File  		      51	output.txt
	  New Dir          1	C:\Users\DannyGeminiAnti\.gemini\antigravity\brain\c38a65d5-9892-49ca-a791-fa8c25332d53\.system_generated\steps\1333\
	    New File  		    8243	output.txt
	  New Dir          1	C:\Users\DannyGeminiAnti\.gemini\antigravity\brain\c38a65d5-9892-49ca-a791-fa8c25332d53\.system_generated\steps\1335\
	    New File  		      51	output.txt
	  New Dir          1	C:\Users\DannyGeminiAnti\.gemini\antigravity\brain\c38a65d5-9892-49ca-a791-fa8c25332d53\.system_generated\steps\1337\
	    New File  		     108	output.txt
	  New Dir          1	C:\Users\DannyGeminiAnti\.gemini\antigravity\brain\c38a65d5-9892-49ca-a791-fa8c25332d53\.system_generated\steps\1339\
	    New File  		    1041	output.txt
	  New Dir          1	C:\Users\DannyGeminiAnti\.gemini\antigravity\brain\c38a65d5-9892-49ca-a791-fa8c25332d53\.system_generated\steps\1341\
	    New File  		      51	output.txt
	  New Dir          1	C:\Users\DannyGeminiAnti\.gemini\antigravity\brain\c38a65d5-9892-49ca-a791-fa8c25332d53\.system_generated\steps\1343\
	    New File  		     548	output.txt
	  New Dir          1	C:\Users\DannyGeminiAnti\.gemini\antigravity\brain\c38a65d5-9892-49ca-a791-fa8c25332d53\.system_generated\steps\1345\
	    New File  		    2833	output.txt
	  New Dir          1	C:\Users\DannyGeminiAnti\.gemini\antigravity\brain\c38a65d5-9892-49ca-a791-fa8c25332d53\.system_generated\steps\1347\
	    New File  		    2417	output.txt
	  New Dir          1	C:\Users\DannyGeminiAnti\.gemini\antigravity\brain\c38a65d5-9892-49ca-a791-fa8c25332d53\.system_generated\steps\1349\
	    New File  		    4235	output.txt
	  New Dir          1	C:\Users\DannyGeminiAnti\.gemini\antigravity\brain\c38a65d5-9892-49ca-a791-fa8c25332d53\.system_generated\steps\1351\
	    New File  		    1467	output.txt
	  New Dir          1	C:\Users\DannyGeminiAnti\.gemini\antigravity\brain\c38a65d5-9892-49ca-a791-fa8c25332d53\.system_generated\steps\1353\
	    New File  		    8190	output.txt
	  New Dir          1	C:\Users\DannyGeminiAnti\.gemini\antigravity\brain\c38a65d5-9892-49ca-a791-fa8c25332d53\.system_generated\steps\1355\
	    New File  		    8242	output.txt
	  New Dir          1	C:\Users\DannyGeminiAnti\.gemini\antigravity\brain\c38a65d5-9892-49ca-a791-fa8c25332d53\.system_generated\steps\1358\
	    New File  		    2864	output.txt
	  New Dir          1	C:\Users\DannyGeminiAnti\.gemini\antigravity\brain\c38a65d5-9892-49ca-a791-fa8c25332d53\.system_generated\steps\1360\
	    New File  		    1029	output.txt
	  New Dir          1	C:\Users\DannyGeminiAnti\.gemini\antigravity\brain\c38a65d5-9892-49ca-a791-fa8c25332d53\.system_generated\steps\1362\
	    New File  		     820	output.txt
	  New Dir          1	C:\Users\DannyGeminiAnti\.gemini\antigravity\brain\c38a65d5-9892-49ca-a791-fa8c25332d53\.system_generated\steps\1364\
	    New File  		     199	output.txt
	  New Dir          1	C:\Users\DannyGeminiAnti\.gemini\antigravity\brain\c38a65d5-9892-49ca-a791-fa8c25332d53\.system_generated\steps\1366\
	    New File  		     395	output.txt
	  New Dir          1	C:\Users\DannyGeminiAnti\.gemini\antigravity\brain\c38a65d5-9892-49ca-a791-fa8c25332d53\.system_generated\steps\1368\
	    New File  		     199	output.txt
	  New Dir          1	C:\Users\DannyGeminiAnti\.gemini\antigravity\brain\c38a65d5-9892-49ca-a791-fa8c25332d53\.system_generated\steps\1370\
	    New File  		     406	output.txt
	  New Dir          1	C:\Users\DannyGeminiAnti\.gemini\antigravity\brain\c38a65d5-9892-49ca-a791-fa8c25332d53\.system_generated\steps\1372\
	    New File  		    1223	output.txt
	  New Dir          1	C:\Users\DannyGeminiAnti\.gemini\antigravity\brain\c38a65d5-9892-49ca-a791-fa8c25332d53\.system_generated\steps\1374\
	    New File  		    1435	output.txt
	  New Dir          1	C:\Users\DannyGeminiAnti\.gemini\antigravity\brain\c38a65d5-9892-49ca-a791-fa8c25332d53\.system_generated\steps\1376\
	    New File  		    1146	output.txt
	  New Dir          1	C:\Users\DannyGeminiAnti\.gemini\antigravity\brain\c38a65d5-9892-49ca-a791-fa8c25332d53\.system_generated\steps\1378\
	    New File  		     726	output.txt
	  New Dir          1	C:\Users\DannyGeminiAnti\.gemini\antigravity\brain\c38a65d5-9892-49ca-a791-fa8c25332d53\.system_generated\steps\1380\
	    New File  		     799	output.txt
	  New Dir          1	C:\Users\DannyGeminiAnti\.gemini\antigravity\brain\c38a65d5-9892-49ca-a791-fa8c25332d53\.system_generated\steps\1382\
	    New File  		      51	output.txt
	  New Dir          1	C:\Users\DannyGeminiAnti\.gemini\antigravity\brain\c38a65d5-9892-49ca-a791-fa8c25332d53\.system_generated\steps\1384\
	    New File  		     143	output.txt
	  New Dir          1	C:\Users\DannyGeminiAnti\.gemini\antigravity\brain\c38a65d5-9892-49ca-a791-fa8c25332d53\.system_generated\steps\1386\
	    New File  		      51	output.txt
	  New Dir          1	C:\Users\DannyGeminiAnti\.gemini\antigravity\brain\c38a65d5-9892-49ca-a791-fa8c25332d53\.system_generated\steps\1388\
	    New File  		     244	output.txt
	                   1	C:\Users\DannyGeminiAnti\.gemini\antigravity\brain\c38a65d5-9892-49ca-a791-fa8c25332d53\.system_generated\steps\139\
	  New Dir          1	C:\Users\DannyGeminiAnti\.gemini\antigravity\brain\c38a65d5-9892-49ca-a791-fa8c25332d53\.system_generated\steps\1390\
	    New File  		     141	output.txt
	  New Dir          1	C:\Users\DannyGeminiAnti\.gemini\antigravity\brain\c38a65d5-9892-49ca-a791-fa8c25332d53\.system_generated\steps\1398\
	    New File  		     444	output.txt
	                   1	C:\Users\DannyGeminiAnti\.gemini\antigravity\brain\c38a65d5-9892-49ca-a791-fa8c25332d53\.system_generated\steps\14\
	  New Dir          1	C:\Users\DannyGeminiAnti\.gemini\antigravity\brain\c38a65d5-9892-49ca-a791-fa8c25332d53\.system_generated\steps\1405\
	    New File  		     108	output.txt
	  New Dir          1	C:\Users\DannyGeminiAnti\.gemini\antigravity\brain\c38a65d5-9892-49ca-a791-fa8c25332d53\.system_generated\steps\1407\
	    New File  		     154	output.txt
	  New Dir          1	C:\Users\DannyGeminiAnti\.gemini\antigravity\brain\c38a65d5-9892-49ca-a791-fa8c25332d53\.system_generated\steps\1409\
	    New File  		     757	output.txt
	                   1	C:\Users\DannyGeminiAnti\.gemini\antigravity\brain\c38a65d5-9892-49ca-a791-fa8c25332d53\.system_generated\steps\141\
	  New Dir          1	C:\Users\DannyGeminiAnti\.gemini\antigravity\brain\c38a65d5-9892-49ca-a791-fa8c25332d53\.system_generated\steps\1411\
	    New File  		     745	output.txt
	                   1	C:\Users\DannyGeminiAnti\.gemini\antigravity\brain\c38a65d5-9892-49ca-a791-fa8c25332d53\.system_generated\steps\143\
	                   1	C:\Users\DannyGeminiAnti\.gemini\antigravity\brain\c38a65d5-9892-49ca-a791-fa8c25332d53\.system_generated\steps\146\
	                   1	C:\Users\DannyGeminiAnti\.gemini\antigravity\brain\c38a65d5-9892-49ca-a791-fa8c25332d53\.system_generated\steps\148\
	                   1	C:\Users\DannyGeminiAnti\.gemini\antigravity\brain\c38a65d5-9892-49ca-a791-fa8c25332d53\.system_generated\steps\150\
	                   1	C:\Users\DannyGeminiAnti\.gemini\antigravity\brain\c38a65d5-9892-49ca-a791-fa8c25332d53\.system_generated\steps\152\
	                   1	C:\Users\DannyGeminiAnti\.gemini\antigravity\brain\c38a65d5-9892-49ca-a791-fa8c25332d53\.system_generated\steps\154\
	                   1	C:\Users\DannyGeminiAnti\.gemini\antigravity\brain\c38a65d5-9892-49ca-a791-fa8c25332d53\.system_generated\steps\156\
	                   1	C:\Users\DannyGeminiAnti\.gemini\antigravity\brain\c38a65d5-9892-49ca-a791-fa8c25332d53\.system_generated\steps\158\
	                   1	C:\Users\DannyGeminiAnti\.gemini\antigravity\brain\c38a65d5-9892-49ca-a791-fa8c25332d53\.system_generated\steps\16\
	                   1	C:\Users\DannyGeminiAnti\.gemini\antigravity\brain\c38a65d5-9892-49ca-a791-fa8c25332d53\.system_generated\steps\162\
	                   1	C:\Users\DannyGeminiAnti\.gemini\antigravity\brain\c38a65d5-9892-49ca-a791-fa8c25332d53\.system_generated\steps\166\
	                   1	C:\Users\DannyGeminiAnti\.gemini\antigravity\brain\c38a65d5-9892-49ca-a791-fa8c25332d53\.system_generated\steps\168\
	                   1	C:\Users\DannyGeminiAnti\.gemini\antigravity\brain\c38a65d5-9892-49ca-a791-fa8c25332d53\.system_generated\steps\170\
	                   1	C:\Users\DannyGeminiAnti\.gemini\antigravity\brain\c38a65d5-9892-49ca-a791-fa8c25332d53\.system_generated\steps\172\
	                   1	C:\Users\DannyGeminiAnti\.gemini\antigravity\brain\c38a65d5-9892-49ca-a791-fa8c25332d53\.system_generated\steps\174\
	                   1	C:\Users\DannyGeminiAnti\.gemini\antigravity\brain\c38a65d5-9892-49ca-a791-fa8c25332d53\.system_generated\steps\176\
	                   1	C:\Users\DannyGeminiAnti\.gemini\antigravity\brain\c38a65d5-9892-49ca-a791-fa8c25332d53\.system_generated\steps\18\
	                   1	C:\Users\DannyGeminiAnti\.gemini\antigravity\brain\c38a65d5-9892-49ca-a791-fa8c25332d53\.system_generated\steps\180\
	                   1	C:\Users\DannyGeminiAnti\.gemini\antigravity\brain\c38a65d5-9892-49ca-a791-fa8c25332d53\.system_generated\steps\182\
	                   1	C:\Users\DannyGeminiAnti\.gemini\antigravity\brain\c38a65d5-9892-49ca-a791-fa8c25332d53\.system_generated\steps\184\
	                   1	C:\Users\DannyGeminiAnti\.gemini\antigravity\brain\c38a65d5-9892-49ca-a791-fa8c25332d53\.system_generated\steps\186\
	                   1	C:\Users\DannyGeminiAnti\.gemini\antigravity\brain\c38a65d5-9892-49ca-a791-fa8c25332d53\.system_generated\steps\188\
	                   1	C:\Users\DannyGeminiAnti\.gemini\antigravity\brain\c38a65d5-9892-49ca-a791-fa8c25332d53\.system_generated\steps\192\
	                   1	C:\Users\DannyGeminiAnti\.gemini\antigravity\brain\c38a65d5-9892-49ca-a791-fa8c25332d53\.system_generated\steps\198\
	                   1	C:\Users\DannyGeminiAnti\.gemini\antigravity\brain\c38a65d5-9892-49ca-a791-fa8c25332d53\.system_generated\steps\2\
	                   1	C:\Users\DannyGeminiAnti\.gemini\antigravity\brain\c38a65d5-9892-49ca-a791-fa8c25332d53\.system_generated\steps\20\
	                   1	C:\Users\DannyGeminiAnti\.gemini\antigravity\brain\c38a65d5-9892-49ca-a791-fa8c25332d53\.system_generated\steps\204\
	                   1	C:\Users\DannyGeminiAnti\.gemini\antigravity\brain\c38a65d5-9892-49ca-a791-fa8c25332d53\.system_generated\steps\206\
	                   1	C:\Users\DannyGeminiAnti\.gemini\antigravity\brain\c38a65d5-9892-49ca-a791-fa8c25332d53\.system_generated\steps\208\
	                   1	C:\Users\DannyGeminiAnti\.gemini\antigravity\brain\c38a65d5-9892-49ca-a791-fa8c25332d53\.system_generated\steps\210\
	                   1	C:\Users\DannyGeminiAnti\.gemini\antigravity\brain\c38a65d5-9892-49ca-a791-fa8c25332d53\.system_generated\steps\216\
	                   1	C:\Users\DannyGeminiAnti\.gemini\antigravity\brain\c38a65d5-9892-49ca-a791-fa8c25332d53\.system_generated\steps\218\
	                   1	C:\Users\DannyGeminiAnti\.gemini\antigravity\brain\c38a65d5-9892-49ca-a791-fa8c25332d53\.system_generated\steps\22\
	                   1	C:\Users\DannyGeminiAnti\.gemini\antigravity\brain\c38a65d5-9892-49ca-a791-fa8c25332d53\.system_generated\steps\220\
	                   1	C:\Users\DannyGeminiAnti\.gemini\antigravity\brain\c38a65d5-9892-49ca-a791-fa8c25332d53\.system_generated\steps\222\
	                   1	C:\Users\DannyGeminiAnti\.gemini\antigravity\brain\c38a65d5-9892-49ca-a791-fa8c25332d53\.system_generated\steps\228\
	                   1	C:\Users\DannyGeminiAnti\.gemini\antigravity\brain\c38a65d5-9892-49ca-a791-fa8c25332d53\.system_generated\steps\232\
	                   1	C:\Users\DannyGeminiAnti\.gemini\antigravity\brain\c38a65d5-9892-49ca-a791-fa8c25332d53\.system_generated\steps\234\
	                   1	C:\Users\DannyGeminiAnti\.gemini\antigravity\brain\c38a65d5-9892-49ca-a791-fa8c25332d53\.system_generated\steps\238\
	                   1	C:\Users\DannyGeminiAnti\.gemini\antigravity\brain\c38a65d5-9892-49ca-a791-fa8c25332d53\.system_generated\steps\24\
	                   1	C:\Users\DannyGeminiAnti\.gemini\antigravity\brain\c38a65d5-9892-49ca-a791-fa8c25332d53\.system_generated\steps\244\
	                   1	C:\Users\DannyGeminiAnti\.gemini\antigravity\brain\c38a65d5-9892-49ca-a791-fa8c25332d53\.system_generated\steps\246\
	                   1	C:\Users\DannyGeminiAnti\.gemini\antigravity\brain\c38a65d5-9892-49ca-a791-fa8c25332d53\.system_generated\steps\248\
	                   1	C:\Users\DannyGeminiAnti\.gemini\antigravity\brain\c38a65d5-9892-49ca-a791-fa8c25332d53\.system_generated\steps\250\
	                   1	C:\Users\DannyGeminiAnti\.gemini\antigravity\brain\c38a65d5-9892-49ca-a791-fa8c25332d53\.system_generated\steps\252\
	                   1	C:\Users\DannyGeminiAnti\.gemini\antigravity\brain\c38a65d5-9892-49ca-a791-fa8c25332d53\.system_generated\steps\254\
	                   1	C:\Users\DannyGeminiAnti\.gemini\antigravity\brain\c38a65d5-9892-49ca-a791-fa8c25332d53\.system_generated\steps\256\
	                   1	C:\Users\DannyGeminiAnti\.gemini\antigravity\brain\c38a65d5-9892-49ca-a791-fa8c25332d53\.system_generated\steps\258\
	                   1	C:\Users\DannyGeminiAnti\.gemini\antigravity\brain\c38a65d5-9892-49ca-a791-fa8c25332d53\.system_generated\steps\26\
	                   1	C:\Users\DannyGeminiAnti\.gemini\antigravity\brain\c38a65d5-9892-49ca-a791-fa8c25332d53\.system_generated\steps\260\
	                   1	C:\Users\DannyGeminiAnti\.gemini\antigravity\brain\c38a65d5-9892-49ca-a791-fa8c25332d53\.system_generated\steps\262\
	                   1	C:\Users\DannyGeminiAnti\.gemini\antigravity\brain\c38a65d5-9892-49ca-a791-fa8c25332d53\.system_generated\steps\264\
	                   1	C:\Users\DannyGeminiAnti\.gemini\antigravity\brain\c38a65d5-9892-49ca-a791-fa8c25332d53\.system_generated\steps\266\
	                   1	C:\Users\DannyGeminiAnti\.gemini\antigravity\brain\c38a65d5-9892-49ca-a791-fa8c25332d53\.system_generated\steps\274\
	                   1	C:\Users\DannyGeminiAnti\.gemini\antigravity\brain\c38a65d5-9892-49ca-a791-fa8c25332d53\.system_generated\steps\276\
	                   1	C:\Users\DannyGeminiAnti\.gemini\antigravity\brain\c38a65d5-9892-49ca-a791-fa8c25332d53\.system_generated\steps\278\
	                   1	C:\Users\DannyGeminiAnti\.gemini\antigravity\brain\c38a65d5-9892-49ca-a791-fa8c25332d53\.system_generated\steps\28\
	                   1	C:\Users\DannyGeminiAnti\.gemini\antigravity\brain\c38a65d5-9892-49ca-a791-fa8c25332d53\.system_generated\steps\286\
	                   1	C:\Users\DannyGeminiAnti\.gemini\antigravity\brain\c38a65d5-9892-49ca-a791-fa8c25332d53\.system_generated\steps\290\
	                   1	C:\Users\DannyGeminiAnti\.gemini\antigravity\brain\c38a65d5-9892-49ca-a791-fa8c25332d53\.system_generated\steps\294\
	                   1	C:\Users\DannyGeminiAnti\.gemini\antigravity\brain\c38a65d5-9892-49ca-a791-fa8c25332d53\.system_generated\steps\298\
	                   1	C:\Users\DannyGeminiAnti\.gemini\antigravity\brain\c38a65d5-9892-49ca-a791-fa8c25332d53\.system_generated\steps\30\
	                   1	C:\Users\DannyGeminiAnti\.gemini\antigravity\brain\c38a65d5-9892-49ca-a791-fa8c25332d53\.system_generated\steps\300\
	                   1	C:\Users\DannyGeminiAnti\.gemini\antigravity\brain\c38a65d5-9892-49ca-a791-fa8c25332d53\.system_generated\steps\302\
	                   1	C:\Users\DannyGeminiAnti\.gemini\antigravity\brain\c38a65d5-9892-49ca-a791-fa8c25332d53\.system_generated\steps\304\
	                   1	C:\Users\DannyGeminiAnti\.gemini\antigravity\brain\c38a65d5-9892-49ca-a791-fa8c25332d53\.system_generated\steps\306\
	                   1	C:\Users\DannyGeminiAnti\.gemini\antigravity\brain\c38a65d5-9892-49ca-a791-fa8c25332d53\.system_generated\steps\308\
	                   1	C:\Users\DannyGeminiAnti\.gemini\antigravity\brain\c38a65d5-9892-49ca-a791-fa8c25332d53\.system_generated\steps\310\
	                   1	C:\Users\DannyGeminiAnti\.gemini\antigravity\brain\c38a65d5-9892-49ca-a791-fa8c25332d53\.system_generated\steps\312\
	                   1	C:\Users\DannyGeminiAnti\.gemini\antigravity\brain\c38a65d5-9892-49ca-a791-fa8c25332d53\.system_generated\steps\318\
	                   1	C:\Users\DannyGeminiAnti\.gemini\antigravity\brain\c38a65d5-9892-49ca-a791-fa8c25332d53\.system_generated\steps\320\
	                   1	C:\Users\DannyGeminiAnti\.gemini\antigravity\brain\c38a65d5-9892-49ca-a791-fa8c25332d53\.system_generated\steps\322\
	                   1	C:\Users\DannyGeminiAnti\.gemini\antigravity\brain\c38a65d5-9892-49ca-a791-fa8c25332d53\.system_generated\steps\334\
	                   1	C:\Users\DannyGeminiAnti\.gemini\antigravity\brain\c38a65d5-9892-49ca-a791-fa8c25332d53\.system_generated\steps\336\
	                   1	C:\Users\DannyGeminiAnti\.gemini\antigravity\brain\c38a65d5-9892-49ca-a791-fa8c25332d53\.system_generated\steps\34\
	                   1	C:\Users\DannyGeminiAnti\.gemini\antigravity\brain\c38a65d5-9892-49ca-a791-fa8c25332d53\.system_generated\steps\356\
	                   1	C:\Users\DannyGeminiAnti\.gemini\antigravity\brain\c38a65d5-9892-49ca-a791-fa8c25332d53\.system_generated\steps\358\
	                   1	C:\Users\DannyGeminiAnti\.gemini\antigravity\brain\c38a65d5-9892-49ca-a791-fa8c25332d53\.system_generated\steps\360\
	                   1	C:\Users\DannyGeminiAnti\.gemini\antigravity\brain\c38a65d5-9892-49ca-a791-fa8c25332d53\.system_generated\steps\362\
	                   1	C:\Users\DannyGeminiAnti\.gemini\antigravity\brain\c38a65d5-9892-49ca-a791-fa8c25332d53\.system_generated\steps\374\
	                   1	C:\Users\DannyGeminiAnti\.gemini\antigravity\brain\c38a65d5-9892-49ca-a791-fa8c25332d53\.system_generated\steps\376\
	                   1	C:\Users\DannyGeminiAnti\.gemini\antigravity\brain\c38a65d5-9892-49ca-a791-fa8c25332d53\.system_generated\steps\38\
	                   1	C:\Users\DannyGeminiAnti\.gemini\antigravity\brain\c38a65d5-9892-49ca-a791-fa8c25332d53\.system_generated\steps\384\
	                   1	C:\Users\DannyGeminiAnti\.gemini\antigravity\brain\c38a65d5-9892-49ca-a791-fa8c25332d53\.system_generated\steps\407\
	                   1	C:\Users\DannyGeminiAnti\.gemini\antigravity\brain\c38a65d5-9892-49ca-a791-fa8c25332d53\.system_generated\steps\409\
	                   1	C:\Users\DannyGeminiAnti\.gemini\antigravity\brain\c38a65d5-9892-49ca-a791-fa8c25332d53\.system_generated\steps\411\
	                   1	C:\Users\DannyGeminiAnti\.gemini\antigravity\brain\c38a65d5-9892-49ca-a791-fa8c25332d53\.system_generated\steps\42\
	                   1	C:\Users\DannyGeminiAnti\.gemini\antigravity\brain\c38a65d5-9892-49ca-a791-fa8c25332d53\.system_generated\steps\455\
	                   1	C:\Users\DannyGeminiAnti\.gemini\antigravity\brain\c38a65d5-9892-49ca-a791-fa8c25332d53\.system_generated\steps\457\
	                   1	C:\Users\DannyGeminiAnti\.gemini\antigravity\brain\c38a65d5-9892-49ca-a791-fa8c25332d53\.system_generated\steps\459\
	                   1	C:\Users\DannyGeminiAnti\.gemini\antigravity\brain\c38a65d5-9892-49ca-a791-fa8c25332d53\.system_generated\steps\46\
	                   1	C:\Users\DannyGeminiAnti\.gemini\antigravity\brain\c38a65d5-9892-49ca-a791-fa8c25332d53\.system_generated\steps\461\
	                   1	C:\Users\DannyGeminiAnti\.gemini\antigravity\brain\c38a65d5-9892-49ca-a791-fa8c25332d53\.system_generated\steps\463\
	                   1	C:\Users\DannyGeminiAnti\.gemini\antigravity\brain\c38a65d5-9892-49ca-a791-fa8c25332d53\.system_generated\steps\473\
	                   1	C:\Users\DannyGeminiAnti\.gemini\antigravity\brain\c38a65d5-9892-49ca-a791-fa8c25332d53\.system_generated\steps\475\
	                   1	C:\Users\DannyGeminiAnti\.gemini\antigravity\brain\c38a65d5-9892-49ca-a791-fa8c25332d53\.system_generated\steps\477\
	                   1	C:\Users\DannyGeminiAnti\.gemini\antigravity\brain\c38a65d5-9892-49ca-a791-fa8c25332d53\.system_generated\steps\479\
	                   1	C:\Users\DannyGeminiAnti\.gemini\antigravity\brain\c38a65d5-9892-49ca-a791-fa8c25332d53\.system_generated\steps\48\
	                   1	C:\Users\DannyGeminiAnti\.gemini\antigravity\brain\c38a65d5-9892-49ca-a791-fa8c25332d53\.system_generated\steps\481\
	                   1	C:\Users\DannyGeminiAnti\.gemini\antigravity\brain\c38a65d5-9892-49ca-a791-fa8c25332d53\.system_generated\steps\483\
	                   1	C:\Users\DannyGeminiAnti\.gemini\antigravity\brain\c38a65d5-9892-49ca-a791-fa8c25332d53\.system_generated\steps\485\
	                   1	C:\Users\DannyGeminiAnti\.gemini\antigravity\brain\c38a65d5-9892-49ca-a791-fa8c25332d53\.system_generated\steps\487\
	                   1	C:\Users\DannyGeminiAnti\.gemini\antigravity\brain\c38a65d5-9892-49ca-a791-fa8c25332d53\.system_generated\steps\491\
	                   1	C:\Users\DannyGeminiAnti\.gemini\antigravity\brain\c38a65d5-9892-49ca-a791-fa8c25332d53\.system_generated\steps\495\
	                   1	C:\Users\DannyGeminiAnti\.gemini\antigravity\brain\c38a65d5-9892-49ca-a791-fa8c25332d53\.system_generated\steps\501\
	                   1	C:\Users\DannyGeminiAnti\.gemini\antigravity\brain\c38a65d5-9892-49ca-a791-fa8c25332d53\.system_generated\steps\505\
	                   1	C:\Users\DannyGeminiAnti\.gemini\antigravity\brain\c38a65d5-9892-49ca-a791-fa8c25332d53\.system_generated\steps\507\
	                   1	C:\Users\DannyGeminiAnti\.gemini\antigravity\brain\c38a65d5-9892-49ca-a791-fa8c25332d53\.system_generated\steps\509\
	                   1	C:\Users\DannyGeminiAnti\.gemini\antigravity\brain\c38a65d5-9892-49ca-a791-fa8c25332d53\.system_generated\steps\511\
	                   1	C:\Users\DannyGeminiAnti\.gemini\antigravity\brain\c38a65d5-9892-49ca-a791-fa8c25332d53\.system_generated\steps\513\
	                   1	C:\Users\DannyGeminiAnti\.gemini\antigravity\brain\c38a65d5-9892-49ca-a791-fa8c25332d53\.system_generated\steps\515\
	                   1	C:\Users\DannyGeminiAnti\.gemini\antigravity\brain\c38a65d5-9892-49ca-a791-fa8c25332d53\.system_generated\steps\523\
	                   1	C:\Users\DannyGeminiAnti\.gemini\antigravity\brain\c38a65d5-9892-49ca-a791-fa8c25332d53\.system_generated\steps\525\
	                   1	C:\Users\DannyGeminiAnti\.gemini\antigravity\brain\c38a65d5-9892-49ca-a791-fa8c25332d53\.system_generated\steps\527\
	                   1	C:\Users\DannyGeminiAnti\.gemini\antigravity\brain\c38a65d5-9892-49ca-a791-fa8c25332d53\.system_generated\steps\529\
	                   1	C:\Users\DannyGeminiAnti\.gemini\antigravity\brain\c38a65d5-9892-49ca-a791-fa8c25332d53\.system_generated\steps\533\
	                   1	C:\Users\DannyGeminiAnti\.gemini\antigravity\brain\c38a65d5-9892-49ca-a791-fa8c25332d53\.system_generated\steps\537\
	                   1	C:\Users\DannyGeminiAnti\.gemini\antigravity\brain\c38a65d5-9892-49ca-a791-fa8c25332d53\.system_generated\steps\539\
	                   1	C:\Users\DannyGeminiAnti\.gemini\antigravity\brain\c38a65d5-9892-49ca-a791-fa8c25332d53\.system_generated\steps\541\
	                   1	C:\Users\DannyGeminiAnti\.gemini\antigravity\brain\c38a65d5-9892-49ca-a791-fa8c25332d53\.system_generated\steps\543\
	                   1	C:\Users\DannyGeminiAnti\.gemini\antigravity\brain\c38a65d5-9892-49ca-a791-fa8c25332d53\.system_generated\steps\545\
	                   1	C:\Users\DannyGeminiAnti\.gemini\antigravity\brain\c38a65d5-9892-49ca-a791-fa8c25332d53\.system_generated\steps\547\
	                   1	C:\Users\DannyGeminiAnti\.gemini\antigravity\brain\c38a65d5-9892-49ca-a791-fa8c25332d53\.system_generated\steps\549\
	                   1	C:\Users\DannyGeminiAnti\.gemini\antigravity\brain\c38a65d5-9892-49ca-a791-fa8c25332d53\.system_generated\steps\55\
	                   1	C:\Users\DannyGeminiAnti\.gemini\antigravity\brain\c38a65d5-9892-49ca-a791-fa8c25332d53\.system_generated\steps\551\
	                   1	C:\Users\DannyGeminiAnti\.gemini\antigravity\brain\c38a65d5-9892-49ca-a791-fa8c25332d53\.system_generated\steps\553\
	                   1	C:\Users\DannyGeminiAnti\.gemini\antigravity\brain\c38a65d5-9892-49ca-a791-fa8c25332d53\.system_generated\steps\555\
	                   1	C:\Users\DannyGeminiAnti\.gemini\antigravity\brain\c38a65d5-9892-49ca-a791-fa8c25332d53\.system_generated\steps\557\
	                   1	C:\Users\DannyGeminiAnti\.gemini\antigravity\brain\c38a65d5-9892-49ca-a791-fa8c25332d53\.system_generated\steps\559\
	                   1	C:\Users\DannyGeminiAnti\.gemini\antigravity\brain\c38a65d5-9892-49ca-a791-fa8c25332d53\.system_generated\steps\561\
	                   1	C:\Users\DannyGeminiAnti\.gemini\antigravity\brain\c38a65d5-9892-49ca-a791-fa8c25332d53\.system_generated\steps\565\
	                   1	C:\Users\DannyGeminiAnti\.gemini\antigravity\brain\c38a65d5-9892-49ca-a791-fa8c25332d53\.system_generated\steps\571\
	                   1	C:\Users\DannyGeminiAnti\.gemini\antigravity\brain\c38a65d5-9892-49ca-a791-fa8c25332d53\.system_generated\steps\573\
	                   1	C:\Users\DannyGeminiAnti\.gemini\antigravity\brain\c38a65d5-9892-49ca-a791-fa8c25332d53\.system_generated\steps\579\
	                   1	C:\Users\DannyGeminiAnti\.gemini\antigravity\brain\c38a65d5-9892-49ca-a791-fa8c25332d53\.system_generated\steps\581\
	                   1	C:\Users\DannyGeminiAnti\.gemini\antigravity\brain\c38a65d5-9892-49ca-a791-fa8c25332d53\.system_generated\steps\587\
	                   1	C:\Users\DannyGeminiAnti\.gemini\antigravity\brain\c38a65d5-9892-49ca-a791-fa8c25332d53\.system_generated\steps\589\
	                   1	C:\Users\DannyGeminiAnti\.gemini\antigravity\brain\c38a65d5-9892-49ca-a791-fa8c25332d53\.system_generated\steps\591\
	                   1	C:\Users\DannyGeminiAnti\.gemini\antigravity\brain\c38a65d5-9892-49ca-a791-fa8c25332d53\.system_generated\steps\593\
	                   1	C:\Users\DannyGeminiAnti\.gemini\antigravity\brain\c38a65d5-9892-49ca-a791-fa8c25332d53\.system_generated\steps\595\
	                   1	C:\Users\DannyGeminiAnti\.gemini\antigravity\brain\c38a65d5-9892-49ca-a791-fa8c25332d53\.system_generated\steps\597\
	                   1	C:\Users\DannyGeminiAnti\.gemini\antigravity\brain\c38a65d5-9892-49ca-a791-fa8c25332d53\.system_generated\steps\599\
	                   1	C:\Users\DannyGeminiAnti\.gemini\antigravity\brain\c38a65d5-9892-49ca-a791-fa8c25332d53\.system_generated\steps\6\
	                   1	C:\Users\DannyGeminiAnti\.gemini\antigravity\brain\c38a65d5-9892-49ca-a791-fa8c25332d53\.system_generated\steps\601\
	                   1	C:\Users\DannyGeminiAnti\.gemini\antigravity\brain\c38a65d5-9892-49ca-a791-fa8c25332d53\.system_generated\steps\604\
	                   1	C:\Users\DannyGeminiAnti\.gemini\antigravity\brain\c38a65d5-9892-49ca-a791-fa8c25332d53\.system_generated\steps\606\
	                   1	C:\Users\DannyGeminiAnti\.gemini\antigravity\brain\c38a65d5-9892-49ca-a791-fa8c25332d53\.system_generated\steps\608\
	                   1	C:\Users\DannyGeminiAnti\.gemini\antigravity\brain\c38a65d5-9892-49ca-a791-fa8c25332d53\.system_generated\steps\610\
	                   1	C:\Users\DannyGeminiAnti\.gemini\antigravity\brain\c38a65d5-9892-49ca-a791-fa8c25332d53\.system_generated\steps\612\
	                   1	C:\Users\DannyGeminiAnti\.gemini\antigravity\brain\c38a65d5-9892-49ca-a791-fa8c25332d53\.system_generated\steps\614\
	                   1	C:\Users\DannyGeminiAnti\.gemini\antigravity\brain\c38a65d5-9892-49ca-a791-fa8c25332d53\.system_generated\steps\616\
	                   1	C:\Users\DannyGeminiAnti\.gemini\antigravity\brain\c38a65d5-9892-49ca-a791-fa8c25332d53\.system_generated\steps\620\
	                   1	C:\Users\DannyGeminiAnti\.gemini\antigravity\brain\c38a65d5-9892-49ca-a791-fa8c25332d53\.system_generated\steps\622\
	                   1	C:\Users\DannyGeminiAnti\.gemini\antigravity\brain\c38a65d5-9892-49ca-a791-fa8c25332d53\.system_generated\steps\624\
	                   1	C:\Users\DannyGeminiAnti\.gemini\antigravity\brain\c38a65d5-9892-49ca-a791-fa8c25332d53\.system_generated\steps\626\
	                   1	C:\Users\DannyGeminiAnti\.gemini\antigravity\brain\c38a65d5-9892-49ca-a791-fa8c25332d53\.system_generated\steps\628\
	                   1	C:\Users\DannyGeminiAnti\.gemini\antigravity\brain\c38a65d5-9892-49ca-a791-fa8c25332d53\.system_generated\steps\63\
	                   1	C:\Users\DannyGeminiAnti\.gemini\antigravity\brain\c38a65d5-9892-49ca-a791-fa8c25332d53\.system_generated\steps\630\
	                   1	C:\Users\DannyGeminiAnti\.gemini\antigravity\brain\c38a65d5-9892-49ca-a791-fa8c25332d53\.system_generated\steps\632\
	  New Dir          1	C:\Users\DannyGeminiAnti\.gemini\antigravity\brain\c38a65d5-9892-49ca-a791-fa8c25332d53\.system_generated\steps\637\
	    New File  		     198	output.txt
	  New Dir          1	C:\Users\DannyGeminiAnti\.gemini\antigravity\brain\c38a65d5-9892-49ca-a791-fa8c25332d53\.system_generated\steps\639\
	    New File  		     216	output.txt
	  New Dir          1	C:\Users\DannyGeminiAnti\.gemini\antigravity\brain\c38a65d5-9892-49ca-a791-fa8c25332d53\.system_generated\steps\641\
	    New File  		     743	output.txt
	  New Dir          1	C:\Users\DannyGeminiAnti\.gemini\antigravity\brain\c38a65d5-9892-49ca-a791-fa8c25332d53\.system_generated\steps\643\
	    New File  		    1029	output.txt
	  New Dir          1	C:\Users\DannyGeminiAnti\.gemini\antigravity\brain\c38a65d5-9892-49ca-a791-fa8c25332d53\.system_generated\steps\645\
	    New File  		    8174	output.txt
	  New Dir          1	C:\Users\DannyGeminiAnti\.gemini\antigravity\brain\c38a65d5-9892-49ca-a791-fa8c25332d53\.system_generated\steps\647\
	    New File  		    1454	output.txt
	  New Dir          1	C:\Users\DannyGeminiAnti\.gemini\antigravity\brain\c38a65d5-9892-49ca-a791-fa8c25332d53\.system_generated\steps\649\
	    New File  		     117	output.txt
	                   1	C:\Users\DannyGeminiAnti\.gemini\antigravity\brain\c38a65d5-9892-49ca-a791-fa8c25332d53\.system_generated\steps\65\
	  New Dir          1	C:\Users\DannyGeminiAnti\.gemini\antigravity\brain\c38a65d5-9892-49ca-a791-fa8c25332d53\.system_generated\steps\651\
	    New File  		     333	output.txt
	  New Dir          1	C:\Users\DannyGeminiAnti\.gemini\antigravity\brain\c38a65d5-9892-49ca-a791-fa8c25332d53\.system_generated\steps\653\
	    New File  		     167	output.txt
	                   1	C:\Users\DannyGeminiAnti\.gemini\antigravity\brain\c38a65d5-9892-49ca-a791-fa8c25332d53\.system_generated\steps\67\
	  New Dir          1	C:\Users\DannyGeminiAnti\.gemini\antigravity\brain\c38a65d5-9892-49ca-a791-fa8c25332d53\.system_generated\steps\671\
	    New File  		      66	output.txt
	  New Dir          1	C:\Users\DannyGeminiAnti\.gemini\antigravity\brain\c38a65d5-9892-49ca-a791-fa8c25332d53\.system_generated\steps\673\
	    New File  		    3673	output.txt
	  New Dir          1	C:\Users\DannyGeminiAnti\.gemini\antigravity\brain\c38a65d5-9892-49ca-a791-fa8c25332d53\.system_generated\steps\675\
	    New File  		      66	output.txt
	  New Dir          1	C:\Users\DannyGeminiAnti\.gemini\antigravity\brain\c38a65d5-9892-49ca-a791-fa8c25332d53\.system_generated\steps\677\
	    New File  		     192	output.txt
	  New Dir          1	C:\Users\DannyGeminiAnti\.gemini\antigravity\brain\c38a65d5-9892-49ca-a791-fa8c25332d53\.system_generated\steps\679\
	    New File  		     126	output.txt
	  New Dir          1	C:\Users\DannyGeminiAnti\.gemini\antigravity\brain\c38a65d5-9892-49ca-a791-fa8c25332d53\.system_generated\steps\681\
	    New File  		    2352	output.txt
	  New Dir          1	C:\Users\DannyGeminiAnti\.gemini\antigravity\brain\c38a65d5-9892-49ca-a791-fa8c25332d53\.system_generated\steps\683\
	    New File  		    1192	output.txt
	  New Dir          1	C:\Users\DannyGeminiAnti\.gemini\antigravity\brain\c38a65d5-9892-49ca-a791-fa8c25332d53\.system_generated\steps\685\
	    New File  		    1232	output.txt
	  New Dir          1	C:\Users\DannyGeminiAnti\.gemini\antigravity\brain\c38a65d5-9892-49ca-a791-fa8c25332d53\.system_generated\steps\687\
	    New File  		    1232	output.txt
	  New Dir          1	C:\Users\DannyGeminiAnti\.gemini\antigravity\brain\c38a65d5-9892-49ca-a791-fa8c25332d53\.system_generated\steps\689\
	    New File  		    1984	output.txt
	  New Dir          1	C:\Users\DannyGeminiAnti\.gemini\antigravity\brain\c38a65d5-9892-49ca-a791-fa8c25332d53\.system_generated\steps\691\
	    New File  		     364	output.txt
	  New Dir          1	C:\Users\DannyGeminiAnti\.gemini\antigravity\brain\c38a65d5-9892-49ca-a791-fa8c25332d53\.system_generated\steps\693\
	    New File  		    8210	output.txt
	  New Dir          1	C:\Users\DannyGeminiAnti\.gemini\antigravity\brain\c38a65d5-9892-49ca-a791-fa8c25332d53\.system_generated\steps\695\
	    New File  		    8174	output.txt
	  New Dir          1	C:\Users\DannyGeminiAnti\.gemini\antigravity\brain\c38a65d5-9892-49ca-a791-fa8c25332d53\.system_generated\steps\697\
	    New File  		     471	output.txt
	  New Dir          1	C:\Users\DannyGeminiAnti\.gemini\antigravity\brain\c38a65d5-9892-49ca-a791-fa8c25332d53\.system_generated\steps\699\
	    New File  		    1337	output.txt
	  New Dir          1	C:\Users\DannyGeminiAnti\.gemini\antigravity\brain\c38a65d5-9892-49ca-a791-fa8c25332d53\.system_generated\steps\701\
	    New File  		     292	output.txt
	  New Dir          1	C:\Users\DannyGeminiAnti\.gemini\antigravity\brain\c38a65d5-9892-49ca-a791-fa8c25332d53\.system_generated\steps\703\
	    New File  		      82	output.txt
	  New Dir          1	C:\Users\DannyGeminiAnti\.gemini\antigravity\brain\c38a65d5-9892-49ca-a791-fa8c25332d53\.system_generated\steps\705\
	    New File  		     116	output.txt
	  New Dir          1	C:\Users\DannyGeminiAnti\.gemini\antigravity\brain\c38a65d5-9892-49ca-a791-fa8c25332d53\.system_generated\steps\707\
	    New File  		      58	output.txt
	  New Dir          1	C:\Users\DannyGeminiAnti\.gemini\antigravity\brain\c38a65d5-9892-49ca-a791-fa8c25332d53\.system_generated\steps\709\
	    New File  		      63	output.txt
	                   1	C:\Users\DannyGeminiAnti\.gemini\antigravity\brain\c38a65d5-9892-49ca-a791-fa8c25332d53\.system_generated\steps\71\
	  New Dir          1	C:\Users\DannyGeminiAnti\.gemini\antigravity\brain\c38a65d5-9892-49ca-a791-fa8c25332d53\.system_generated\steps\711\
	    New File  		      65	output.txt
	  New Dir          1	C:\Users\DannyGeminiAnti\.gemini\antigravity\brain\c38a65d5-9892-49ca-a791-fa8c25332d53\.system_generated\steps\713\
	    New File  		      51	output.txt
	  New Dir          1	C:\Users\DannyGeminiAnti\.gemini\antigravity\brain\c38a65d5-9892-49ca-a791-fa8c25332d53\.system_generated\steps\719\
	    New File  		    7360	output.txt
	  New Dir          1	C:\Users\DannyGeminiAnti\.gemini\antigravity\brain\c38a65d5-9892-49ca-a791-fa8c25332d53\.system_generated\steps\721\
	    New File  		    4682	output.txt
	  New Dir          1	C:\Users\DannyGeminiAnti\.gemini\antigravity\brain\c38a65d5-9892-49ca-a791-fa8c25332d53\.system_generated\steps\723\
	    New File  		      91	output.txt
	  New Dir          1	C:\Users\DannyGeminiAnti\.gemini\antigravity\brain\c38a65d5-9892-49ca-a791-fa8c25332d53\.system_generated\steps\725\
	    New File  		      57	output.txt
	  New Dir          1	C:\Users\DannyGeminiAnti\.gemini\antigravity\brain\c38a65d5-9892-49ca-a791-fa8c25332d53\.system_generated\steps\727\
	    New File  		      68	output.txt
	  New Dir          1	C:\Users\DannyGeminiAnti\.gemini\antigravity\brain\c38a65d5-9892-49ca-a791-fa8c25332d53\.system_generated\steps\729\
	    New File  		     190	output.txt
	  New Dir          1	C:\Users\DannyGeminiAnti\.gemini\antigravity\brain\c38a65d5-9892-49ca-a791-fa8c25332d53\.system_generated\steps\731\
	    New File  		     155	output.txt
	  New Dir          1	C:\Users\DannyGeminiAnti\.gemini\antigravity\brain\c38a65d5-9892-49ca-a791-fa8c25332d53\.system_generated\steps\737\
	    New File  		     766	output.txt
	  New Dir          1	C:\Users\DannyGeminiAnti\.gemini\antigravity\brain\c38a65d5-9892-49ca-a791-fa8c25332d53\.system_generated\steps\739\
	    New File  		     995	output.txt
	  New Dir          1	C:\Users\DannyGeminiAnti\.gemini\antigravity\brain\c38a65d5-9892-49ca-a791-fa8c25332d53\.system_generated\steps\743\
	    New File  		    1327	output.txt
	  New Dir          1	C:\Users\DannyGeminiAnti\.gemini\antigravity\brain\c38a65d5-9892-49ca-a791-fa8c25332d53\.system_generated\steps\745\
	    New File  		    1311	output.txt
	  New Dir          1	C:\Users\DannyGeminiAnti\.gemini\antigravity\brain\c38a65d5-9892-49ca-a791-fa8c25332d53\.system_generated\steps\747\
	    New File  		      51	output.txt
	  New Dir          1	C:\Users\DannyGeminiAnti\.gemini\antigravity\brain\c38a65d5-9892-49ca-a791-fa8c25332d53\.system_generated\steps\749\
	    New File  		    1577	output.txt
	                   1	C:\Users\DannyGeminiAnti\.gemini\antigravity\brain\c38a65d5-9892-49ca-a791-fa8c25332d53\.system_generated\steps\75\
	  New Dir          1	C:\Users\DannyGeminiAnti\.gemini\antigravity\brain\c38a65d5-9892-49ca-a791-fa8c25332d53\.system_generated\steps\751\
	    New File  		     111	output.txt
	  New Dir          1	C:\Users\DannyGeminiAnti\.gemini\antigravity\brain\c38a65d5-9892-49ca-a791-fa8c25332d53\.system_generated\steps\753\
	    New File  		     182	output.txt
	  New Dir          1	C:\Users\DannyGeminiAnti\.gemini\antigravity\brain\c38a65d5-9892-49ca-a791-fa8c25332d53\.system_generated\steps\755\
	    New File  		     197	output.txt
	  New Dir          1	C:\Users\DannyGeminiAnti\.gemini\antigravity\brain\c38a65d5-9892-49ca-a791-fa8c25332d53\.system_generated\steps\757\
	    New File  		      67	output.txt
	  New Dir          1	C:\Users\DannyGeminiAnti\.gemini\antigravity\brain\c38a65d5-9892-49ca-a791-fa8c25332d53\.system_generated\steps\759\
	    New File  		    3500	output.txt
	  New Dir          1	C:\Users\DannyGeminiAnti\.gemini\antigravity\brain\c38a65d5-9892-49ca-a791-fa8c25332d53\.system_generated\steps\761\
	    New File  		    1102	output.txt
	  New Dir          1	C:\Users\DannyGeminiAnti\.gemini\antigravity\brain\c38a65d5-9892-49ca-a791-fa8c25332d53\.system_generated\steps\763\
	    New File  		      51	output.txt
	  New Dir          1	C:\Users\DannyGeminiAnti\.gemini\antigravity\brain\c38a65d5-9892-49ca-a791-fa8c25332d53\.system_generated\steps\765\
	    New File  		     252	output.txt
	  New Dir          1	C:\Users\DannyGeminiAnti\.gemini\antigravity\brain\c38a65d5-9892-49ca-a791-fa8c25332d53\.system_generated\steps\767\
	    New File  		     598	output.txt
	  New Dir          1	C:\Users\DannyGeminiAnti\.gemini\antigravity\brain\c38a65d5-9892-49ca-a791-fa8c25332d53\.system_generated\steps\769\
	    New File  		      51	output.txt
	                   1	C:\Users\DannyGeminiAnti\.gemini\antigravity\brain\c38a65d5-9892-49ca-a791-fa8c25332d53\.system_generated\steps\77\
	  New Dir          1	C:\Users\DannyGeminiAnti\.gemini\antigravity\brain\c38a65d5-9892-49ca-a791-fa8c25332d53\.system_generated\steps\771\
	    New File  		     218	output.txt
	  New Dir          1	C:\Users\DannyGeminiAnti\.gemini\antigravity\brain\c38a65d5-9892-49ca-a791-fa8c25332d53\.system_generated\steps\773\
	    New File  		     141	output.txt
	  New Dir          1	C:\Users\DannyGeminiAnti\.gemini\antigravity\brain\c38a65d5-9892-49ca-a791-fa8c25332d53\.system_generated\steps\779\
	    New File  		     828	output.txt
	  New Dir          1	C:\Users\DannyGeminiAnti\.gemini\antigravity\brain\c38a65d5-9892-49ca-a791-fa8c25332d53\.system_generated\steps\781\
	    New File  		     385	output.txt
	  New Dir          1	C:\Users\DannyGeminiAnti\.gemini\antigravity\brain\c38a65d5-9892-49ca-a791-fa8c25332d53\.system_generated\steps\791\
	    New File  		     416	output.txt
	  New Dir          1	C:\Users\DannyGeminiAnti\.gemini\antigravity\brain\c38a65d5-9892-49ca-a791-fa8c25332d53\.system_generated\steps\793\
	    New File  		     804	output.txt
	  New Dir          1	C:\Users\DannyGeminiAnti\.gemini\antigravity\brain\c38a65d5-9892-49ca-a791-fa8c25332d53\.system_generated\steps\795\
	    New File  		    2384	output.txt
	  New Dir          1	C:\Users\DannyGeminiAnti\.gemini\antigravity\brain\c38a65d5-9892-49ca-a791-fa8c25332d53\.system_generated\steps\811\
	    New File  		    1445	output.txt
	  New Dir          1	C:\Users\DannyGeminiAnti\.gemini\antigravity\brain\c38a65d5-9892-49ca-a791-fa8c25332d53\.system_generated\steps\813\
	    New File  		     119	output.txt
	  New Dir          1	C:\Users\DannyGeminiAnti\.gemini\antigravity\brain\c38a65d5-9892-49ca-a791-fa8c25332d53\.system_generated\steps\823\
	    New File  		     957	output.txt
	  New Dir          1	C:\Users\DannyGeminiAnti\.gemini\antigravity\brain\c38a65d5-9892-49ca-a791-fa8c25332d53\.system_generated\steps\827\
	    New File  		     963	output.txt
	  New Dir          1	C:\Users\DannyGeminiAnti\.gemini\antigravity\brain\c38a65d5-9892-49ca-a791-fa8c25332d53\.system_generated\steps\839\
	    New File  		    1216	output.txt
	  New Dir          1	C:\Users\DannyGeminiAnti\.gemini\antigravity\brain\c38a65d5-9892-49ca-a791-fa8c25332d53\.system_generated\steps\845\
	    New File  		    4203	output.txt
	                   1	C:\Users\DannyGeminiAnti\.gemini\antigravity\brain\c38a65d5-9892-49ca-a791-fa8c25332d53\.system_generated\steps\85\
	  New Dir          1	C:\Users\DannyGeminiAnti\.gemini\antigravity\brain\c38a65d5-9892-49ca-a791-fa8c25332d53\.system_generated\steps\855\
	    New File  		     124	output.txt
	  New Dir          1	C:\Users\DannyGeminiAnti\.gemini\antigravity\brain\c38a65d5-9892-49ca-a791-fa8c25332d53\.system_generated\steps\859\
	    New File  		    1181	output.txt
	  New Dir          1	C:\Users\DannyGeminiAnti\.gemini\antigravity\brain\c38a65d5-9892-49ca-a791-fa8c25332d53\.system_generated\steps\863\
	    New File  		    1116	output.txt
	  New Dir          1	C:\Users\DannyGeminiAnti\.gemini\antigravity\brain\c38a65d5-9892-49ca-a791-fa8c25332d53\.system_generated\steps\867\
	    New File  		    1122	output.txt
	                   1	C:\Users\DannyGeminiAnti\.gemini\antigravity\brain\c38a65d5-9892-49ca-a791-fa8c25332d53\.system_generated\steps\87\
	  New Dir          1	C:\Users\DannyGeminiAnti\.gemini\antigravity\brain\c38a65d5-9892-49ca-a791-fa8c25332d53\.system_generated\steps\871\
	    New File  		     199	output.txt
	  New Dir          1	C:\Users\DannyGeminiAnti\.gemini\antigravity\brain\c38a65d5-9892-49ca-a791-fa8c25332d53\.system_generated\steps\875\
	    New File  		    1112	output.txt
	  New Dir          1	C:\Users\DannyGeminiAnti\.gemini\antigravity\brain\c38a65d5-9892-49ca-a791-fa8c25332d53\.system_generated\steps\879\
	    New File  		    1048	output.txt
	  New Dir          1	C:\Users\DannyGeminiAnti\.gemini\antigravity\brain\c38a65d5-9892-49ca-a791-fa8c25332d53\.system_generated\steps\885\
	    New File  		    1325	output.txt
	  New Dir          1	C:\Users\DannyGeminiAnti\.gemini\antigravity\brain\c38a65d5-9892-49ca-a791-fa8c25332d53\.system_generated\steps\887\
	    New File  		    1248	output.txt
	  New Dir          1	C:\Users\DannyGeminiAnti\.gemini\antigravity\brain\c38a65d5-9892-49ca-a791-fa8c25332d53\.system_generated\steps\889\
	    New File  		      67	output.txt
	                   1	C:\Users\DannyGeminiAnti\.gemini\antigravity\brain\c38a65d5-9892-49ca-a791-fa8c25332d53\.system_generated\steps\89\
	  New Dir          1	C:\Users\DannyGeminiAnti\.gemini\antigravity\brain\c38a65d5-9892-49ca-a791-fa8c25332d53\.system_generated\steps\891\
	    New File  		      51	output.txt
	  New Dir          1	C:\Users\DannyGeminiAnti\.gemini\antigravity\brain\c38a65d5-9892-49ca-a791-fa8c25332d53\.system_generated\steps\893\
	    New File  		    1102	output.txt
	  New Dir          1	C:\Users\DannyGeminiAnti\.gemini\antigravity\brain\c38a65d5-9892-49ca-a791-fa8c25332d53\.system_generated\steps\895\
	    New File  		    8242	output.txt
	  New Dir          1	C:\Users\DannyGeminiAnti\.gemini\antigravity\brain\c38a65d5-9892-49ca-a791-fa8c25332d53\.system_generated\steps\897\
	    New File  		     252	output.txt
	  New Dir          1	C:\Users\DannyGeminiAnti\.gemini\antigravity\brain\c38a65d5-9892-49ca-a791-fa8c25332d53\.system_generated\steps\899\
	    New File  		     636	output.txt
	  New Dir          1	C:\Users\DannyGeminiAnti\.gemini\antigravity\brain\c38a65d5-9892-49ca-a791-fa8c25332d53\.system_generated\steps\901\
	    New File  		      51	output.txt
	  New Dir          1	C:\Users\DannyGeminiAnti\.gemini\antigravity\brain\c38a65d5-9892-49ca-a791-fa8c25332d53\.system_generated\steps\903\
	    New File  		     234	output.txt
	  New Dir          1	C:\Users\DannyGeminiAnti\.gemini\antigravity\brain\c38a65d5-9892-49ca-a791-fa8c25332d53\.system_generated\steps\905\
	    New File  		     141	output.txt
	  New Dir          1	C:\Users\DannyGeminiAnti\.gemini\antigravity\brain\c38a65d5-9892-49ca-a791-fa8c25332d53\.system_generated\steps\909\
	    New File  		     593	output.txt
	                   1	C:\Users\DannyGeminiAnti\.gemini\antigravity\brain\c38a65d5-9892-49ca-a791-fa8c25332d53\.system_generated\steps\91\
	  New Dir          1	C:\Users\DannyGeminiAnti\.gemini\antigravity\brain\c38a65d5-9892-49ca-a791-fa8c25332d53\.system_generated\steps\911\
	    New File  		     311	output.txt
	  New Dir          1	C:\Users\DannyGeminiAnti\.gemini\antigravity\brain\c38a65d5-9892-49ca-a791-fa8c25332d53\.system_generated\steps\913\
	    New File  		    1671	output.txt
	  New Dir          1	C:\Users\DannyGeminiAnti\.gemini\antigravity\brain\c38a65d5-9892-49ca-a791-fa8c25332d53\.system_generated\steps\917\
	    New File  		    1338	output.txt
	  New Dir          1	C:\Users\DannyGeminiAnti\.gemini\antigravity\brain\c38a65d5-9892-49ca-a791-fa8c25332d53\.system_generated\steps\919\
	    New File  		     110	output.txt
	  New Dir          1	C:\Users\DannyGeminiAnti\.gemini\antigravity\brain\c38a65d5-9892-49ca-a791-fa8c25332d53\.system_generated\steps\925\
	    New File  		      80	output.txt
	  New Dir          1	C:\Users\DannyGeminiAnti\.gemini\antigravity\brain\c38a65d5-9892-49ca-a791-fa8c25332d53\.system_generated\steps\929\
	    New File  		     100	output.txt
	                   1	C:\Users\DannyGeminiAnti\.gemini\antigravity\brain\c38a65d5-9892-49ca-a791-fa8c25332d53\.system_generated\steps\93\
	  New Dir          1	C:\Users\DannyGeminiAnti\.gemini\antigravity\brain\c38a65d5-9892-49ca-a791-fa8c25332d53\.system_generated\steps\936\
	    New File  		    1107	output.txt
	  New Dir          1	C:\Users\DannyGeminiAnti\.gemini\antigravity\brain\c38a65d5-9892-49ca-a791-fa8c25332d53\.system_generated\steps\940\
	    New File  		    8243	output.txt
	  New Dir          1	C:\Users\DannyGeminiAnti\.gemini\antigravity\brain\c38a65d5-9892-49ca-a791-fa8c25332d53\.system_generated\steps\944\
	    New File  		     115	output.txt
	                   1	C:\Users\DannyGeminiAnti\.gemini\antigravity\brain\c38a65d5-9892-49ca-a791-fa8c25332d53\.system_generated\steps\95\
	  New Dir          1	C:\Users\DannyGeminiAnti\.gemini\antigravity\brain\c38a65d5-9892-49ca-a791-fa8c25332d53\.system_generated\steps\952\
	    New File  		    8191	output.txt
	  New Dir          1	C:\Users\DannyGeminiAnti\.gemini\antigravity\brain\c38a65d5-9892-49ca-a791-fa8c25332d53\.system_generated\steps\956\
	    New File  		     492	output.txt
	  New Dir          1	C:\Users\DannyGeminiAnti\.gemini\antigravity\brain\c38a65d5-9892-49ca-a791-fa8c25332d53\.system_generated\steps\960\
	    New File  		     429	output.txt
	  New Dir          1	C:\Users\DannyGeminiAnti\.gemini\antigravity\brain\c38a65d5-9892-49ca-a791-fa8c25332d53\.system_generated\steps\964\
	    New File  		     728	output.txt
	                   1	C:\Users\DannyGeminiAnti\.gemini\antigravity\brain\c38a65d5-9892-49ca-a791-fa8c25332d53\.system_generated\steps\97\
	  New Dir          1	C:\Users\DannyGeminiAnti\.gemini\antigravity\brain\c38a65d5-9892-49ca-a791-fa8c25332d53\.system_generated\steps\970\
	    New File  		      58	output.txt
	  New Dir          1	C:\Users\DannyGeminiAnti\.gemini\antigravity\brain\c38a65d5-9892-49ca-a791-fa8c25332d53\.system_generated\steps\972\
	    New File  		      77	output.txt
	  New Dir          1	C:\Users\DannyGeminiAnti\.gemini\antigravity\brain\c38a65d5-9892-49ca-a791-fa8c25332d53\.system_generated\steps\974\
	    New File  		      91	output.txt
	  New Dir          1	C:\Users\DannyGeminiAnti\.gemini\antigravity\brain\c38a65d5-9892-49ca-a791-fa8c25332d53\.system_generated\steps\976\
	    New File  		     192	output.txt
	  New Dir          1	C:\Users\DannyGeminiAnti\.gemini\antigravity\brain\c38a65d5-9892-49ca-a791-fa8c25332d53\.system_generated\steps\978\
	    New File  		     198	output.txt
	  New Dir          1	C:\Users\DannyGeminiAnti\.gemini\antigravity\brain\c38a65d5-9892-49ca-a791-fa8c25332d53\.system_generated\steps\980\
	    New File  		     245	output.txt
	  New Dir          1	C:\Users\DannyGeminiAnti\.gemini\antigravity\brain\c38a65d5-9892-49ca-a791-fa8c25332d53\.system_generated\steps\982\
	    New File  		     250	output.txt
	  New Dir          1	C:\Users\DannyGeminiAnti\.gemini\antigravity\brain\c38a65d5-9892-49ca-a791-fa8c25332d53\.system_generated\steps\984\
	    New File  		     120	output.txt
	  New Dir          1	C:\Users\DannyGeminiAnti\.gemini\antigravity\brain\c38a65d5-9892-49ca-a791-fa8c25332d53\.system_generated\steps\986\
	    New File  		     427	output.txt
	  New Dir          1	C:\Users\DannyGeminiAnti\.gemini\antigravity\brain\c38a65d5-9892-49ca-a791-fa8c25332d53\.system_generated\steps\988\
	    New File  		      51	output.txt
	                   1	C:\Users\DannyGeminiAnti\.gemini\antigravity\brain\c38a65d5-9892-49ca-a791-fa8c25332d53\.system_generated\steps\99\
	  New Dir          1	C:\Users\DannyGeminiAnti\.gemini\antigravity\brain\c38a65d5-9892-49ca-a791-fa8c25332d53\.system_generated\steps\992\
	    New File  		   10078	output.txt
	  New Dir          1	C:\Users\DannyGeminiAnti\.gemini\antigravity\brain\c38a65d5-9892-49ca-a791-fa8c25332d53\.system_generated\steps\994\
	    New File  		      51	output.txt
	  New Dir          1	C:\Users\DannyGeminiAnti\.gemini\antigravity\brain\c38a65d5-9892-49ca-a791-fa8c25332d53\.system_generated\steps\996\
	    New File  		    1102	output.txt
	  New Dir          1	C:\Users\DannyGeminiAnti\.gemini\antigravity\brain\c38a65d5-9892-49ca-a791-fa8c25332d53\.system_generated\steps\998\
	    New File  		     629	output.txt
	                  15	C:\Users\DannyGeminiAnti\.gemini\antigravity\brain\c38a65d5-9892-49ca-a791-fa8c25332d53\.tempmediaStorage\
	                  19	C:\Users\DannyGeminiAnti\.gemini\antigravity\brain\c38a65d5-9892-49ca-a791-fa8c25332d53\.user_uploaded\
	    New File  		   35403	media_1790379491443.png
	    New File  		  301895	media_1790381450808.png
	    New File  		  324253	media_1790382857497.png
	    New File  		  425396	media_1790384107592.png
	    New File  		   55742	media_1790384229628.png
	    New File  		  380448	media_1790385002958.png
	    New File  		  207631	media_1790385516312.png
	    New File  		  178280	media_1790386581898.jpg
	    New File  		  137254	media_1790386629320.png
	    New File  		  206263	media_1790819601676.png
	                   2	C:\Users\DannyGeminiAnti\.gemini\antigravity\brain\c9af90e6-7f3b-4d4e-ade4-61eb30ce6b26\
	                   0	C:\Users\DannyGeminiAnti\.gemini\antigravity\brain\c9af90e6-7f3b-4d4e-ade4-61eb30ce6b26\.system_generated\
	                   2	C:\Users\DannyGeminiAnti\.gemini\antigravity\brain\c9af90e6-7f3b-4d4e-ade4-61eb30ce6b26\.system_generated\logs\
	                   0	C:\Users\DannyGeminiAnti\.gemini\antigravity\brain\c9af90e6-7f3b-4d4e-ade4-61eb30ce6b26\.system_generated\logs\chunks\
	                   4	C:\Users\DannyGeminiAnti\.gemini\antigravity\brain\c9af90e6-7f3b-4d4e-ade4-61eb30ce6b26\.system_generated\logs\chunks\transcript\
	                   5	C:\Users\DannyGeminiAnti\.gemini\antigravity\brain\c9af90e6-7f3b-4d4e-ade4-61eb30ce6b26\.system_generated\logs\chunks\transcript_full\
	                  33	C:\Users\DannyGeminiAnti\.gemini\antigravity\brain\c9af90e6-7f3b-4d4e-ade4-61eb30ce6b26\.system_generated\messages\
	                   0	C:\Users\DannyGeminiAnti\.gemini\antigravity\brain\c9af90e6-7f3b-4d4e-ade4-61eb30ce6b26\.system_generated\messages\undelivered\
	                   0	C:\Users\DannyGeminiAnti\.gemini\antigravity\brain\c9af90e6-7f3b-4d4e-ade4-61eb30ce6b26\.system_generated\steps\
	                   1	C:\Users\DannyGeminiAnti\.gemini\antigravity\brain\c9af90e6-7f3b-4d4e-ade4-61eb30ce6b26\.system_generated\steps\10\
	                   1	C:\Users\DannyGeminiAnti\.gemini\antigravity\brain\c9af90e6-7f3b-4d4e-ade4-61eb30ce6b26\.system_generated\steps\100\
	                   1	C:\Users\DannyGeminiAnti\.gemini\antigravity\brain\c9af90e6-7f3b-4d4e-ade4-61eb30ce6b26\.system_generated\steps\104\
	                   1	C:\Users\DannyGeminiAnti\.gemini\antigravity\brain\c9af90e6-7f3b-4d4e-ade4-61eb30ce6b26\.system_generated\steps\108\
	                   1	C:\Users\DannyGeminiAnti\.gemini\antigravity\brain\c9af90e6-7f3b-4d4e-ade4-61eb30ce6b26\.system_generated\steps\110\
	                   1	C:\Users\DannyGeminiAnti\.gemini\antigravity\brain\c9af90e6-7f3b-4d4e-ade4-61eb30ce6b26\.system_generated\steps\112\
	                   1	C:\Users\DannyGeminiAnti\.gemini\antigravity\brain\c9af90e6-7f3b-4d4e-ade4-61eb30ce6b26\.system_generated\steps\114\
	                   1	C:\Users\DannyGeminiAnti\.gemini\antigravity\brain\c9af90e6-7f3b-4d4e-ade4-61eb30ce6b26\.system_generated\steps\119\
	                   1	C:\Users\DannyGeminiAnti\.gemini\antigravity\brain\c9af90e6-7f3b-4d4e-ade4-61eb30ce6b26\.system_generated\steps\123\
	                   1	C:\Users\DannyGeminiAnti\.gemini\antigravity\brain\c9af90e6-7f3b-4d4e-ade4-61eb30ce6b26\.system_generated\steps\125\
	                   1	C:\Users\DannyGeminiAnti\.gemini\antigravity\brain\c9af90e6-7f3b-4d4e-ade4-61eb30ce6b26\.system_generated\steps\129\
	                   1	C:\Users\DannyGeminiAnti\.gemini\antigravity\brain\c9af90e6-7f3b-4d4e-ade4-61eb30ce6b26\.system_generated\steps\133\
	                   1	C:\Users\DannyGeminiAnti\.gemini\antigravity\brain\c9af90e6-7f3b-4d4e-ade4-61eb30ce6b26\.system_generated\steps\135\
	                   1	C:\Users\DannyGeminiAnti\.gemini\antigravity\brain\c9af90e6-7f3b-4d4e-ade4-61eb30ce6b26\.system_generated\steps\137\
	                   1	C:\Users\DannyGeminiAnti\.gemini\antigravity\brain\c9af90e6-7f3b-4d4e-ade4-61eb30ce6b26\.system_generated\steps\139\
	                   1	C:\Users\DannyGeminiAnti\.gemini\antigravity\brain\c9af90e6-7f3b-4d4e-ade4-61eb30ce6b26\.system_generated\steps\14\
	                   1	C:\Users\DannyGeminiAnti\.gemini\antigravity\brain\c9af90e6-7f3b-4d4e-ade4-61eb30ce6b26\.system_generated\steps\141\
	                   1	C:\Users\DannyGeminiAnti\.gemini\antigravity\brain\c9af90e6-7f3b-4d4e-ade4-61eb30ce6b26\.system_generated\steps\143\
	                   1	C:\Users\DannyGeminiAnti\.gemini\antigravity\brain\c9af90e6-7f3b-4d4e-ade4-61eb30ce6b26\.system_generated\steps\147\
	                   1	C:\Users\DannyGeminiAnti\.gemini\antigravity\brain\c9af90e6-7f3b-4d4e-ade4-61eb30ce6b26\.system_generated\steps\155\
	                   1	C:\Users\DannyGeminiAnti\.gemini\antigravity\brain\c9af90e6-7f3b-4d4e-ade4-61eb30ce6b26\.system_generated\steps\157\
	                   1	C:\Users\DannyGeminiAnti\.gemini\antigravity\brain\c9af90e6-7f3b-4d4e-ade4-61eb30ce6b26\.system_generated\steps\159\
	                   1	C:\Users\DannyGeminiAnti\.gemini\antigravity\brain\c9af90e6-7f3b-4d4e-ade4-61eb30ce6b26\.system_generated\steps\16\
	                   1	C:\Users\DannyGeminiAnti\.gemini\antigravity\brain\c9af90e6-7f3b-4d4e-ade4-61eb30ce6b26\.system_generated\steps\163\
	                   1	C:\Users\DannyGeminiAnti\.gemini\antigravity\brain\c9af90e6-7f3b-4d4e-ade4-61eb30ce6b26\.system_generated\steps\165\
	                   1	C:\Users\DannyGeminiAnti\.gemini\antigravity\brain\c9af90e6-7f3b-4d4e-ade4-61eb30ce6b26\.system_generated\steps\167\
	                   1	C:\Users\DannyGeminiAnti\.gemini\antigravity\brain\c9af90e6-7f3b-4d4e-ade4-61eb30ce6b26\.system_generated\steps\171\
	                   1	C:\Users\DannyGeminiAnti\.gemini\antigravity\brain\c9af90e6-7f3b-4d4e-ade4-61eb30ce6b26\.system_generated\steps\175\
	                   1	C:\Users\DannyGeminiAnti\.gemini\antigravity\brain\c9af90e6-7f3b-4d4e-ade4-61eb30ce6b26\.system_generated\steps\177\
	                   1	C:\Users\DannyGeminiAnti\.gemini\antigravity\brain\c9af90e6-7f3b-4d4e-ade4-61eb30ce6b26\.system_generated\steps\18\
	                   1	C:\Users\DannyGeminiAnti\.gemini\antigravity\brain\c9af90e6-7f3b-4d4e-ade4-61eb30ce6b26\.system_generated\steps\181\
	                   1	C:\Users\DannyGeminiAnti\.gemini\antigravity\brain\c9af90e6-7f3b-4d4e-ade4-61eb30ce6b26\.system_generated\steps\188\
	                   1	C:\Users\DannyGeminiAnti\.gemini\antigravity\brain\c9af90e6-7f3b-4d4e-ade4-61eb30ce6b26\.system_generated\steps\190\
	                   1	C:\Users\DannyGeminiAnti\.gemini\antigravity\brain\c9af90e6-7f3b-4d4e-ade4-61eb30ce6b26\.system_generated\steps\194\
	                   1	C:\Users\DannyGeminiAnti\.gemini\antigravity\brain\c9af90e6-7f3b-4d4e-ade4-61eb30ce6b26\.system_generated\steps\2\
	                   1	C:\Users\DannyGeminiAnti\.gemini\antigravity\brain\c9af90e6-7f3b-4d4e-ade4-61eb30ce6b26\.system_generated\steps\20\
	                   1	C:\Users\DannyGeminiAnti\.gemini\antigravity\brain\c9af90e6-7f3b-4d4e-ade4-61eb30ce6b26\.system_generated\steps\202\
	                   1	C:\Users\DannyGeminiAnti\.gemini\antigravity\brain\c9af90e6-7f3b-4d4e-ade4-61eb30ce6b26\.system_generated\steps\204\
	                   1	C:\Users\DannyGeminiAnti\.gemini\antigravity\brain\c9af90e6-7f3b-4d4e-ade4-61eb30ce6b26\.system_generated\steps\208\
	                   1	C:\Users\DannyGeminiAnti\.gemini\antigravity\brain\c9af90e6-7f3b-4d4e-ade4-61eb30ce6b26\.system_generated\steps\218\
	                   1	C:\Users\DannyGeminiAnti\.gemini\antigravity\brain\c9af90e6-7f3b-4d4e-ade4-61eb30ce6b26\.system_generated\steps\22\
	                   1	C:\Users\DannyGeminiAnti\.gemini\antigravity\brain\c9af90e6-7f3b-4d4e-ade4-61eb30ce6b26\.system_generated\steps\220\
	                   1	C:\Users\DannyGeminiAnti\.gemini\antigravity\brain\c9af90e6-7f3b-4d4e-ade4-61eb30ce6b26\.system_generated\steps\222\
	                   1	C:\Users\DannyGeminiAnti\.gemini\antigravity\brain\c9af90e6-7f3b-4d4e-ade4-61eb30ce6b26\.system_generated\steps\226\
	                   1	C:\Users\DannyGeminiAnti\.gemini\antigravity\brain\c9af90e6-7f3b-4d4e-ade4-61eb30ce6b26\.system_generated\steps\230\
	                   1	C:\Users\DannyGeminiAnti\.gemini\antigravity\brain\c9af90e6-7f3b-4d4e-ade4-61eb30ce6b26\.system_generated\steps\234\
	                   1	C:\Users\DannyGeminiAnti\.gemini\antigravity\brain\c9af90e6-7f3b-4d4e-ade4-61eb30ce6b26\.system_generated\steps\236\
	                   1	C:\Users\DannyGeminiAnti\.gemini\antigravity\brain\c9af90e6-7f3b-4d4e-ade4-61eb30ce6b26\.system_generated\steps\24\
	                   1	C:\Users\DannyGeminiAnti\.gemini\antigravity\brain\c9af90e6-7f3b-4d4e-ade4-61eb30ce6b26\.system_generated\steps\244\
	                   1	C:\Users\DannyGeminiAnti\.gemini\antigravity\brain\c9af90e6-7f3b-4d4e-ade4-61eb30ce6b26\.system_generated\steps\246\
	                   1	C:\Users\DannyGeminiAnti\.gemini\antigravity\brain\c9af90e6-7f3b-4d4e-ade4-61eb30ce6b26\.system_generated\steps\248\
	                   1	C:\Users\DannyGeminiAnti\.gemini\antigravity\brain\c9af90e6-7f3b-4d4e-ade4-61eb30ce6b26\.system_generated\steps\250\
	                   1	C:\Users\DannyGeminiAnti\.gemini\antigravity\brain\c9af90e6-7f3b-4d4e-ade4-61eb30ce6b26\.system_generated\steps\254\
	                   1	C:\Users\DannyGeminiAnti\.gemini\antigravity\brain\c9af90e6-7f3b-4d4e-ade4-61eb30ce6b26\.system_generated\steps\258\
	                   1	C:\Users\DannyGeminiAnti\.gemini\antigravity\brain\c9af90e6-7f3b-4d4e-ade4-61eb30ce6b26\.system_generated\steps\26\
	                   1	C:\Users\DannyGeminiAnti\.gemini\antigravity\brain\c9af90e6-7f3b-4d4e-ade4-61eb30ce6b26\.system_generated\steps\265\
	                   1	C:\Users\DannyGeminiAnti\.gemini\antigravity\brain\c9af90e6-7f3b-4d4e-ade4-61eb30ce6b26\.system_generated\steps\267\
	                   1	C:\Users\DannyGeminiAnti\.gemini\antigravity\brain\c9af90e6-7f3b-4d4e-ade4-61eb30ce6b26\.system_generated\steps\269\
	                   1	C:\Users\DannyGeminiAnti\.gemini\antigravity\brain\c9af90e6-7f3b-4d4e-ade4-61eb30ce6b26\.system_generated\steps\271\
	                   1	C:\Users\DannyGeminiAnti\.gemini\antigravity\brain\c9af90e6-7f3b-4d4e-ade4-61eb30ce6b26\.system_generated\steps\273\
	                   1	C:\Users\DannyGeminiAnti\.gemini\antigravity\brain\c9af90e6-7f3b-4d4e-ade4-61eb30ce6b26\.system_generated\steps\275\
	                   1	C:\Users\DannyGeminiAnti\.gemini\antigravity\brain\c9af90e6-7f3b-4d4e-ade4-61eb30ce6b26\.system_generated\steps\277\
	                   1	C:\Users\DannyGeminiAnti\.gemini\antigravity\brain\c9af90e6-7f3b-4d4e-ade4-61eb30ce6b26\.system_generated\steps\28\
	                   1	C:\Users\DannyGeminiAnti\.gemini\antigravity\brain\c9af90e6-7f3b-4d4e-ade4-61eb30ce6b26\.system_generated\steps\281\
	                   1	C:\Users\DannyGeminiAnti\.gemini\antigravity\brain\c9af90e6-7f3b-4d4e-ade4-61eb30ce6b26\.system_generated\steps\283\
	                   1	C:\Users\DannyGeminiAnti\.gemini\antigravity\brain\c9af90e6-7f3b-4d4e-ade4-61eb30ce6b26\.system_generated\steps\287\
	                   1	C:\Users\DannyGeminiAnti\.gemini\antigravity\brain\c9af90e6-7f3b-4d4e-ade4-61eb30ce6b26\.system_generated\steps\291\
	                   1	C:\Users\DannyGeminiAnti\.gemini\antigravity\brain\c9af90e6-7f3b-4d4e-ade4-61eb30ce6b26\.system_generated\steps\297\
	                   1	C:\Users\DannyGeminiAnti\.gemini\antigravity\brain\c9af90e6-7f3b-4d4e-ade4-61eb30ce6b26\.system_generated\steps\299\
	                   1	C:\Users\DannyGeminiAnti\.gemini\antigravity\brain\c9af90e6-7f3b-4d4e-ade4-61eb30ce6b26\.system_generated\steps\30\
	                   1	C:\Users\DannyGeminiAnti\.gemini\antigravity\brain\c9af90e6-7f3b-4d4e-ade4-61eb30ce6b26\.system_generated\steps\303\
	                   1	C:\Users\DannyGeminiAnti\.gemini\antigravity\brain\c9af90e6-7f3b-4d4e-ade4-61eb30ce6b26\.system_generated\steps\305\
	                   1	C:\Users\DannyGeminiAnti\.gemini\antigravity\brain\c9af90e6-7f3b-4d4e-ade4-61eb30ce6b26\.system_generated\steps\309\
	                   1	C:\Users\DannyGeminiAnti\.gemini\antigravity\brain\c9af90e6-7f3b-4d4e-ade4-61eb30ce6b26\.system_generated\steps\315\
	                   1	C:\Users\DannyGeminiAnti\.gemini\antigravity\brain\c9af90e6-7f3b-4d4e-ade4-61eb30ce6b26\.system_generated\steps\32\
	                   1	C:\Users\DannyGeminiAnti\.gemini\antigravity\brain\c9af90e6-7f3b-4d4e-ade4-61eb30ce6b26\.system_generated\steps\34\
	                   1	C:\Users\DannyGeminiAnti\.gemini\antigravity\brain\c9af90e6-7f3b-4d4e-ade4-61eb30ce6b26\.system_generated\steps\36\
	                   1	C:\Users\DannyGeminiAnti\.gemini\antigravity\brain\c9af90e6-7f3b-4d4e-ade4-61eb30ce6b26\.system_generated\steps\43\
	                   1	C:\Users\DannyGeminiAnti\.gemini\antigravity\brain\c9af90e6-7f3b-4d4e-ade4-61eb30ce6b26\.system_generated\steps\45\
	                   1	C:\Users\DannyGeminiAnti\.gemini\antigravity\brain\c9af90e6-7f3b-4d4e-ade4-61eb30ce6b26\.system_generated\steps\49\
	                   1	C:\Users\DannyGeminiAnti\.gemini\antigravity\brain\c9af90e6-7f3b-4d4e-ade4-61eb30ce6b26\.system_generated\steps\51\
	                   1	C:\Users\DannyGeminiAnti\.gemini\antigravity\brain\c9af90e6-7f3b-4d4e-ade4-61eb30ce6b26\.system_generated\steps\53\
	                   1	C:\Users\DannyGeminiAnti\.gemini\antigravity\brain\c9af90e6-7f3b-4d4e-ade4-61eb30ce6b26\.system_generated\steps\55\
	                   1	C:\Users\DannyGeminiAnti\.gemini\antigravity\brain\c9af90e6-7f3b-4d4e-ade4-61eb30ce6b26\.system_generated\steps\59\
	                   1	C:\Users\DannyGeminiAnti\.gemini\antigravity\brain\c9af90e6-7f3b-4d4e-ade4-61eb30ce6b26\.system_generated\steps\63\
	                   1	C:\Users\DannyGeminiAnti\.gemini\antigravity\brain\c9af90e6-7f3b-4d4e-ade4-61eb30ce6b26\.system_generated\steps\69\
	                   1	C:\Users\DannyGeminiAnti\.gemini\antigravity\brain\c9af90e6-7f3b-4d4e-ade4-61eb30ce6b26\.system_generated\steps\71\
	                   1	C:\Users\DannyGeminiAnti\.gemini\antigravity\brain\c9af90e6-7f3b-4d4e-ade4-61eb30ce6b26\.system_generated\steps\73\
	                   1	C:\Users\DannyGeminiAnti\.gemini\antigravity\brain\c9af90e6-7f3b-4d4e-ade4-61eb30ce6b26\.system_generated\steps\77\
	                   1	C:\Users\DannyGeminiAnti\.gemini\antigravity\brain\c9af90e6-7f3b-4d4e-ade4-61eb30ce6b26\.system_generated\steps\79\
	                   1	C:\Users\DannyGeminiAnti\.gemini\antigravity\brain\c9af90e6-7f3b-4d4e-ade4-61eb30ce6b26\.system_generated\steps\8\
	                   1	C:\Users\DannyGeminiAnti\.gemini\antigravity\brain\c9af90e6-7f3b-4d4e-ade4-61eb30ce6b26\.system_generated\steps\81\
	                   1	C:\Users\DannyGeminiAnti\.gemini\antigravity\brain\c9af90e6-7f3b-4d4e-ade4-61eb30ce6b26\.system_generated\steps\83\
	                   1	C:\Users\DannyGeminiAnti\.gemini\antigravity\brain\c9af90e6-7f3b-4d4e-ade4-61eb30ce6b26\.system_generated\steps\85\
	                   1	C:\Users\DannyGeminiAnti\.gemini\antigravity\brain\c9af90e6-7f3b-4d4e-ade4-61eb30ce6b26\.system_generated\steps\88\
	                   1	C:\Users\DannyGeminiAnti\.gemini\antigravity\brain\c9af90e6-7f3b-4d4e-ade4-61eb30ce6b26\.system_generated\steps\92\
	                   6	C:\Users\DannyGeminiAnti\.gemini\antigravity\brain\c9af90e6-7f3b-4d4e-ade4-61eb30ce6b26\.user_uploaded\
	                   4	C:\Users\DannyGeminiAnti\.gemini\antigravity\brain\dbc863f5-3420-43f7-8599-9356b258e609\
	                   0	C:\Users\DannyGeminiAnti\.gemini\antigravity\brain\dbc863f5-3420-43f7-8599-9356b258e609\.system_generated\
	                   2	C:\Users\DannyGeminiAnti\.gemini\antigravity\brain\dbc863f5-3420-43f7-8599-9356b258e609\.system_generated\logs\
	                   0	C:\Users\DannyGeminiAnti\.gemini\antigravity\brain\dbc863f5-3420-43f7-8599-9356b258e609\.system_generated\logs\chunks\
	                   7	C:\Users\DannyGeminiAnti\.gemini\antigravity\brain\dbc863f5-3420-43f7-8599-9356b258e609\.system_generated\logs\chunks\transcript\
	                   9	C:\Users\DannyGeminiAnti\.gemini\antigravity\brain\dbc863f5-3420-43f7-8599-9356b258e609\.system_generated\logs\chunks\transcript_full\
	                  13	C:\Users\DannyGeminiAnti\.gemini\antigravity\brain\dbc863f5-3420-43f7-8599-9356b258e609\.system_generated\messages\
	                   0	C:\Users\DannyGeminiAnti\.gemini\antigravity\brain\dbc863f5-3420-43f7-8599-9356b258e609\.system_generated\messages\undelivered\
	                   0	C:\Users\DannyGeminiAnti\.gemini\antigravity\brain\dbc863f5-3420-43f7-8599-9356b258e609\.system_generated\steps\
	                   1	C:\Users\DannyGeminiAnti\.gemini\antigravity\brain\dbc863f5-3420-43f7-8599-9356b258e609\.system_generated\steps\104\
	                   1	C:\Users\DannyGeminiAnti\.gemini\antigravity\brain\dbc863f5-3420-43f7-8599-9356b258e609\.system_generated\steps\106\
	                   1	C:\Users\DannyGeminiAnti\.gemini\antigravity\brain\dbc863f5-3420-43f7-8599-9356b258e609\.system_generated\steps\108\
	                   1	C:\Users\DannyGeminiAnti\.gemini\antigravity\brain\dbc863f5-3420-43f7-8599-9356b258e609\.system_generated\steps\110\
	                   1	C:\Users\DannyGeminiAnti\.gemini\antigravity\brain\dbc863f5-3420-43f7-8599-9356b258e609\.system_generated\steps\114\
	                   1	C:\Users\DannyGeminiAnti\.gemini\antigravity\brain\dbc863f5-3420-43f7-8599-9356b258e609\.system_generated\steps\116\
	                   1	C:\Users\DannyGeminiAnti\.gemini\antigravity\brain\dbc863f5-3420-43f7-8599-9356b258e609\.system_generated\steps\118\
	                   1	C:\Users\DannyGeminiAnti\.gemini\antigravity\brain\dbc863f5-3420-43f7-8599-9356b258e609\.system_generated\steps\122\
	                   1	C:\Users\DannyGeminiAnti\.gemini\antigravity\brain\dbc863f5-3420-43f7-8599-9356b258e609\.system_generated\steps\124\
	                   1	C:\Users\DannyGeminiAnti\.gemini\antigravity\brain\dbc863f5-3420-43f7-8599-9356b258e609\.system_generated\steps\128\
	                   1	C:\Users\DannyGeminiAnti\.gemini\antigravity\brain\dbc863f5-3420-43f7-8599-9356b258e609\.system_generated\steps\132\
	                   1	C:\Users\DannyGeminiAnti\.gemini\antigravity\brain\dbc863f5-3420-43f7-8599-9356b258e609\.system_generated\steps\134\
	                   1	C:\Users\DannyGeminiAnti\.gemini\antigravity\brain\dbc863f5-3420-43f7-8599-9356b258e609\.system_generated\steps\136\
	                   1	C:\Users\DannyGeminiAnti\.gemini\antigravity\brain\dbc863f5-3420-43f7-8599-9356b258e609\.system_generated\steps\138\
	                   1	C:\Users\DannyGeminiAnti\.gemini\antigravity\brain\dbc863f5-3420-43f7-8599-9356b258e609\.system_generated\steps\142\
	                   1	C:\Users\DannyGeminiAnti\.gemini\antigravity\brain\dbc863f5-3420-43f7-8599-9356b258e609\.system_generated\steps\144\
	                   1	C:\Users\DannyGeminiAnti\.gemini\antigravity\brain\dbc863f5-3420-43f7-8599-9356b258e609\.system_generated\steps\150\
	                   1	C:\Users\DannyGeminiAnti\.gemini\antigravity\brain\dbc863f5-3420-43f7-8599-9356b258e609\.system_generated\steps\152\
	                   1	C:\Users\DannyGeminiAnti\.gemini\antigravity\brain\dbc863f5-3420-43f7-8599-9356b258e609\.system_generated\steps\160\
	                   1	C:\Users\DannyGeminiAnti\.gemini\antigravity\brain\dbc863f5-3420-43f7-8599-9356b258e609\.system_generated\steps\162\
	                   1	C:\Users\DannyGeminiAnti\.gemini\antigravity\brain\dbc863f5-3420-43f7-8599-9356b258e609\.system_generated\steps\170\
	                   1	C:\Users\DannyGeminiAnti\.gemini\antigravity\brain\dbc863f5-3420-43f7-8599-9356b258e609\.system_generated\steps\174\
	                   1	C:\Users\DannyGeminiAnti\.gemini\antigravity\brain\dbc863f5-3420-43f7-8599-9356b258e609\.system_generated\steps\176\
	                   1	C:\Users\DannyGeminiAnti\.gemini\antigravity\brain\dbc863f5-3420-43f7-8599-9356b258e609\.system_generated\steps\182\
	                   1	C:\Users\DannyGeminiAnti\.gemini\antigravity\brain\dbc863f5-3420-43f7-8599-9356b258e609\.system_generated\steps\184\
	                   1	C:\Users\DannyGeminiAnti\.gemini\antigravity\brain\dbc863f5-3420-43f7-8599-9356b258e609\.system_generated\steps\190\
	                   1	C:\Users\DannyGeminiAnti\.gemini\antigravity\brain\dbc863f5-3420-43f7-8599-9356b258e609\.system_generated\steps\192\
	                   1	C:\Users\DannyGeminiAnti\.gemini\antigravity\brain\dbc863f5-3420-43f7-8599-9356b258e609\.system_generated\steps\194\
	                   1	C:\Users\DannyGeminiAnti\.gemini\antigravity\brain\dbc863f5-3420-43f7-8599-9356b258e609\.system_generated\steps\196\
	                   1	C:\Users\DannyGeminiAnti\.gemini\antigravity\brain\dbc863f5-3420-43f7-8599-9356b258e609\.system_generated\steps\198\
	                   1	C:\Users\DannyGeminiAnti\.gemini\antigravity\brain\dbc863f5-3420-43f7-8599-9356b258e609\.system_generated\steps\200\
	                   1	C:\Users\DannyGeminiAnti\.gemini\antigravity\brain\dbc863f5-3420-43f7-8599-9356b258e609\.system_generated\steps\202\
	                   1	C:\Users\DannyGeminiAnti\.gemini\antigravity\brain\dbc863f5-3420-43f7-8599-9356b258e609\.system_generated\steps\204\
	                   1	C:\Users\DannyGeminiAnti\.gemini\antigravity\brain\dbc863f5-3420-43f7-8599-9356b258e609\.system_generated\steps\206\
	                   1	C:\Users\DannyGeminiAnti\.gemini\antigravity\brain\dbc863f5-3420-43f7-8599-9356b258e609\.system_generated\steps\208\
	                   1	C:\Users\DannyGeminiAnti\.gemini\antigravity\brain\dbc863f5-3420-43f7-8599-9356b258e609\.system_generated\steps\210\
	                   1	C:\Users\DannyGeminiAnti\.gemini\antigravity\brain\dbc863f5-3420-43f7-8599-9356b258e609\.system_generated\steps\212\
	                   1	C:\Users\DannyGeminiAnti\.gemini\antigravity\brain\dbc863f5-3420-43f7-8599-9356b258e609\.system_generated\steps\215\
	                   1	C:\Users\DannyGeminiAnti\.gemini\antigravity\brain\dbc863f5-3420-43f7-8599-9356b258e609\.system_generated\steps\217\
	                   1	C:\Users\DannyGeminiAnti\.gemini\antigravity\brain\dbc863f5-3420-43f7-8599-9356b258e609\.system_generated\steps\219\
	                   1	C:\Users\DannyGeminiAnti\.gemini\antigravity\brain\dbc863f5-3420-43f7-8599-9356b258e609\.system_generated\steps\225\
	                   1	C:\Users\DannyGeminiAnti\.gemini\antigravity\brain\dbc863f5-3420-43f7-8599-9356b258e609\.system_generated\steps\227\
	                   1	C:\Users\DannyGeminiAnti\.gemini\antigravity\brain\dbc863f5-3420-43f7-8599-9356b258e609\.system_generated\steps\229\
	                   1	C:\Users\DannyGeminiAnti\.gemini\antigravity\brain\dbc863f5-3420-43f7-8599-9356b258e609\.system_generated\steps\23\
	                   1	C:\Users\DannyGeminiAnti\.gemini\antigravity\brain\dbc863f5-3420-43f7-8599-9356b258e609\.system_generated\steps\235\
	                   1	C:\Users\DannyGeminiAnti\.gemini\antigravity\brain\dbc863f5-3420-43f7-8599-9356b258e609\.system_generated\steps\237\
	                   1	C:\Users\DannyGeminiAnti\.gemini\antigravity\brain\dbc863f5-3420-43f7-8599-9356b258e609\.system_generated\steps\239\
	                   1	C:\Users\DannyGeminiAnti\.gemini\antigravity\brain\dbc863f5-3420-43f7-8599-9356b258e609\.system_generated\steps\243\
	                   1	C:\Users\DannyGeminiAnti\.gemini\antigravity\brain\dbc863f5-3420-43f7-8599-9356b258e609\.system_generated\steps\245\
	                   1	C:\Users\DannyGeminiAnti\.gemini\antigravity\brain\dbc863f5-3420-43f7-8599-9356b258e609\.system_generated\steps\247\
	                   1	C:\Users\DannyGeminiAnti\.gemini\antigravity\brain\dbc863f5-3420-43f7-8599-9356b258e609\.system_generated\steps\251\
	                   1	C:\Users\DannyGeminiAnti\.gemini\antigravity\brain\dbc863f5-3420-43f7-8599-9356b258e609\.system_generated\steps\253\
	                   1	C:\Users\DannyGeminiAnti\.gemini\antigravity\brain\dbc863f5-3420-43f7-8599-9356b258e609\.system_generated\steps\262\
	                   1	C:\Users\DannyGeminiAnti\.gemini\antigravity\brain\dbc863f5-3420-43f7-8599-9356b258e609\.system_generated\steps\264\
	                   1	C:\Users\DannyGeminiAnti\.gemini\antigravity\brain\dbc863f5-3420-43f7-8599-9356b258e609\.system_generated\steps\266\
	                   1	C:\Users\DannyGeminiAnti\.gemini\antigravity\brain\dbc863f5-3420-43f7-8599-9356b258e609\.system_generated\steps\268\
	                   1	C:\Users\DannyGeminiAnti\.gemini\antigravity\brain\dbc863f5-3420-43f7-8599-9356b258e609\.system_generated\steps\270\
	                   1	C:\Users\DannyGeminiAnti\.gemini\antigravity\brain\dbc863f5-3420-43f7-8599-9356b258e609\.system_generated\steps\272\
	                   1	C:\Users\DannyGeminiAnti\.gemini\antigravity\brain\dbc863f5-3420-43f7-8599-9356b258e609\.system_generated\steps\274\
	                   1	C:\Users\DannyGeminiAnti\.gemini\antigravity\brain\dbc863f5-3420-43f7-8599-9356b258e609\.system_generated\steps\276\
	                   1	C:\Users\DannyGeminiAnti\.gemini\antigravity\brain\dbc863f5-3420-43f7-8599-9356b258e609\.system_generated\steps\278\
	                   1	C:\Users\DannyGeminiAnti\.gemini\antigravity\brain\dbc863f5-3420-43f7-8599-9356b258e609\.system_generated\steps\280\
	                   1	C:\Users\DannyGeminiAnti\.gemini\antigravity\brain\dbc863f5-3420-43f7-8599-9356b258e609\.system_generated\steps\282\
	                   1	C:\Users\DannyGeminiAnti\.gemini\antigravity\brain\dbc863f5-3420-43f7-8599-9356b258e609\.system_generated\steps\286\
	                   1	C:\Users\DannyGeminiAnti\.gemini\antigravity\brain\dbc863f5-3420-43f7-8599-9356b258e609\.system_generated\steps\29\
	                   1	C:\Users\DannyGeminiAnti\.gemini\antigravity\brain\dbc863f5-3420-43f7-8599-9356b258e609\.system_generated\steps\290\
	                   1	C:\Users\DannyGeminiAnti\.gemini\antigravity\brain\dbc863f5-3420-43f7-8599-9356b258e609\.system_generated\steps\294\
	                   1	C:\Users\DannyGeminiAnti\.gemini\antigravity\brain\dbc863f5-3420-43f7-8599-9356b258e609\.system_generated\steps\296\
	                   1	C:\Users\DannyGeminiAnti\.gemini\antigravity\brain\dbc863f5-3420-43f7-8599-9356b258e609\.system_generated\steps\300\
	                   1	C:\Users\DannyGeminiAnti\.gemini\antigravity\brain\dbc863f5-3420-43f7-8599-9356b258e609\.system_generated\steps\302\
	                   1	C:\Users\DannyGeminiAnti\.gemini\antigravity\brain\dbc863f5-3420-43f7-8599-9356b258e609\.system_generated\steps\304\
	                   1	C:\Users\DannyGeminiAnti\.gemini\antigravity\brain\dbc863f5-3420-43f7-8599-9356b258e609\.system_generated\steps\306\
	                   1	C:\Users\DannyGeminiAnti\.gemini\antigravity\brain\dbc863f5-3420-43f7-8599-9356b258e609\.system_generated\steps\308\
	                   1	C:\Users\DannyGeminiAnti\.gemini\antigravity\brain\dbc863f5-3420-43f7-8599-9356b258e609\.system_generated\steps\31\
	                   1	C:\Users\DannyGeminiAnti\.gemini\antigravity\brain\dbc863f5-3420-43f7-8599-9356b258e609\.system_generated\steps\310\
	                   1	C:\Users\DannyGeminiAnti\.gemini\antigravity\brain\dbc863f5-3420-43f7-8599-9356b258e609\.system_generated\steps\312\
	                   1	C:\Users\DannyGeminiAnti\.gemini\antigravity\brain\dbc863f5-3420-43f7-8599-9356b258e609\.system_generated\steps\314\
	                   1	C:\Users\DannyGeminiAnti\.gemini\antigravity\brain\dbc863f5-3420-43f7-8599-9356b258e609\.system_generated\steps\316\
	                   1	C:\Users\DannyGeminiAnti\.gemini\antigravity\brain\dbc863f5-3420-43f7-8599-9356b258e609\.system_generated\steps\318\
	                   1	C:\Users\DannyGeminiAnti\.gemini\antigravity\brain\dbc863f5-3420-43f7-8599-9356b258e609\.system_generated\steps\320\
	                   1	C:\Users\DannyGeminiAnti\.gemini\antigravity\brain\dbc863f5-3420-43f7-8599-9356b258e609\.system_generated\steps\322\
	                   1	C:\Users\DannyGeminiAnti\.gemini\antigravity\brain\dbc863f5-3420-43f7-8599-9356b258e609\.system_generated\steps\324\
	                   1	C:\Users\DannyGeminiAnti\.gemini\antigravity\brain\dbc863f5-3420-43f7-8599-9356b258e609\.system_generated\steps\326\
	                   1	C:\Users\DannyGeminiAnti\.gemini\antigravity\brain\dbc863f5-3420-43f7-8599-9356b258e609\.system_generated\steps\328\
	                   1	C:\Users\DannyGeminiAnti\.gemini\antigravity\brain\dbc863f5-3420-43f7-8599-9356b258e609\.system_generated\steps\330\
	                   1	C:\Users\DannyGeminiAnti\.gemini\antigravity\brain\dbc863f5-3420-43f7-8599-9356b258e609\.system_generated\steps\332\
	                   1	C:\Users\DannyGeminiAnti\.gemini\antigravity\brain\dbc863f5-3420-43f7-8599-9356b258e609\.system_generated\steps\334\
	                   1	C:\Users\DannyGeminiAnti\.gemini\antigravity\brain\dbc863f5-3420-43f7-8599-9356b258e609\.system_generated\steps\336\
	                   1	C:\Users\DannyGeminiAnti\.gemini\antigravity\brain\dbc863f5-3420-43f7-8599-9356b258e609\.system_generated\steps\338\
	                   1	C:\Users\DannyGeminiAnti\.gemini\antigravity\brain\dbc863f5-3420-43f7-8599-9356b258e609\.system_generated\steps\340\
	                   1	C:\Users\DannyGeminiAnti\.gemini\antigravity\brain\dbc863f5-3420-43f7-8599-9356b258e609\.system_generated\steps\343\
	                   1	C:\Users\DannyGeminiAnti\.gemini\antigravity\brain\dbc863f5-3420-43f7-8599-9356b258e609\.system_generated\steps\345\
	                   1	C:\Users\DannyGeminiAnti\.gemini\antigravity\brain\dbc863f5-3420-43f7-8599-9356b258e609\.system_generated\steps\347\
	                   1	C:\Users\DannyGeminiAnti\.gemini\antigravity\brain\dbc863f5-3420-43f7-8599-9356b258e609\.system_generated\steps\351\
	                   1	C:\Users\DannyGeminiAnti\.gemini\antigravity\brain\dbc863f5-3420-43f7-8599-9356b258e609\.system_generated\steps\355\
	                   1	C:\Users\DannyGeminiAnti\.gemini\antigravity\brain\dbc863f5-3420-43f7-8599-9356b258e609\.system_generated\steps\359\
	                   1	C:\Users\DannyGeminiAnti\.gemini\antigravity\brain\dbc863f5-3420-43f7-8599-9356b258e609\.system_generated\steps\363\
	                   1	C:\Users\DannyGeminiAnti\.gemini\antigravity\brain\dbc863f5-3420-43f7-8599-9356b258e609\.system_generated\steps\365\
	                   1	C:\Users\DannyGeminiAnti\.gemini\antigravity\brain\dbc863f5-3420-43f7-8599-9356b258e609\.system_generated\steps\367\
	                   1	C:\Users\DannyGeminiAnti\.gemini\antigravity\brain\dbc863f5-3420-43f7-8599-9356b258e609\.system_generated\steps\37\
	                   1	C:\Users\DannyGeminiAnti\.gemini\antigravity\brain\dbc863f5-3420-43f7-8599-9356b258e609\.system_generated\steps\374\
	                   1	C:\Users\DannyGeminiAnti\.gemini\antigravity\brain\dbc863f5-3420-43f7-8599-9356b258e609\.system_generated\steps\376\
	                   1	C:\Users\DannyGeminiAnti\.gemini\antigravity\brain\dbc863f5-3420-43f7-8599-9356b258e609\.system_generated\steps\378\
	                   1	C:\Users\DannyGeminiAnti\.gemini\antigravity\brain\dbc863f5-3420-43f7-8599-9356b258e609\.system_generated\steps\380\
	                   1	C:\Users\DannyGeminiAnti\.gemini\antigravity\brain\dbc863f5-3420-43f7-8599-9356b258e609\.system_generated\steps\382\
	                   1	C:\Users\DannyGeminiAnti\.gemini\antigravity\brain\dbc863f5-3420-43f7-8599-9356b258e609\.system_generated\steps\385\
	                   1	C:\Users\DannyGeminiAnti\.gemini\antigravity\brain\dbc863f5-3420-43f7-8599-9356b258e609\.system_generated\steps\387\
	                   1	C:\Users\DannyGeminiAnti\.gemini\antigravity\brain\dbc863f5-3420-43f7-8599-9356b258e609\.system_generated\steps\389\
	                   1	C:\Users\DannyGeminiAnti\.gemini\antigravity\brain\dbc863f5-3420-43f7-8599-9356b258e609\.system_generated\steps\391\
	                   1	C:\Users\DannyGeminiAnti\.gemini\antigravity\brain\dbc863f5-3420-43f7-8599-9356b258e609\.system_generated\steps\393\
	                   1	C:\Users\DannyGeminiAnti\.gemini\antigravity\brain\dbc863f5-3420-43f7-8599-9356b258e609\.system_generated\steps\395\
	                   1	C:\Users\DannyGeminiAnti\.gemini\antigravity\brain\dbc863f5-3420-43f7-8599-9356b258e609\.system_generated\steps\397\
	                   1	C:\Users\DannyGeminiAnti\.gemini\antigravity\brain\dbc863f5-3420-43f7-8599-9356b258e609\.system_generated\steps\399\
	                   1	C:\Users\DannyGeminiAnti\.gemini\antigravity\brain\dbc863f5-3420-43f7-8599-9356b258e609\.system_generated\steps\401\
	                   1	C:\Users\DannyGeminiAnti\.gemini\antigravity\brain\dbc863f5-3420-43f7-8599-9356b258e609\.system_generated\steps\403\
	                   1	C:\Users\DannyGeminiAnti\.gemini\antigravity\brain\dbc863f5-3420-43f7-8599-9356b258e609\.system_generated\steps\405\
	                   1	C:\Users\DannyGeminiAnti\.gemini\antigravity\brain\dbc863f5-3420-43f7-8599-9356b258e609\.system_generated\steps\409\
	                   1	C:\Users\DannyGeminiAnti\.gemini\antigravity\brain\dbc863f5-3420-43f7-8599-9356b258e609\.system_generated\steps\411\
	                   1	C:\Users\DannyGeminiAnti\.gemini\antigravity\brain\dbc863f5-3420-43f7-8599-9356b258e609\.system_generated\steps\413\
	                   1	C:\Users\DannyGeminiAnti\.gemini\antigravity\brain\dbc863f5-3420-43f7-8599-9356b258e609\.system_generated\steps\417\
	                   1	C:\Users\DannyGeminiAnti\.gemini\antigravity\brain\dbc863f5-3420-43f7-8599-9356b258e609\.system_generated\steps\421\
	                   1	C:\Users\DannyGeminiAnti\.gemini\antigravity\brain\dbc863f5-3420-43f7-8599-9356b258e609\.system_generated\steps\425\
	                   1	C:\Users\DannyGeminiAnti\.gemini\antigravity\brain\dbc863f5-3420-43f7-8599-9356b258e609\.system_generated\steps\431\
	                   1	C:\Users\DannyGeminiAnti\.gemini\antigravity\brain\dbc863f5-3420-43f7-8599-9356b258e609\.system_generated\steps\433\
	                   1	C:\Users\DannyGeminiAnti\.gemini\antigravity\brain\dbc863f5-3420-43f7-8599-9356b258e609\.system_generated\steps\435\
	                   1	C:\Users\DannyGeminiAnti\.gemini\antigravity\brain\dbc863f5-3420-43f7-8599-9356b258e609\.system_generated\steps\437\
	                   1	C:\Users\DannyGeminiAnti\.gemini\antigravity\brain\dbc863f5-3420-43f7-8599-9356b258e609\.system_generated\steps\441\
	                   1	C:\Users\DannyGeminiAnti\.gemini\antigravity\brain\dbc863f5-3420-43f7-8599-9356b258e609\.system_generated\steps\445\
	                   1	C:\Users\DannyGeminiAnti\.gemini\antigravity\brain\dbc863f5-3420-43f7-8599-9356b258e609\.system_generated\steps\447\
	                   1	C:\Users\DannyGeminiAnti\.gemini\antigravity\brain\dbc863f5-3420-43f7-8599-9356b258e609\.system_generated\steps\449\
	                   1	C:\Users\DannyGeminiAnti\.gemini\antigravity\brain\dbc863f5-3420-43f7-8599-9356b258e609\.system_generated\steps\451\
	                   1	C:\Users\DannyGeminiAnti\.gemini\antigravity\brain\dbc863f5-3420-43f7-8599-9356b258e609\.system_generated\steps\453\
	                   1	C:\Users\DannyGeminiAnti\.gemini\antigravity\brain\dbc863f5-3420-43f7-8599-9356b258e609\.system_generated\steps\455\
	                   1	C:\Users\DannyGeminiAnti\.gemini\antigravity\brain\dbc863f5-3420-43f7-8599-9356b258e609\.system_generated\steps\457\
	                   1	C:\Users\DannyGeminiAnti\.gemini\antigravity\brain\dbc863f5-3420-43f7-8599-9356b258e609\.system_generated\steps\459\
	                   1	C:\Users\DannyGeminiAnti\.gemini\antigravity\brain\dbc863f5-3420-43f7-8599-9356b258e609\.system_generated\steps\46\
	                   1	C:\Users\DannyGeminiAnti\.gemini\antigravity\brain\dbc863f5-3420-43f7-8599-9356b258e609\.system_generated\steps\461\
	                   1	C:\Users\DannyGeminiAnti\.gemini\antigravity\brain\dbc863f5-3420-43f7-8599-9356b258e609\.system_generated\steps\465\
	                   1	C:\Users\DannyGeminiAnti\.gemini\antigravity\brain\dbc863f5-3420-43f7-8599-9356b258e609\.system_generated\steps\471\
	                   1	C:\Users\DannyGeminiAnti\.gemini\antigravity\brain\dbc863f5-3420-43f7-8599-9356b258e609\.system_generated\steps\473\
	                   1	C:\Users\DannyGeminiAnti\.gemini\antigravity\brain\dbc863f5-3420-43f7-8599-9356b258e609\.system_generated\steps\475\
	                   1	C:\Users\DannyGeminiAnti\.gemini\antigravity\brain\dbc863f5-3420-43f7-8599-9356b258e609\.system_generated\steps\477\
	                   1	C:\Users\DannyGeminiAnti\.gemini\antigravity\brain\dbc863f5-3420-43f7-8599-9356b258e609\.system_generated\steps\479\
	                   1	C:\Users\DannyGeminiAnti\.gemini\antigravity\brain\dbc863f5-3420-43f7-8599-9356b258e609\.system_generated\steps\48\
	                   1	C:\Users\DannyGeminiAnti\.gemini\antigravity\brain\dbc863f5-3420-43f7-8599-9356b258e609\.system_generated\steps\481\
	                   1	C:\Users\DannyGeminiAnti\.gemini\antigravity\brain\dbc863f5-3420-43f7-8599-9356b258e609\.system_generated\steps\483\
	                   1	C:\Users\DannyGeminiAnti\.gemini\antigravity\brain\dbc863f5-3420-43f7-8599-9356b258e609\.system_generated\steps\5\
	                   1	C:\Users\DannyGeminiAnti\.gemini\antigravity\brain\dbc863f5-3420-43f7-8599-9356b258e609\.system_generated\steps\50\
	                   1	C:\Users\DannyGeminiAnti\.gemini\antigravity\brain\dbc863f5-3420-43f7-8599-9356b258e609\.system_generated\steps\52\
	                   1	C:\Users\DannyGeminiAnti\.gemini\antigravity\brain\dbc863f5-3420-43f7-8599-9356b258e609\.system_generated\steps\54\
	                   1	C:\Users\DannyGeminiAnti\.gemini\antigravity\brain\dbc863f5-3420-43f7-8599-9356b258e609\.system_generated\steps\56\
	                   1	C:\Users\DannyGeminiAnti\.gemini\antigravity\brain\dbc863f5-3420-43f7-8599-9356b258e609\.system_generated\steps\58\
	                   1	C:\Users\DannyGeminiAnti\.gemini\antigravity\brain\dbc863f5-3420-43f7-8599-9356b258e609\.system_generated\steps\60\
	                   1	C:\Users\DannyGeminiAnti\.gemini\antigravity\brain\dbc863f5-3420-43f7-8599-9356b258e609\.system_generated\steps\62\
	                   1	C:\Users\DannyGeminiAnti\.gemini\antigravity\brain\dbc863f5-3420-43f7-8599-9356b258e609\.system_generated\steps\69\
	                   1	C:\Users\DannyGeminiAnti\.gemini\antigravity\brain\dbc863f5-3420-43f7-8599-9356b258e609\.system_generated\steps\71\
	                   1	C:\Users\DannyGeminiAnti\.gemini\antigravity\brain\dbc863f5-3420-43f7-8599-9356b258e609\.system_generated\steps\75\
	                   1	C:\Users\DannyGeminiAnti\.gemini\antigravity\brain\dbc863f5-3420-43f7-8599-9356b258e609\.system_generated\steps\77\
	                   1	C:\Users\DannyGeminiAnti\.gemini\antigravity\brain\dbc863f5-3420-43f7-8599-9356b258e609\.system_generated\steps\82\
	                   1	C:\Users\DannyGeminiAnti\.gemini\antigravity\brain\dbc863f5-3420-43f7-8599-9356b258e609\.system_generated\steps\84\
	                   1	C:\Users\DannyGeminiAnti\.gemini\antigravity\brain\dbc863f5-3420-43f7-8599-9356b258e609\.system_generated\steps\86\
	                   1	C:\Users\DannyGeminiAnti\.gemini\antigravity\brain\dbc863f5-3420-43f7-8599-9356b258e609\.system_generated\steps\88\
	                   1	C:\Users\DannyGeminiAnti\.gemini\antigravity\brain\dbc863f5-3420-43f7-8599-9356b258e609\.system_generated\steps\94\
	                   1	C:\Users\DannyGeminiAnti\.gemini\antigravity\brain\dbc863f5-3420-43f7-8599-9356b258e609\.system_generated\steps\98\
	                  11	C:\Users\DannyGeminiAnti\.gemini\antigravity\brain\dbc863f5-3420-43f7-8599-9356b258e609\.user_uploaded\
	                   1	C:\Users\DannyGeminiAnti\.gemini\antigravity\brain\tempmediaStorage\
	                   2	C:\Users\DannyGeminiAnti\.gemini\antigravity\builtin\
	    Newer     		      72	.checksum
	    Newer     		       0	keep.txt
	                   0	C:\Users\DannyGeminiAnti\.gemini\antigravity\builtin\skills\
	                   1	C:\Users\DannyGeminiAnti\.gemini\antigravity\builtin\skills\agy-customizations\
	    Newer     		    5465	SKILL.md
	                   6	C:\Users\DannyGeminiAnti\.gemini\antigravity\builtin\skills\agy-customizations\docs\
	    Newer     		   10667	hooks.md
	    Newer     		    4512	json_configs.md
	    Newer     		    2966	mcp_servers.md
	    Newer     		    3692	plugins.md
	    Newer     		    1656	rules.md
	    Newer     		    2650	skills.md
	                   1	C:\Users\DannyGeminiAnti\.gemini\antigravity\builtin\skills\antigravity_guide\
	    Newer     		    3023	SKILL.md
	                   4	C:\Users\DannyGeminiAnti\.gemini\antigravity\builtin\skills\antigravity_guide\references\
	    Newer     		    3852	app.md
	    Newer     		    1686	cli.md
	    Newer     		    3399	ide.md
	    Newer     		    3130	sdk.md
	  New Dir          1	C:\Users\DannyGeminiAnti\.gemini\antigravity\builtin\skills\automation\
	    New File  		    9177	SKILL.md
	                   1	C:\Users\DannyGeminiAnti\.gemini\antigravity\builtin\skills\generative_ui\
	    Newer     		    5824	SKILL.md
	                   1	C:\Users\DannyGeminiAnti\.gemini\antigravity\builtin\skills\migrate-workflows\
	    Newer     		    6039	SKILL.md
	                   1	C:\Users\DannyGeminiAnti\.gemini\antigravity\builtin\skills\permissioned-github\
	    Newer     		    8293	SKILL.md
	  New Dir          1	C:\Users\DannyGeminiAnti\.gemini\antigravity\builtin\skills\plugin\
	    New File  		   14529	SKILL.md
	  New Dir          1	C:\Users\DannyGeminiAnti\.gemini\antigravity\builtin\skills\ui-extension\
	    New File  		   14582	SKILL.md
	  New Dir          0	C:\Users\DannyGeminiAnti\.gemini\antigravity\builtin\skills\ui-extension\references\
	  New Dir          1	C:\Users\DannyGeminiAnti\.gemini\antigravity\builtin\skills\ui-extension\references\template\
	    New File  		     198	plugin.json
	  New Dir          1	C:\Users\DannyGeminiAnti\.gemini\antigravity\builtin\skills\ui-extension\references\template\assets\
	    New File  		     521	logo.svg
	  New Dir          0	C:\Users\DannyGeminiAnti\.gemini\antigravity\builtin\skills\ui-extension\references\template\sidecars\
	  New Dir          6	C:\Users\DannyGeminiAnti\.gemini\antigravity\builtin\skills\ui-extension\references\template\sidecars\panel\
	    New File  		    4363	app.js
	    New File  		    2359	index.html
	    New File  		    3050	main.mjs
	    New File  		     162	package.json
	    New File  		     421	sidecar.json
	    New File  		    4440	styles.css
	  New Dir          1	C:\Users\DannyGeminiAnti\.gemini\antigravity\builtin\skills\ui-plugin-navigation\
	    New File  		    3580	SKILL.md
	  New Dir          0	C:\Users\DannyGeminiAnti\.gemini\antigravity\cache\
	  New Dir          0	C:\Users\DannyGeminiAnti\.gemini\antigravity\cache\marketplaces\
	  New Dir          2	C:\Users\DannyGeminiAnti\.gemini\antigravity\cache\marketplaces\antigravity-plugins-official\
	    New File  		   12472	marketplace.json
	    New File  		      48	meta.json
	                  14	C:\Users\DannyGeminiAnti\.gemini\antigravity\conversations\
	  *EXTRA File 		   32768	9540f47a-f97c-4f56-9d0d-91213f6c365a.db-shm
	  *EXTRA File 		       0	9540f47a-f97c-4f56-9d0d-91213f6c365a.db-wal
	  *EXTRA File 		   32768	a9e1a503-bcef-4103-9c94-ab351d543298.db-shm
	  *EXTRA File 		       0	a9e1a503-bcef-4103-9c94-ab351d543298.db-wal
	  *EXTRA File 		  41.0 m	a9ebbaf3-ec6c-437d-bc68-2ae83dcf88d2.db
	  *EXTRA File 		   32768	a9ebbaf3-ec6c-437d-bc68-2ae83dcf88d2.db-shm
	  *EXTRA File 		   4.1 m	a9ebbaf3-ec6c-437d-bc68-2ae83dcf88d2.db-wal
	  *EXTRA File 		  48.9 m	c207c3a9-5eaa-4479-ad9a-08348dc88089.db
	  *EXTRA File 		   32768	c207c3a9-5eaa-4479-ad9a-08348dc88089.db-shm
	  *EXTRA File 		   1.1 m	c207c3a9-5eaa-4479-ad9a-08348dc88089.db-wal
	  *EXTRA File 		   32768	c9af90e6-7f3b-4d4e-ade4-61eb30ce6b26.db-shm
	  *EXTRA File 		   3.9 m	c9af90e6-7f3b-4d4e-ade4-61eb30ce6b26.db-wal
	  *EXTRA File 		   32768	dbc863f5-3420-43f7-8599-9356b258e609.db-shm
	  *EXTRA File 		   3.9 m	dbc863f5-3420-43f7-8599-9356b258e609.db-wal
	    Newer     		  39.0 m	13d289c7-8aca-4523-9e85-52f4f3632356.db
	    New File  		  466944	753c20e3-1745-493c-bcd8-35aed02e031b.db
	    New File  		   32768	753c20e3-1745-493c-bcd8-35aed02e031b.db-shm
	    New File  		   4.0 m	753c20e3-1745-493c-bcd8-35aed02e031b.db-wal
	    Newer     		  14.8 m	9540f47a-f97c-4f56-9d0d-91213f6c365a.db
	    Newer     		   5.4 m	a1430475-85df-48ef-9c24-56a26de27150.db
	    Newer     		  31.9 m	c38a65d5-9892-49ca-a791-fa8c25332d53.db
	    Newer     		   6.2 m	dbc863f5-3420-43f7-8599-9356b258e609.db
	                   1	C:\Users\DannyGeminiAnti\.gemini\antigravity\crashes\
	  *EXTRA File 		       0	crash_10600_a300a321-825d-4894-8251-a61663eb916c.log
	  *EXTRA File 		       0	crash_11072_157eaeff-1ab8-4d5e-b358-4f852805ea5d.log
	  *EXTRA File 		       0	crash_11852_61f7adbd-c778-49ac-9780-8a80f0b4ef24.log
	  *EXTRA File 		       0	crash_11940_7e529517-80d3-428f-b97d-bb1f2498dbd6.log
	  *EXTRA File 		       0	crash_1248_87186eac-57ae-45e5-80d6-16fc31ec65e6.log
	  *EXTRA File 		       0	crash_12860_9592a6c6-1272-41ba-81db-baf10b971bdc.log
	  *EXTRA File 		       0	crash_14100_7d68b5c3-d1c3-4c24-84ce-202414f5f616.log
	  *EXTRA File 		       0	crash_15612_42532a11-6fe0-4a7c-a5a2-0eb520250340.log
	  *EXTRA File 		       0	crash_16076_ae4bb034-bdb5-4fae-98b4-b66b4b3c373f.log
	  *EXTRA File 		       0	crash_16256_13de324f-9072-4e99-9790-81c75282a325.log
	  *EXTRA File 		       0	crash_16288_d254e1d9-4238-47c0-b3b9-bcbd1966cab5.log
	  *EXTRA File 		       0	crash_16688_1245b651-c61f-418d-9f41-c398d05d2ca9.log
	  *EXTRA File 		       0	crash_16976_c54fd9b4-3806-4bd6-a9ce-172c1fdbef45.log
	  *EXTRA File 		       0	crash_18356_0f0d5a0a-33fb-4359-af26-f9eed77754d3.log
	  *EXTRA File 		       0	crash_1868_8774b942-84c9-46aa-8d53-68110c022228.log
	  *EXTRA File 		       0	crash_1884_41decd41-dc98-4d8f-ba15-b64b0ded09fd.log
	  *EXTRA File 		       0	crash_1920_1a8f119e-cfc6-4165-a04f-ecde529ef697.log
	  *EXTRA File 		       0	crash_19868_1a211991-1771-4ba7-93fc-6d5d65cc89b5.log
	  *EXTRA File 		       0	crash_2504_08264d30-bb75-45c6-ad22-ebfcbbdb46cc.log
	  *EXTRA File 		       0	crash_3000_bf7a823b-5f6d-4986-85e8-e68f92f4866e.log
	  *EXTRA File 		       0	crash_3056_50259697-5ebe-412f-8a0f-ee862b7b0085.log
	  *EXTRA File 		       0	crash_3644_38ee287c-9147-470a-ac6c-5bba7311da12.log
	  *EXTRA File 		       0	crash_3664_96aa7f2e-cb0a-4733-ade4-563bef6e5d8a.log
	  *EXTRA File 		       0	crash_4036_b1824419-c564-4d30-9c26-1ac04d5f24b2.log
	  *EXTRA File 		       0	crash_416_f034863b-7b5d-4203-9ad8-1ec1efa60779.log
	  *EXTRA File 		       0	crash_6944_b441c1e4-1fdd-4775-8361-b1280b265140.log
	  *EXTRA File 		       0	crash_7500_5bef0590-47c8-4bb8-b34c-4d32f9fa41d6.log
	  *EXTRA File 		       0	crash_7808_c79fe8fa-01a3-44d8-9986-34081aa51cc5.log
	  *EXTRA File 		       0	crash_8428_6fd43df8-9ce2-459b-b497-efe1b5daed3a.log
	  *EXTRA File 		       0	crash_8560_c105f9ae-9f4b-4b0b-9e7c-23c5ab228bd7.log
	  *EXTRA File 		       0	crash_872_c24add7f-377a-47ed-973b-d65a0d641df1.log
	  *EXTRA File 		       0	crash_9116_ba3849bd-9450-4159-ba26-4172ddfc5b8b.log
	    New File  		       0	crash_15656_ff103c3e-4643-46b8-b555-4c4e1b70e139.log
	                   1	C:\Users\DannyGeminiAnti\.gemini\antigravity\knowledge\
	                   0	C:\Users\DannyGeminiAnti\.gemini\antigravity\plugin_data\
	                   0	C:\Users\DannyGeminiAnti\.gemini\antigravity\plugin_data\firebase\
	                   0	C:\Users\DannyGeminiAnti\.gemini\antigravity\plugin_data\google-antigravity-sdk\

------------------------------------------------------------------------------

               Total    Copied   Skipped  Mismatch    FAILED    Extras
    Dirs :      4080      1364      2716         0         0         2
   Files :      5113      1561      3552         0         0        47
   Bytes :  290.74 m  156.03 m  134.71 m         0         0  103.36 m
   Times :   0:01:03   0:00:38                       0:00:00   0:00:25


   Speed :             4249972 Bytes/sec.
   Speed :             243.185 MegaBytes/min.
   Ended : October 3, 2026 11:39:10 PM

======================================================================= 
[2026-10-03 23:39:10] AUDIT SUCCESS: All syncs complete. G: Drive updated. 
======================================================================= 
